-- MySQL dump 10.13  Distrib 8.0.35, for Linux (x86_64)
--
-- Host: localhost    Database: lrhome
-- ------------------------------------------------------
-- Server version	8.0.35-0ubuntu0.22.04.1

/*!40101 SET @OLD_CHARACTER_SET_CLIENT=@@CHARACTER_SET_CLIENT */;
/*!40101 SET @OLD_CHARACTER_SET_RESULTS=@@CHARACTER_SET_RESULTS */;
/*!40101 SET @OLD_COLLATION_CONNECTION=@@COLLATION_CONNECTION */;
/*!50503 SET NAMES utf8mb4 */;
/*!40103 SET @OLD_TIME_ZONE=@@TIME_ZONE */;
/*!40103 SET TIME_ZONE='+00:00' */;
/*!40014 SET @OLD_UNIQUE_CHECKS=@@UNIQUE_CHECKS, UNIQUE_CHECKS=0 */;
/*!40014 SET @OLD_FOREIGN_KEY_CHECKS=@@FOREIGN_KEY_CHECKS, FOREIGN_KEY_CHECKS=0 */;
/*!40101 SET @OLD_SQL_MODE=@@SQL_MODE, SQL_MODE='NO_AUTO_VALUE_ON_ZERO' */;
/*!40111 SET @OLD_SQL_NOTES=@@SQL_NOTES, SQL_NOTES=0 */;

--
-- Table structure for table `api_content_management`
--

DROP TABLE IF EXISTS `api_content_management`;
/*!40101 SET @saved_cs_client     = @@character_set_client */;
/*!50503 SET character_set_client = utf8mb4 */;
CREATE TABLE `api_content_management` (
  `id` int NOT NULL AUTO_INCREMENT,
  `theme_id` int NOT NULL,
  `hash` varchar(100) NOT NULL,
  `endpoint` varchar(255) NOT NULL,
  `request` text NOT NULL,
  `response` longtext NOT NULL,
  `content` longtext CHARACTER SET utf8mb4 COLLATE utf8mb4_bin NOT NULL,
  `created_at` timestamp NULL DEFAULT NULL,
  `updated_at` timestamp NOT NULL DEFAULT '0000-00-00 00:00:00' ON UPDATE CURRENT_TIMESTAMP,
  `deleted_at` timestamp NULL DEFAULT NULL,
  PRIMARY KEY (`id`),
  UNIQUE KEY `hash` (`hash`)
) ENGINE=InnoDB AUTO_INCREMENT=9 DEFAULT CHARSET=utf8mb4 COLLATE=utf8mb4_0900_ai_ci;
/*!40101 SET character_set_client = @saved_cs_client */;

--
-- Dumping data for table `api_content_management`
--

LOCK TABLES `api_content_management` WRITE;
/*!40000 ALTER TABLE `api_content_management` DISABLE KEYS */;
INSERT INTO `api_content_management` VALUES (1,1,'061348a9b8ff63f4dbc42ec3d6a66296','Get_Collections','s:50:\"{\"MainCollectionID\":\"Rugs\",\"Filters\":\"\"}\";','s:63132:\"{\"Collections\":[{\"CollectionID\":\"Cheshire\",\"Description\":\"Cheshire\",\"ImageName\":\"images\\/Product\\/1651300901CHESHIRE-82129-GRAY-BEIGE-TOP.jpg\",\"NewArrivalExpiry\":\"False\",\"Clearence\":\"\",\"TopSeller\":\"False\",\"SpecialBuy\":\"\",\"DesignsList\":[{\"DesignID\":\"82121\",\"Description\":\"LR82121\",\"ImageName\":\"images\\/Product\\/1651300610CHESHIRE-82121-GRAY-BEIGE-TOP.jpg\"},{\"DesignID\":\"82122\",\"Description\":\"LR82122\",\"ImageName\":\"images\\/Product\\/1651300695CHESHIRE-82122-BLUE-BEIGE-TOP.jpg\"},{\"DesignID\":\"82127\",\"Description\":\"LR82127\",\"ImageName\":\"images\\/Product\\/1651300753CHESHIRE-82127-BEIGE-GRAY-TOP.jpg\"},{\"DesignID\":\"82128\",\"Description\":\"LR82128\",\"ImageName\":\"images\\/Product\\/1651300858CHESHIRE-82128-BLUE-GRAY-TOP.jpg\"},{\"DesignID\":\"82129\",\"Description\":\"LR82129\",\"ImageName\":\"images\\/Product\\/1651300901CHESHIRE-82129-GRAY-BEIGE-TOP.jpg\"}]},{\"CollectionID\":\"Bergen\",\"Description\":\"Bergen\",\"ImageName\":\"images\\/Product\\/165633406003438IVO.jpg\",\"NewArrivalExpiry\":\"False\",\"Clearence\":\"\",\"TopSeller\":\"False\",\"SpecialBuy\":\"\",\"DesignsList\":[{\"DesignID\":\"03435\",\"Description\":\"LR03435\",\"ImageName\":\"images\\/Product\\/165633323603435GYS.jpg\"},{\"DesignID\":\"03436\",\"Description\":\"LR03436\",\"ImageName\":\"images\\/Product\\/165633328103436GIV.jpg\"},{\"DesignID\":\"03437\",\"Description\":\"LR03437\",\"ImageName\":\"images\\/Product\\/165633331603437SYI.jpg\"},{\"DesignID\":\"03438\",\"Description\":\"LR03438\",\"ImageName\":\"images\\/Product\\/165633406003438IVO.jpg\"},{\"DesignID\":\"03439\",\"Description\":\"LR03439\",\"ImageName\":\"images\\/Product\\/165633353003439DIY.jpg\"},{\"DesignID\":\"03440\",\"Description\":\"LR03440\",\"ImageName\":\"images\\/Product\\/165633357403440BEI.jpg\"}]},{\"CollectionID\":\"Nimroz\",\"Description\":\"Nimroz\",\"ImageName\":\"images\\/Product\\/NULL\",\"NewArrivalExpiry\":\"True\",\"Clearence\":\"\",\"TopSeller\":\"False\",\"SpecialBuy\":\"\",\"DesignsList\":[{\"DesignID\":\"81980\",\"Description\":\"LR81980\",\"ImageName\":\"images\\/Product\\/1628681240NMROZ81980BMU7999_HiRes.jpg\"},{\"DesignID\":\"81981\",\"Description\":\"LR81981\",\"ImageName\":\"images\\/Product\\/1628681465NMROZ81981BMU7999_HiRes.jpg\"},{\"DesignID\":\"81982\",\"Description\":\"LR81982\",\"ImageName\":\"images\\/Product\\/1628681557NMROZ81982BEM7999_HiRes.jpg\"},{\"DesignID\":\"81983\",\"Description\":\"LR81983\",\"ImageName\":\"images\\/Product\\/1642749879NMROZ81983MLT2030_HiRes.jpg\"},{\"DesignID\":\"81984\",\"Description\":\"LR81984\",\"ImageName\":\"images\\/Product\\/1628681748NMROZ81984NML7999_HiRes.jpg\"},{\"DesignID\":\"81985\",\"Description\":\"LR81985\",\"ImageName\":\"images\\/Product\\/NULL\"}]},{\"CollectionID\":\"Rondane\",\"Description\":\"Rondane\",\"ImageName\":\"images\\/Product\\/165633424303425TUR.jpg\",\"NewArrivalExpiry\":\"False\",\"Clearence\":\"\",\"TopSeller\":\"False\",\"SpecialBuy\":\"\",\"DesignsList\":[{\"DesignID\":\"03421\",\"Description\":\"LR03421\",\"ImageName\":\"images\\/Product\\/165633409803421BGN.jpg\"},{\"DesignID\":\"03422\",\"Description\":\"LR03422\",\"ImageName\":\"images\\/Product\\/165633415803422BNT.jpg\"},{\"DesignID\":\"03423\",\"Description\":\"LR03423\",\"ImageName\":\"images\\/Product\\/165633419703423NAV.jpg\"},{\"DesignID\":\"03424\",\"Description\":\"LR03424\",\"ImageName\":\"images\\/Product\\/165633422003424BEI.jpg\"},{\"DesignID\":\"03425\",\"Description\":\"LR03425\",\"ImageName\":\"images\\/Product\\/165633424303425TUR.jpg\"}]},{\"CollectionID\":\"Abbey\",\"Description\":\"Abbey\",\"ImageName\":\"images\\/Product\\/1651257377ABBEY-82076-IVORY-RED-TOP.jpg\",\"NewArrivalExpiry\":\"False\",\"Clearence\":\"\",\"TopSeller\":\"False\",\"SpecialBuy\":\"\",\"DesignsList\":[{\"DesignID\":\"82071\",\"Description\":\"LR82071\",\"ImageName\":\"images\\/Product\\/1651255590ABBEY-82071-BLUE-IVORY-TOP.jpg\"},{\"DesignID\":\"82072\",\"Description\":\"LR82072\",\"ImageName\":\"images\\/Product\\/1651256315ABBEY-82072-IVORY-BLUE-TOP.jpg\"},{\"DesignID\":\"82073\",\"Description\":\"LR82073\",\"ImageName\":\"images\\/Product\\/1651256664ABBEY-82073-RED-IVORY-TOP.jpg\"},{\"DesignID\":\"82074\",\"Description\":\"LR82074\",\"ImageName\":\"images\\/Product\\/1651256752ABBEY-82074-IVORY-TOP.jpg\"},{\"DesignID\":\"82075\",\"Description\":\"LR82075\",\"ImageName\":\"images\\/Product\\/1651257218ABBEY-82075-IVORY-BLUE-TOP.jpg\"},{\"DesignID\":\"82076\",\"Description\":\"LR82076\",\"ImageName\":\"images\\/Product\\/1651257377ABBEY-82076-IVORY-RED-TOP.jpg\"}]},{\"CollectionID\":\"Antalya\",\"Description\":\"Antalya\",\"ImageName\":\"images\\/Product\\/1651260352ANTALYA-82058-BLUETEAL-TOP.jpg\",\"NewArrivalExpiry\":\"False\",\"Clearence\":\"\",\"TopSeller\":\"False\",\"SpecialBuy\":\"\",\"DesignsList\":[{\"DesignID\":\"82051\",\"Description\":\"LR82051\",\"ImageName\":\"images\\/Product\\/1651259952ANTALYA-82051-BROWN-BEIGE-TOP.jpg\"},{\"DesignID\":\"82052\",\"Description\":\"LR82052\",\"ImageName\":\"images\\/Product\\/1651260057ANTALYA-82052-BLUE-BEIGE-TOP.jpg\"},{\"DesignID\":\"82053\",\"Description\":\"LR82053\",\"ImageName\":\"images\\/Product\\/1651260112ANTALYA-82053-GRAY-NAVY-TOP.jpg\"},{\"DesignID\":\"82054\",\"Description\":\"LR82054\",\"ImageName\":\"images\\/Product\\/1651260158ANTALYA-82054-CREAM-BEIGE-TOP.psd-HALIDA-\\u00c4\\u00b0Z-VAR.jpg\"},{\"DesignID\":\"82055\",\"Description\":\"LR82055\",\"ImageName\":\"images\\/Product\\/1651260211ANTALYA-82055-NAVY-GRAY-TOP.jpg\"},{\"DesignID\":\"82056\",\"Description\":\"LR82056\",\"ImageName\":\"images\\/Product\\/1651260248ANTALYA-82056-BEIGE-CREAM-TOP.jpg\"},{\"DesignID\":\"82057\",\"Description\":\"LR82057\",\"ImageName\":\"images\\/Product\\/1651260299ANTALYA-82057-DARKGRAY-BEIGE-TOP.jpg\"},{\"DesignID\":\"82058\",\"Description\":\"LR82058\",\"ImageName\":\"images\\/Product\\/1651260352ANTALYA-82058-BLUETEAL-TOP.jpg\"}]},{\"CollectionID\":\"Veranda\",\"Description\":\"Veranda\",\"ImageName\":\"images\\/Product\\/1642575400VERND82109SGR5070_HiRes.jpg\",\"NewArrivalExpiry\":\"True\",\"Clearence\":\"\",\"TopSeller\":\"False\",\"SpecialBuy\":\"\",\"DesignsList\":[{\"DesignID\":\"82101\",\"Description\":\"LR82101\",\"ImageName\":\"images\\/Product\\/1642573220VERND82101BEB7999_HiRes.jpg\"},{\"DesignID\":\"82102\",\"Description\":\"LR82102\",\"ImageName\":\"images\\/Product\\/1642573533VERND82102NBL7999_HiRes.jpg\"},{\"DesignID\":\"82103\",\"Description\":\"LR82103\",\"ImageName\":\"images\\/Product\\/1642573729VERND82103AMT5070_HiRes.jpg\"},{\"DesignID\":\"82104\",\"Description\":\"LR82104\",\"ImageName\":\"images\\/Product\\/1642573934VERND82104BEM5070_HiRes.jpg\"},{\"DesignID\":\"82105\",\"Description\":\"LR82105\",\"ImageName\":\"images\\/Product\\/1642574295VERND82105BEM5070_HiRes.jpg\"},{\"DesignID\":\"82106\",\"Description\":\"LR82106\",\"ImageName\":\"images\\/Product\\/1642574474VERND82106NMT5070_HiRes.jpg\"},{\"DesignID\":\"82107\",\"Description\":\"LR82107\",\"ImageName\":\"images\\/Product\\/1642574667VERND82107SGR7999_HiRes.jpg\"},{\"DesignID\":\"82108\",\"Description\":\"LR82108\",\"ImageName\":\"images\\/Product\\/1642574855VERND82108NSL5070_HiRes.jpg\"},{\"DesignID\":\"82109\",\"Description\":\"LR82109\",\"ImageName\":\"images\\/Product\\/1642575400VERND82109SGR5070_HiRes.jpg\"}]},{\"CollectionID\":\"Copa Cabana\",\"Description\":\"Copa Cabana\",\"ImageName\":\"images\\/Product\\/1632388198COPAC81820ORG_Alt_HiResMain.jpg\",\"NewArrivalExpiry\":\"True\",\"Clearence\":\"\",\"TopSeller\":\"False\",\"SpecialBuy\":\"\",\"DesignsList\":[{\"DesignID\":\"81811\",\"Description\":\"LR81811\",\"ImageName\":\"images\\/Product\\/1632387809COPAC81811TML_Alt_HiResMain.jpg\"},{\"DesignID\":\"81812\",\"Description\":\"LR81812\",\"ImageName\":\"images\\/Product\\/1632387845COPAC81812GRN_Alt_HiResMain.jpg\"},{\"DesignID\":\"81813\",\"Description\":\"LR81813\",\"ImageName\":\"images\\/Product\\/1632387872COPAC81813BLU_Alt_HiResMain.jpg\"},{\"DesignID\":\"81814\",\"Description\":\"LR81814\",\"ImageName\":\"images\\/Product\\/1632387896COPAC81814ORA_Alt_HiResMain.jpg\"},{\"DesignID\":\"81815\",\"Description\":\"LR81815\",\"ImageName\":\"images\\/Product\\/1632387926COPAC81815MLT_Alt_HiResMain.jpg\"},{\"DesignID\":\"81816\",\"Description\":\"LR81816\",\"ImageName\":\"images\\/Product\\/1632388057COPAC81816TML_Alt_HiResMian.jpg\"},{\"DesignID\":\"81817\",\"Description\":\"LR81817\",\"ImageName\":\"images\\/Product\\/1632388100COPAC81817MLT_Alt_HiResMain.jpg\"},{\"DesignID\":\"81818\",\"Description\":\"LR81818\",\"ImageName\":\"images\\/Product\\/1632388131COPAC81818MLT_Alt_HiResMain.jpg\"},{\"DesignID\":\"81819\",\"Description\":\"LR81819\",\"ImageName\":\"images\\/Product\\/1632388166COPAC81819GRY_Alt_HiResMain.jpg\"},{\"DesignID\":\"81820\",\"Description\":\"LR81820\",\"ImageName\":\"images\\/Product\\/1632388198COPAC81820ORG_Alt_HiResMain.jpg\"}]},{\"CollectionID\":\"Isabella\",\"Description\":\"Isabella\",\"ImageName\":\"images\\/Product\\/16332652401631866302ISABE81779GBU5076_HiRes (1).jpg\",\"NewArrivalExpiry\":\"True\",\"Clearence\":\"\",\"TopSeller\":\"False\",\"SpecialBuy\":\"\",\"DesignsList\":[{\"DesignID\":\"81778\",\"Description\":\"LR81778\",\"ImageName\":\"images\\/Product\\/1631866244ISABE81778GRY5076_HiRes.jpg\"},{\"DesignID\":\"81779\",\"Description\":\"LR81779\",\"ImageName\":\"images\\/Product\\/16332652401631866302ISABE81779GBU5076_HiRes (1).jpg\"},{\"DesignID\":\"81780\",\"Description\":\"LR81780\",\"ImageName\":\"images\\/Product\\/1631866340ISABE81780IVO5076_HiRes.jpg\"},{\"DesignID\":\"81781\",\"Description\":\"LR81781\",\"ImageName\":\"images\\/Product\\/1631866375ISABE81781GBU5076_HiRes.jpg\"}]},{\"CollectionID\":\"Babylon\",\"Description\":\"Babylon\",\"ImageName\":\"images\\/Product\\/1631884077BABYL81791IVO7999_HiRes.jpg\",\"NewArrivalExpiry\":\"True\",\"Clearence\":\"\",\"TopSeller\":\"False\",\"SpecialBuy\":\"\",\"DesignsList\":[{\"DesignID\":\"81785\",\"Description\":\"LR81785\",\"ImageName\":\"images\\/Product\\/1631883900BABYL81785RED7999_Web.jpg\"},{\"DesignID\":\"81786\",\"Description\":\"LR81786\",\"ImageName\":\"images\\/Product\\/1631883932BABYL81786IVO7999_Web.jpg\"},{\"DesignID\":\"81787\",\"Description\":\"LR81787\",\"ImageName\":\"images\\/Product\\/1631883960BABYL81787GRY7999_HiRes.jpg\"},{\"DesignID\":\"81788\",\"Description\":\"LR81788\",\"ImageName\":\"images\\/Product\\/1631883987BABYL81788IVE7999_Web.jpg\"},{\"DesignID\":\"81789\",\"Description\":\"LR81789\",\"ImageName\":\"images\\/Product\\/1631884025BABYL81789IGY7999_Web.jpg\"},{\"DesignID\":\"81790\",\"Description\":\"LR81790\",\"ImageName\":\"images\\/Product\\/1631884049BABYL81790IVO7999_HiRes.jpg\"},{\"DesignID\":\"81791\",\"Description\":\"LR81791\",\"ImageName\":\"images\\/Product\\/1631884077BABYL81791IVO7999_HiRes.jpg\"}]},{\"CollectionID\":\"Imagine\",\"Description\":\"Imagine\",\"ImageName\":\"images\\/Product\\/1634308672IMAGI81530GCO96D0_HiRes.jpg\",\"NewArrivalExpiry\":\"True\",\"Clearence\":\"\",\"TopSeller\":\"False\",\"SpecialBuy\":\"\",\"DesignsList\":[{\"DesignID\":\"81511\",\"Description\":\"LR81511\",\"ImageName\":\"images\\/Product\\/1594994246IMAGI81511NIB9AD0_HiRes.jpg\"},{\"DesignID\":\"81512\",\"Description\":\"LR81512\",\"ImageName\":\"images\\/Product\\/1594994327IMAGI81512CSH9AD0_HiRes.jpg\"},{\"DesignID\":\"81513\",\"Description\":\"LR81513\",\"ImageName\":\"images\\/Product\\/1594994529IMAGI81513HMB9AD0_HiRes.jpg\"},{\"DesignID\":\"81514\",\"Description\":\"LR81514\",\"ImageName\":\"images\\/Product\\/1594994621IMAGI81514CNU9AD0_HiRes.jpg\"},{\"DesignID\":\"81515\",\"Description\":\"LR81515\",\"ImageName\":\"images\\/Product\\/1594994676IMAGI81515STW9AD0_HiRes.jpg\"},{\"DesignID\":\"81516\",\"Description\":\"LR81516\",\"ImageName\":\"images\\/Product\\/1594994740IMAGI81516HMC9AD0_HiRes.jpg\"},{\"DesignID\":\"81517\",\"Description\":\"LR81517\",\"ImageName\":\"images\\/Product\\/1597329318IMAGI81517HMB9AD0_Web.jpg\"},{\"DesignID\":\"81518\",\"Description\":\"LR81518\",\"ImageName\":\"images\\/Product\\/1597329510IMAGI81518CMH5376_Web.jpg\"},{\"DesignID\":\"81519\",\"Description\":\"LR81519\",\"ImageName\":\"images\\/Product\\/1597329626IMAGI81519CMK_HiRes.jpg\"},{\"DesignID\":\"81520\",\"Description\":\"LR81520\",\"ImageName\":\"images\\/Product\\/1611396639IMAGI81520CPB9AD0_HiRes.jpg\"},{\"DesignID\":\"81521\",\"Description\":\"LR81521\",\"ImageName\":\"images\\/Product\\/1611233651Imagine-81521Hrm-Harbormis_Top.jpg\"},{\"DesignID\":\"81522\",\"Description\":\"LR81522\",\"ImageName\":\"images\\/Product\\/1611233744Imagine-81522Ne-Neutural-Gray_Top.jpg\"},{\"DesignID\":\"81523\",\"Description\":\"LR81523\",\"ImageName\":\"images\\/Product\\/1633434041IMAGI81523NAV96D0_HiRes (1).jpg\"},{\"DesignID\":\"81524\",\"Description\":\"LR81524\",\"ImageName\":\"images\\/Product\\/1634307948IMAGI81524IVO_96D0_HiRes.jpg\"},{\"DesignID\":\"81530\",\"Description\":\"LR81530\",\"ImageName\":\"images\\/Product\\/1634308672IMAGI81530GCO96D0_HiRes.jpg\"}]},{\"CollectionID\":\"Holi\",\"Description\":\"Holi\",\"ImageName\":\"images\\/Product\\/1631778018HOLIC81777REE5080_Web.jpg\",\"NewArrivalExpiry\":\"True\",\"Clearence\":\"\",\"TopSeller\":\"False\",\"SpecialBuy\":\"\",\"DesignsList\":[{\"DesignID\":\"81771\",\"Description\":\"LR81771\",\"ImageName\":\"images\\/Product\\/1631777454HOLIC81771RYW5080_Web.jpg\"},{\"DesignID\":\"81772\",\"Description\":\"LR81772\",\"ImageName\":\"images\\/Product\\/1631777813HOLIC81772RGY4060_Web.jpg\"},{\"DesignID\":\"81773\",\"Description\":\"LR81773\",\"ImageName\":\"images\\/Product\\/1631777880HOLIC81773GML5080_Web.jpg\"},{\"DesignID\":\"81774\",\"Description\":\"LR81774\",\"ImageName\":\"images\\/Product\\/1631777910HOLIC81774BEB5080_Web.jpg\"},{\"DesignID\":\"81775\",\"Description\":\"LR81775\",\"ImageName\":\"images\\/Product\\/1631777946HOLIC81775IML5080_Web.jpg\"},{\"DesignID\":\"81776\",\"Description\":\"LR81776\",\"ImageName\":\"images\\/Product\\/1631777977HOLIC81776GML5080_Web.jpg\"},{\"DesignID\":\"81777\",\"Description\":\"LR81777\",\"ImageName\":\"images\\/Product\\/1631778018HOLIC81777REE5080_Web.jpg\"}]},{\"CollectionID\":\"Hampton\",\"Description\":\"Hampton\",\"ImageName\":\"images\\/Product\\/1631883794NATUR03397CNM7999_HiRes.jpg\",\"NewArrivalExpiry\":\"True\",\"Clearence\":\"\",\"TopSeller\":\"False\",\"SpecialBuy\":\"\",\"DesignsList\":[{\"DesignID\":\"03392\",\"Description\":\"LR03392\",\"ImageName\":\"images\\/Product\\/1631881964NATUR03392IGB7999_HiRes.jpg\"},{\"DesignID\":\"03393\",\"Description\":\"LR03393\",\"ImageName\":\"images\\/Product\\/1631883633NATUR03393FDN7999_HiRes.jpg\"},{\"DesignID\":\"03394\",\"Description\":\"LR03394\",\"ImageName\":\"images\\/Product\\/1631883671NATUR03394QGR7999_HiRes.jpg\"},{\"DesignID\":\"03395\",\"Description\":\"LR03395\",\"ImageName\":\"images\\/Product\\/1631883713NATUR03395BLK7999_HiRes.jpg\"},{\"DesignID\":\"03396\",\"Description\":\"LR03396\",\"ImageName\":\"images\\/Product\\/1631883766NATUR03396NAV7999_HiRes.jpg\"},{\"DesignID\":\"03397\",\"Description\":\"LR03397\",\"ImageName\":\"images\\/Product\\/1631883794NATUR03397CNM7999_HiRes.jpg\"}]},{\"CollectionID\":\"Kilimanjaro\",\"Description\":\"Kilimanjaro\",\"ImageName\":\"images\\/Product\\/1616656693KILIM81760WAN3050_HiRes.jpg\",\"NewArrivalExpiry\":\"True\",\"Clearence\":\"\",\"TopSeller\":\"False\",\"SpecialBuy\":\"\",\"DesignsList\":[{\"DesignID\":\"81751\",\"Description\":\"LR81751\",\"ImageName\":\"images\\/Product\\/1616656209KILIM81751AWH3050_HiRes.jpg\"},{\"DesignID\":\"81752\",\"Description\":\"LR81752\",\"ImageName\":\"images\\/Product\\/1616656297KILIM81752WAN5370_HiRes.jpg\"},{\"DesignID\":\"81753\",\"Description\":\"LR81753\",\"ImageName\":\"images\\/Product\\/1616656345KILIM81753AWH3050_HiRes.jpg\"},{\"DesignID\":\"81754\",\"Description\":\"LR81754\",\"ImageName\":\"images\\/Product\\/1616656410KILIM81754WAN5370_HiRes.jpg\"},{\"DesignID\":\"81755\",\"Description\":\"LR81755\",\"ImageName\":\"images\\/Product\\/1616656446KILIM81755AWH3050_HiRes.jpg\"},{\"DesignID\":\"81756\",\"Description\":\"LR81756\",\"ImageName\":\"images\\/Product\\/1616656496KILIM81756WAN3050_HiRes.jpg\"},{\"DesignID\":\"81757\",\"Description\":\"LR81757\",\"ImageName\":\"images\\/Product\\/1616656550KILIM81757AWH3050_HiRes.jpg\"},{\"DesignID\":\"81758\",\"Description\":\"LR81758\",\"ImageName\":\"images\\/Product\\/1616656578KILIM81758AWH3050_HiRes.jpg\"},{\"DesignID\":\"81759\",\"Description\":\"LR81759\",\"ImageName\":\"images\\/Product\\/1616656641KILIM81759WAN3050_HiRes.jpg\"},{\"DesignID\":\"81760\",\"Description\":\"LR81760\",\"ImageName\":\"images\\/Product\\/1616656693KILIM81760WAN3050_HiRes.jpg\"}]},{\"CollectionID\":\"Natural Fiber\",\"Description\":\"Natural Fiber\",\"ImageName\":\"images\\/Product\\/163194189703302SAH_HiRes.jpg\",\"NewArrivalExpiry\":\"True\",\"Clearence\":\"\",\"TopSeller\":\"False\",\"SpecialBuy\":\"\",\"DesignsList\":[{\"DesignID\":\"03305\",\"Description\":\"LR03305\",\"ImageName\":\"images\\/Product\\/163194176603305NAV_HiRes.jpg\"},{\"DesignID\":\"03306\",\"Description\":\"LR03306\",\"ImageName\":\"images\\/Product\\/1618298555NATUR03306HEB5079_HiRes_1.jpg\"},{\"DesignID\":\"03307\",\"Description\":\"LR03307\",\"ImageName\":\"ProgramLineImages\\/commingsoon.jpg\"},{\"DesignID\":\"03301\",\"Description\":\"LR03301\",\"ImageName\":\"images\\/Product\\/1595014686NATUR03301GRN80A0_HiRes.jpg\"},{\"DesignID\":\"03302\",\"Description\":\"LR03302\",\"ImageName\":\"images\\/Product\\/163194189703302SAH_HiRes.jpg\"},{\"DesignID\":\"03341\",\"Description\":\"LR03341\",\"ImageName\":\"images\\/Product\\/1597766719NATUR03341GRY2030_HiRes.jpg\"},{\"DesignID\":\"03344\",\"Description\":\"LR03344\",\"ImageName\":\"images\\/Product\\/1595014854NATUR03344GRY80A0_HiRes.jpg\"},{\"DesignID\":\"03322\",\"Description\":\"LR03322- CLOVIS\",\"ImageName\":\"ProgramLineImages\\/commingsoon.jpg\"},{\"DesignID\":\"03330\",\"Description\":\"LR03330\",\"ImageName\":\"images\\/Product\\/1595014831NATUR03330BLU80A0_HiRes.jpg\"},{\"DesignID\":\"03333\",\"Description\":\"LR03333\",\"ImageName\":\"images\\/Product\\/1598884109NATUR03333DGY5079_HiRes.jpg\"},{\"DesignID\":\"03336\",\"Description\":\"LR03336 - SONORA\",\"ImageName\":\"images\\/Product\\/1606733336160595992009_topshot_2_03336GRY.jpg\"},{\"DesignID\":\"03337\",\"Description\":\"LR03337 - SONORA\",\"ImageName\":\"images\\/Product\\/1606733432160612663306_topshot_2_03337SPA.jpg\"},{\"DesignID\":\"03338\",\"Description\":\"LR03338 - SONORA\",\"ImageName\":\"images\\/Product\\/161051795101_topshot_03338NAV.jpg\"},{\"DesignID\":\"03318\",\"Description\":\"LR03318 - TM\",\"ImageName\":\"ProgramLineImages\\/commingsoon.jpg\"},{\"DesignID\":\"03309\",\"Description\":\"LR03309\",\"ImageName\":\"images\\/Product\\/1598560008NATUR03309MNS5079_HiRes.jpg\"},{\"DesignID\":\"03310\",\"Description\":\"LR03310\",\"ImageName\":\"images\\/Product\\/161051744702_topshot_03310BUR.jpg\"},{\"DesignID\":\"03311\",\"Description\":\"LR03311\",\"ImageName\":\"images\\/Product\\/1618305764NATUR03311IND5079_HiRes_1.jpg\"},{\"DesignID\":\"03313\",\"Description\":\"LR03313\",\"ImageName\":\"images\\/Product\\/1598560482NATUR03313BGN5079_HiRes.jpg\"},{\"DesignID\":\"03314\",\"Description\":\"LR03314\",\"ImageName\":\"images\\/Product\\/1606733186160612591710_topshot_2_03314TEA.jpg\"},{\"DesignID\":\"03317\",\"Description\":\"LR03317\",\"ImageName\":\"images\\/Product\\/1598883243NATUR03317SEF5079_HiRes.jpg\"},{\"DesignID\":\"03367\",\"Description\":\"LR03367\",\"ImageName\":\"ProgramLineImages\\/commingsoon.jpg\"},{\"DesignID\":\"03368\",\"Description\":\"LR03368\",\"ImageName\":\"images\\/Product\\/1598885118NATUR03368BKJ5079_HiRes.jpg\"},{\"DesignID\":\"03369\",\"Description\":\"LR03369\",\"ImageName\":\"ProgramLineImages\\/commingsoon.jpg\"},{\"DesignID\":\"03376\",\"Description\":\"LR03376\",\"ImageName\":\"images\\/Product\\/1595014872NATUR03376IGY90C0_HiRes.jpg\"},{\"DesignID\":\"03377\",\"Description\":\"LR03377\",\"ImageName\":\"images\\/Product\\/1595014892NATUR03377MLT90C0_HiRes.jpg\"},{\"DesignID\":\"03378\",\"Description\":\"LR03378\",\"ImageName\":\"images\\/Product\\/1595014910NATUR03378SPA90C0_HiRes.jpg\"},{\"DesignID\":\"03379\",\"Description\":\"LR03379\",\"ImageName\":\"images\\/Product\\/1595014928NATUR03379BTW90C0_HiRes.jpg\"},{\"DesignID\":\"03385\",\"Description\":\"LR03385\",\"ImageName\":\"images\\/Product\\/1595014944NATUR03385NAT90C0_HiRes.jpg\"},{\"DesignID\":\"03386\",\"Description\":\"LR03386\",\"ImageName\":\"images\\/Product\\/1595014961NATUR03386NAT90C0_HiRes.jpg\"},{\"DesignID\":\"03387\",\"Description\":\"LR03387\",\"ImageName\":\"images\\/Product\\/16040478661603093705NATUR03387MCH_HiRes.jpg\"},{\"DesignID\":\"03388\",\"Description\":\"LR03388\",\"ImageName\":\"images\\/Product\\/1604047612NATUR03388ENS_HiRes.jpg\"},{\"DesignID\":\"03389\",\"Description\":\"LR03389\",\"ImageName\":\"images\\/Product\\/1607494090NATUR03389NAT7999_1000.jpg\"},{\"DesignID\":\"03390\",\"Description\":\"LR03390\",\"ImageName\":\"images\\/Product\\/1607326311NATUR03390BHI7999_1000.jpg\"},{\"DesignID\":\"03391\",\"Description\":\"LR03391\",\"ImageName\":\"images\\/Product\\/1619080153NATUR03391SMN5079_HiRes.jpg\"}]},{\"CollectionID\":\"Antiquity\",\"Description\":\"Antiquity\",\"ImageName\":\"images\\/Product\\/1627377941ANTIQ81459BLY537A_Web_1.jpg\",\"NewArrivalExpiry\":\"True\",\"Clearence\":\"\",\"TopSeller\":\"False\",\"SpecialBuy\":\"\",\"DesignsList\":[{\"DesignID\":\"81451\",\"Description\":\"LR81451\",\"ImageName\":\"images\\/Product\\/1617441090ANTIQ81451CRM537A_Web_1.jpg\"},{\"DesignID\":\"81452\",\"Description\":\"LR81452\",\"ImageName\":\"images\\/Product\\/1617440694ANTIQ81452CAB537A_Web_1.jpg\"},{\"DesignID\":\"81453\",\"Description\":\"LR81453\",\"ImageName\":\"images\\/Product\\/1617441436ANTIQ81453CAB537A_Web.jpg\"},{\"DesignID\":\"81455\",\"Description\":\"LR81455\",\"ImageName\":\"images\\/Product\\/1617441861ANTIQ81455BLM2330_Web_1.jpg\"},{\"DesignID\":\"81457\",\"Description\":\"LR81457\",\"ImageName\":\"images\\/Product\\/1617442237ANTIQ81457BEC537A_Web_1.jpg\"},{\"DesignID\":\"81458\",\"Description\":\"LR81458\",\"ImageName\":\"images\\/Product\\/1617440191ANTIQ81458BEC537A_Web_1.jpg\"},{\"DesignID\":\"81459\",\"Description\":\"LR81459\",\"ImageName\":\"images\\/Product\\/1627377941ANTIQ81459BLY537A_Web_1.jpg\"},{\"DesignID\":\"81460\",\"Description\":\"LR81460\",\"ImageName\":\"images\\/Product\\/1616846495ANTIQ81460BLY537A_Web.jpg\"},{\"DesignID\":\"81461\",\"Description\":\"LR81461\",\"ImageName\":\"images\\/Product\\/1616846567ANTIQ81461BLY537A_Web.jpg\"},{\"DesignID\":\"81462\",\"Description\":\"LR81462\",\"ImageName\":\"images\\/Product\\/1616846616ANTIQ81462BWE537A_Web.jpg\"},{\"DesignID\":\"81463\",\"Description\":\"LR81463\",\"ImageName\":\"images\\/Product\\/1616846675ANTIQ81463BWE537A_Web.jpg\"},{\"DesignID\":\"81464\",\"Description\":\"LR81464\",\"ImageName\":\"images\\/Product\\/1616846820ANTIQ81464BET537A_Web.jpg\"},{\"DesignID\":\"81474\",\"Description\":\"LR81474\",\"ImageName\":\"images\\/Product\\/1616846874ANTIQ81474CRN537A_Web.jpg\"},{\"DesignID\":\"81475\",\"Description\":\"LR81475\",\"ImageName\":\"images\\/Product\\/1616846940ANTIQ81475CAB537A_Web.jpg\"}]},{\"CollectionID\":\"Vintage\",\"Description\":\"Vintage\",\"ImageName\":\"images\\/Product\\/1605162987VINTA81925SLV2030_HiRes.jpg\",\"NewArrivalExpiry\":\"True\",\"Clearence\":\"\",\"TopSeller\":\"False\",\"SpecialBuy\":\"\",\"DesignsList\":[{\"DesignID\":\"81921\",\"Description\":\"LR81921\",\"ImageName\":\"images\\/Product\\/1605162567VINTA81921IVO2030_HiRes.jpg\"},{\"DesignID\":\"81922\",\"Description\":\"LR81922\",\"ImageName\":\"images\\/Product\\/1605162666VINTA81922SLU2030_HiRes.jpg\"},{\"DesignID\":\"81923\",\"Description\":\"LR81923\",\"ImageName\":\"images\\/Product\\/1605162780VINTA81923SAG2030_HiRes.jpg\"},{\"DesignID\":\"81924\",\"Description\":\"LR81924\",\"ImageName\":\"images\\/Product\\/1605162876VINTA81924IVU2030_HiRes.jpg\"},{\"DesignID\":\"81925\",\"Description\":\"LR81925\",\"ImageName\":\"images\\/Product\\/1605162987VINTA81925SLV2030_HiRes.jpg\"}]},{\"CollectionID\":\"Gala\",\"Description\":\"Gala\",\"ImageName\":\"images\\/Product\\/1611229120GALAC81384LWT5076_Web.jpg\",\"NewArrivalExpiry\":\"True\",\"Clearence\":\"\",\"TopSeller\":\"False\",\"SpecialBuy\":\"\",\"DesignsList\":[{\"DesignID\":\"81272\",\"Description\":\"LR81272\",\"ImageName\":\"ProgramLineImages\\/commingsoon.jpg\"},{\"DesignID\":\"81273\",\"Description\":\"LR81273\",\"ImageName\":\"images\\/Product\\/1595031021GALAC81273NAM80A0_HiRes.jpg\"},{\"DesignID\":\"81275\",\"Description\":\"LR81275\",\"ImageName\":\"images\\/Product\\/1595031189GALAC81275INM80A0_HiRes.jpg\"},{\"DesignID\":\"81271\",\"Description\":\"LR81271\",\"ImageName\":\"images\\/Product\\/1595030772GALAC81271GMI80A0_HiRes.jpg\"},{\"DesignID\":\"81284\",\"Description\":\"LR81284-GALA\",\"ImageName\":\"ProgramLineImages\\/commingsoon.jpg\"},{\"DesignID\":\"81375\",\"Description\":\"LR81375\",\"ImageName\":\"images\\/Product\\/1598982166GALAC81375IVU4060_1000.jpg\"},{\"DesignID\":\"81378\",\"Description\":\"LR81378\",\"ImageName\":\"images\\/Product\\/16067342101604902454GALAC81378RED5076_HiRes.jpg\"},{\"DesignID\":\"81380\",\"Description\":\"LR81380\",\"ImageName\":\"images\\/Product\\/1611228846GALAC81380CPL5076_Web.jpg\"},{\"DesignID\":\"81381\",\"Description\":\"LR81381\",\"ImageName\":\"images\\/Product\\/1611228900GALAC81381CRW5076_Web.jpg\"},{\"DesignID\":\"81382\",\"Description\":\"LR81382\",\"ImageName\":\"images\\/Product\\/1611228963GALAC81382CRW5076_Web.jpg\"},{\"DesignID\":\"81384\",\"Description\":\"LR81384\",\"ImageName\":\"images\\/Product\\/1611229120GALAC81384LWT5076_Web.jpg\"}]},{\"CollectionID\":\"Impulse\",\"Description\":\"Impulse\",\"ImageName\":\"images\\/Product\\/1611226224IMPLS81854BLE7696_HiRes.jpg\",\"NewArrivalExpiry\":\"True\",\"Clearence\":\"\",\"TopSeller\":\"False\",\"SpecialBuy\":\"\",\"DesignsList\":[{\"DesignID\":\"81851\",\"Description\":\"LR81851\",\"ImageName\":\"images\\/Product\\/1611225958IMPLS81851CMD7696_HiRes.jpg\"},{\"DesignID\":\"81852\",\"Description\":\"LR81852\",\"ImageName\":\"images\\/Product\\/1611226048IMPLS81852BKG7696_HiRes.jpg\"},{\"DesignID\":\"81853\",\"Description\":\"LR81853\",\"ImageName\":\"images\\/Product\\/1611226146IMPLS81853PBG7696_HiRes.jpg\"},{\"DesignID\":\"81854\",\"Description\":\"LR81854\",\"ImageName\":\"images\\/Product\\/1611226224IMPLS81854BLE7696_HiRes.jpg\"}]},{\"CollectionID\":\"Revolution\",\"Description\":\"Revolution\",\"ImageName\":\"images\\/Product\\/1611228696REVOL81806GYB5376_HiRes.jpg\",\"NewArrivalExpiry\":\"True\",\"Clearence\":\"\",\"TopSeller\":\"False\",\"SpecialBuy\":\"\",\"DesignsList\":[{\"DesignID\":\"81801\",\"Description\":\"LR81801\",\"ImageName\":\"images\\/Product\\/1611228350REVOL81801GYR7996_HiRes.jpg\"},{\"DesignID\":\"81802\",\"Description\":\"LR81802\",\"ImageName\":\"images\\/Product\\/1611228423REVOL81802BGR7996_HiRes.jpg\"},{\"DesignID\":\"81803\",\"Description\":\"LR81803\",\"ImageName\":\"images\\/Product\\/1611228498REVOL81803BGR5376_HiRes.jpg\"},{\"DesignID\":\"81804\",\"Description\":\"LR81804\",\"ImageName\":\"images\\/Product\\/1611228564REVOL81804GCM5376_HiRes.jpg\"},{\"DesignID\":\"81805\",\"Description\":\"LR81805\",\"ImageName\":\"images\\/Product\\/1611228632REVOL81805GBU5376_HiRes.jpg\"},{\"DesignID\":\"81806\",\"Description\":\"LR81806\",\"ImageName\":\"images\\/Product\\/1611228696REVOL81806GYB5376_HiRes.jpg\"}]},{\"CollectionID\":\"Nimbus\",\"Description\":\"Nimbus\",\"ImageName\":\"images\\/Product\\/1611228210NIMBS81834GYR5076_HiRes.jpg\",\"NewArrivalExpiry\":\"True\",\"Clearence\":\"\",\"TopSeller\":\"False\",\"SpecialBuy\":\"\",\"DesignsList\":[{\"DesignID\":\"81831\",\"Description\":\"LR81831\",\"ImageName\":\"images\\/Product\\/1611227662NIMBS81831BLM5076_HiRes.jpg\"},{\"DesignID\":\"81832\",\"Description\":\"LR81832\",\"ImageName\":\"images\\/Product\\/1611228063NIMBS81832GBU5076_HiRes.jpg\"},{\"DesignID\":\"81833\",\"Description\":\"LR81833\",\"ImageName\":\"images\\/Product\\/1611228142NIMBS81833GYB5076_HiRes.jpg\"},{\"DesignID\":\"81834\",\"Description\":\"LR81834\",\"ImageName\":\"images\\/Product\\/1611228210NIMBS81834GYR5076_HiRes.jpg\"}]},{\"CollectionID\":\"Calypso\",\"Description\":\"Calypso\",\"ImageName\":\"images\\/Product\\/1601568179CALYP81694CST90C0_HiRes.JPG\",\"NewArrivalExpiry\":\"True\",\"Clearence\":\"\",\"TopSeller\":\"False\",\"SpecialBuy\":\"\",\"DesignsList\":[{\"DesignID\":\"81691\",\"Description\":\"LR81691\",\"ImageName\":\"images\\/Product\\/1601567981CALYP81691ROS90C0_HiRes.JPG\"},{\"DesignID\":\"81692\",\"Description\":\"LR81692\",\"ImageName\":\"images\\/Product\\/1601568101CALYP81692GOL90C0_HiRes.JPG\"},{\"DesignID\":\"81693\",\"Description\":\"LR81693\",\"ImageName\":\"images\\/Product\\/1601568129CALYP81693BPK90C0_HiRes.JPG\"},{\"DesignID\":\"81694\",\"Description\":\"LR81694\",\"ImageName\":\"images\\/Product\\/1601568179CALYP81694CST90C0_HiRes.JPG\"},{\"DesignID\":\"81695\",\"Description\":\"LR81695\",\"ImageName\":\"images\\/Product\\/1601568152CALYP81695WBU90C0_HiRes.jpg\"}]},{\"CollectionID\":\"Sinuous\",\"Description\":\"Sinuous\",\"ImageName\":\"images\\/Product\\/1605161365SINUO54154IVD40RD_HiRes.jpg\",\"NewArrivalExpiry\":\"True\",\"Clearence\":\"\",\"TopSeller\":\"False\",\"SpecialBuy\":\"\",\"DesignsList\":[{\"DesignID\":\"54102\",\"Description\":\"LR54102\",\"ImageName\":\"images\\/Product\\/1595162126SINUO54102BEI40RD_HiRes.jpg\"},{\"DesignID\":\"54103\",\"Description\":\"LR54103\",\"ImageName\":\"images\\/Product\\/1595162174SINUO54103RED40RD_HiRes.jpg\"},{\"DesignID\":\"54106\",\"Description\":\"LR54106\",\"ImageName\":\"images\\/Product\\/1595162271SINUO54106MLT40RD_HiRes.jpg\"},{\"DesignID\":\"54107\",\"Description\":\"LR54107\",\"ImageName\":\"images\\/Product\\/1595162309SINUO54107MLT40RD_HiRes.jpg\"},{\"DesignID\":\"54108\",\"Description\":\"LR54108\",\"ImageName\":\"images\\/Product\\/1595162350SINUO54108RED40RD_HiRes.jpg\"},{\"DesignID\":\"54109\",\"Description\":\"LR54109\",\"ImageName\":\"images\\/Product\\/1595162418SINUO54109GML40RD_HiRes.jpg\"},{\"DesignID\":\"54110\",\"Description\":\"LR54110\",\"ImageName\":\"images\\/Product\\/1595162481SINUO54110RED40RD_HiRes.jpg\"},{\"DesignID\":\"54111\",\"Description\":\"LR54111\",\"ImageName\":\"images\\/Product\\/1598980729SINUO54111BLU40RD_HiRes.jpg\"},{\"DesignID\":\"54119\",\"Description\":\"LR54119\",\"ImageName\":\"images\\/Product\\/1603362255SINUO54119GYR40RD_HiRes.jpg\"},{\"DesignID\":\"54120\",\"Description\":\"LR54120\",\"ImageName\":\"images\\/Product\\/1598980965SINUO54120BEI60RD_HiRes.jpg\"},{\"DesignID\":\"54112\",\"Description\":\"LR54112\",\"ImageName\":\"images\\/Product\\/1598980760SINUO54112IVO40RD_HiRes.jpg\"},{\"DesignID\":\"54113\",\"Description\":\"LR54113\",\"ImageName\":\"images\\/Product\\/1598980797SINUO54113GRY40RD_HiRes.jpg\"},{\"DesignID\":\"54114\",\"Description\":\"LR54114\",\"ImageName\":\"images\\/Product\\/1598980834SINUO54114BLU40RD_HiRes.jpg\"},{\"DesignID\":\"54115\",\"Description\":\"LR54115\",\"ImageName\":\"images\\/Product\\/1598980877SINUO54115IVO40RD_HiRes.jpg\"},{\"DesignID\":\"54116\",\"Description\":\"LR54116\",\"ImageName\":\"images\\/Product\\/1598980919SINUO54116LTG40RD_HiRes.jpg\"},{\"DesignID\":\"54117\",\"Description\":\"LR54117\",\"ImageName\":\"images\\/Product\\/1603361614SINUO54117NTV40RD_HiRes.jpg\"},{\"DesignID\":\"54118\",\"Description\":\"LR54118\",\"ImageName\":\"images\\/Product\\/1603361762SINUO54118IVN40RD_HiRes.jpg\"},{\"DesignID\":\"54121\",\"Description\":\"LR54121\",\"ImageName\":\"images\\/Product\\/1603362354SINUO54121NMT40RD_HiRes.jpg\"},{\"DesignID\":\"54122\",\"Description\":\"LR54122\",\"ImageName\":\"images\\/Product\\/1603097383SINUO54122GML40RD_HiRes.jpg\"},{\"DesignID\":\"54161\",\"Description\":\"LR54161\",\"ImageName\":\"images\\/Product\\/1605160975SINUO54161IVO40RD_HiRes.jpg\"},{\"DesignID\":\"54162\",\"Description\":\"LR54162\",\"ImageName\":\"images\\/Product\\/1605160901SINUO54162GMI40RD_HiRes.jpg\"},{\"DesignID\":\"54151\",\"Description\":\"LR54151\",\"ImageName\":\"images\\/Product\\/1605161083SINUO54151TBU40RD_HiRes.jpg\"},{\"DesignID\":\"54152\",\"Description\":\"LR54152\",\"ImageName\":\"images\\/Product\\/1605161164SINUO54152TAU40RD_HiRes.jpg\"},{\"DesignID\":\"54153\",\"Description\":\"LR54153\",\"ImageName\":\"images\\/Product\\/1605161293SINUO54153RUI40RD_HiRes.jpg\"},{\"DesignID\":\"54154\",\"Description\":\"LR54154\",\"ImageName\":\"images\\/Product\\/1605161365SINUO54154IVD40RD_HiRes.jpg\"},{\"DesignID\":\"54155\",\"Description\":\"LR54155\",\"ImageName\":\"images\\/Product\\/1605161224SINUO54155BLO40RD_HiRes.jpg\"}]},{\"CollectionID\":\"Sunshower\",\"Description\":\"Sunshower\",\"ImageName\":\"images\\/Product\\/1618308790SUNSH81249NVG5080_HiRes_1.jpg\",\"NewArrivalExpiry\":\"True\",\"Clearence\":\"\",\"TopSeller\":\"False\",\"SpecialBuy\":\"\",\"DesignsList\":[{\"DesignID\":\"81241\",\"Description\":\"LR81241\",\"ImageName\":\"images\\/Product\\/1594996406SUNSH81241BLN5080_HiRes.jpg\"},{\"DesignID\":\"81242\",\"Description\":\"LR81242\",\"ImageName\":\"images\\/Product\\/1594996413SUNSH81242BGN5080_HiRes.jpg\"},{\"DesignID\":\"81244\",\"Description\":\"LR81244\",\"ImageName\":\"images\\/Product\\/1594996423SUNSH81244BER5080_HiRes.jpg\"},{\"DesignID\":\"81247\",\"Description\":\"LR81247\",\"ImageName\":\"images\\/Product\\/1594996448SUNSH81247BGR5080_HiRes.jpg\"},{\"DesignID\":\"81248\",\"Description\":\"LR81248\",\"ImageName\":\"images\\/Product\\/1594996453SUNSH81248BGR5080_HiRes.jpg\"},{\"DesignID\":\"81249\",\"Description\":\"LR81249\",\"ImageName\":\"images\\/Product\\/1618308790SUNSH81249NVG5080_HiRes_1.jpg\"},{\"DesignID\":\"81246\",\"Description\":\"LR81246\",\"ImageName\":\"images\\/Product\\/1594996443SUNSH81246GYB5080_HiRes.jpg\"},{\"DesignID\":\"81250\",\"Description\":\"LR81250\",\"ImageName\":\"images\\/Product\\/1608613337SUNSH81250TLB3050_HiRes.jpg\"}]},{\"CollectionID\":\"Earth\",\"Description\":\"Earth\",\"ImageName\":\"images\\/Product\\/1603714038EARTH81892MCL5079_HiRes.jpg\",\"NewArrivalExpiry\":\"True\",\"Clearence\":\"\",\"TopSeller\":\"False\",\"SpecialBuy\":\"\",\"DesignsList\":[{\"DesignID\":\"81892\",\"Description\":\"LR81892\",\"ImageName\":\"images\\/Product\\/1603714038EARTH81892MCL5079_HiRes.jpg\"},{\"DesignID\":\"81893\",\"Description\":\"LR81893\",\"ImageName\":\"images\\/Product\\/1602648951EARTH81893IRG7999_HiRes.jpg\"},{\"DesignID\":\"81894\",\"Description\":\"LR81894\",\"ImageName\":\"images\\/Product\\/1602649000EARTH81894EGB7999_HiRes.jpg\"},{\"DesignID\":\"81895\",\"Description\":\"LR81895\",\"ImageName\":\"images\\/Product\\/1603705521EARTH81895BEU7999_HiRes.jpg\"},{\"DesignID\":\"81896\",\"Description\":\"LR81896\",\"ImageName\":\"images\\/Product\\/1603705860EARTH81896BKN5079_HiRes.jpg\"}]},{\"CollectionID\":\"Captiva\",\"Description\":\"Captiva\",\"ImageName\":\"images\\/Product\\/1594326636CAPTI81021GBU5070_Web.jpg\",\"NewArrivalExpiry\":\"False\",\"Clearence\":\"\",\"TopSeller\":\"False\",\"SpecialBuy\":\"\",\"DesignsList\":[{\"DesignID\":\"81016\",\"Description\":\"LR81016\",\"ImageName\":\"images\\/Product\\/1594324299CAPTI81016BEL5070_Web.jpg\"},{\"DesignID\":\"81017\",\"Description\":\"LR81017\",\"ImageName\":\"images\\/Product\\/1594324274CAPTI81017NVG5070_Web.jpg\"},{\"DesignID\":\"81019\",\"Description\":\"LR81019\",\"ImageName\":\"images\\/Product\\/1594325498CAPTI81019GNY5070_Web.jpg\"},{\"DesignID\":\"81020\",\"Description\":\"LR81020\",\"ImageName\":\"images\\/Product\\/1594325472CAPTI81020CBG5070_Web.jpg\"},{\"DesignID\":\"81021\",\"Description\":\"LR81021\",\"ImageName\":\"images\\/Product\\/1594326636CAPTI81021GBU5070_Web.jpg\"},{\"DesignID\":\"81022\",\"Description\":\"LR81022\",\"ImageName\":\"images\\/Product\\/1594326603CAPTI81022BGR5070_Web.jpg\"},{\"DesignID\":\"81023\",\"Description\":\"LR81023\",\"ImageName\":\"images\\/Product\\/1594326367CAPTI81023REE5070_Web.jpg\"},{\"DesignID\":\"81024\",\"Description\":\"LR81024\",\"ImageName\":\"images\\/Product\\/1594326307CAPTI81024BEP5070_Web.jpg\"},{\"DesignID\":\"81025\",\"Description\":\"LR81025\",\"ImageName\":\"images\\/Product\\/1594326254CAPTI81025NVG5070_Web.jpg\"}]},{\"CollectionID\":\"Bella Rose\",\"Description\":\"Bella Rose\",\"ImageName\":\"images\\/Product\\/1604045275BROSE21710GRY233A_HiRes.jpg\",\"NewArrivalExpiry\":\"True\",\"Clearence\":\"\",\"TopSeller\":\"False\",\"SpecialBuy\":\"\",\"DesignsList\":[{\"DesignID\":\"21706\",\"Description\":\"LR21706\",\"ImageName\":\"images\\/Product\\/1603100765BROSE21706BEI30RD_HiRes.jpg\"},{\"DesignID\":\"21708\",\"Description\":\"LR21708\",\"ImageName\":\"images\\/Product\\/1603100289BROSE21708MLT30RD_HiRes.jpg\"},{\"DesignID\":\"21709\",\"Description\":\"LR21709\",\"ImageName\":\"images\\/Product\\/1603100161BROSE21709BEI30RD_HiRes.jpg\"},{\"DesignID\":\"21710\",\"Description\":\"LR21710\",\"ImageName\":\"images\\/Product\\/1604045275BROSE21710GRY233A_HiRes.jpg\"}]},{\"CollectionID\":\"Seaside\",\"Description\":\"Seaside\",\"ImageName\":\"images\\/Product\\/1601565886SEADE81879AQT5370_HiRes.jpg\",\"NewArrivalExpiry\":\"True\",\"Clearence\":\"\",\"TopSeller\":\"False\",\"SpecialBuy\":\"\",\"DesignsList\":[{\"DesignID\":\"81871\",\"Description\":\"LR81871\",\"ImageName\":\"images\\/Product\\/1601506508SEADE81871AWT5370_HiRes.jpg\"},{\"DesignID\":\"81872\",\"Description\":\"LR81872\",\"ImageName\":\"images\\/Product\\/1601506852SEADE81872AWT5370_HiRes.jpg\"},{\"DesignID\":\"81873\",\"Description\":\"LR81873\",\"ImageName\":\"images\\/Product\\/1601506883SEADE81873WAZ5370_HiRes.jpg\"},{\"DesignID\":\"81874\",\"Description\":\"LR81874\",\"ImageName\":\"images\\/Product\\/1601506942SEADE81874WAZ5370_HiRes.jpg\"},{\"DesignID\":\"81875\",\"Description\":\"LR81875\",\"ImageName\":\"images\\/Product\\/1601507018SEADE81875AWT5370_HiRes.jpg\"},{\"DesignID\":\"81876\",\"Description\":\"LR81876\",\"ImageName\":\"images\\/Product\\/1601565828SEADE81876AQT5370_HiRes.jpg\"},{\"DesignID\":\"81877\",\"Description\":\"LR81877\",\"ImageName\":\"images\\/Product\\/1601507169SEADE81877AQT5370_HiRes.jpg\"},{\"DesignID\":\"81878\",\"Description\":\"LR81878\",\"ImageName\":\"images\\/Product\\/1601507134SEADE81878WAQ5370_HiRes.jpg\"},{\"DesignID\":\"81879\",\"Description\":\"LR81879\",\"ImageName\":\"images\\/Product\\/1601565886SEADE81879AQT5370_HiRes.jpg\"}]},{\"CollectionID\":\"Shapes\",\"Description\":\"Shapes\",\"ImageName\":\"images\\/Product\\/1598980010SHAPE50924RUN50RD_1000.jpg\",\"NewArrivalExpiry\":\"True\",\"Clearence\":\"\",\"TopSeller\":\"False\",\"SpecialBuy\":\"\",\"DesignsList\":[{\"DesignID\":\"50922\",\"Description\":\"LR50922\",\"ImageName\":\"images\\/Product\\/1598979956SHAPE50922BAM50RD_1000.jpg\"},{\"DesignID\":\"50923\",\"Description\":\"LR50923\",\"ImageName\":\"images\\/Product\\/1598979983SHAPE50923GDB50RD_1000.jpg\"},{\"DesignID\":\"50924\",\"Description\":\"LR50924\",\"ImageName\":\"images\\/Product\\/1598980010SHAPE50924RUN50RD_1000.jpg\"}]},{\"CollectionID\":\"Michelle\",\"Description\":\"Michelle\",\"ImageName\":\"images\\/Product\\/1597329626IMAGI81519CMK_HiRes.jpg\",\"NewArrivalExpiry\":\"True\",\"Clearence\":\"\",\"TopSeller\":\"False\",\"SpecialBuy\":\"\",\"DesignsList\":[{\"DesignID\":\"81635\",\"Description\":\"LR81635\",\"ImageName\":\"images\\/Product\\/1597329626IMAGI81519CMK_HiRes.jpg\"},{\"DesignID\":\"81636\",\"Description\":\"LR81636\",\"ImageName\":\"images\\/Product\\/1597329626IMAGI81519CMK_HiRes.jpg\"},{\"DesignID\":\"81637\",\"Description\":\"LR81637\",\"ImageName\":\"images\\/Product\\/1597327356MICHELLE-81637CMK-COCONTMLK-SHARK.jpg\"},{\"DesignID\":\"81638\",\"Description\":\"LR81638\",\"ImageName\":\"images\\/Product\\/1597327441MICHELLE-81638CCO-CREAM-COCONUT.jpg\"},{\"DesignID\":\"81639\",\"Description\":\"LR81639\",\"ImageName\":\"images\\/Product\\/1597327534MICHELLE-81639CMK-COCONTMLK-SHARK.jpg\"},{\"DesignID\":\"81640\",\"Description\":\"LR81640\",\"ImageName\":\"images\\/Product\\/1597329626IMAGI81519CMK_HiRes.jpg\"}]},{\"CollectionID\":\"Harmony\",\"Description\":\"Harmony\",\"ImageName\":\"images\\/Product\\/1598983386HRMNY81683NOG5272_1000.jpg\",\"NewArrivalExpiry\":\"False\",\"Clearence\":\"\",\"TopSeller\":\"False\",\"SpecialBuy\":\"\",\"DesignsList\":[{\"DesignID\":\"81682\",\"Description\":\"LR81682\",\"ImageName\":\"images\\/Product\\/1598983353HRMNY81682ORI5272_1000.jpg\"},{\"DesignID\":\"81683\",\"Description\":\"LR81683\",\"ImageName\":\"images\\/Product\\/1598983386HRMNY81683NOG5272_1000.jpg\"}]},{\"CollectionID\":\"Oceania\",\"Description\":\"Oceania\",\"ImageName\":\"images\\/Product\\/1595001664OCEAN81675BUC5376_HiRes.jpg\",\"NewArrivalExpiry\":\"True\",\"Clearence\":\"\",\"TopSeller\":\"False\",\"SpecialBuy\":\"\",\"DesignsList\":[{\"DesignID\":\"81671\",\"Description\":\"LR81671\",\"ImageName\":\"images\\/Product\\/1595001605OCEAN81671CRU5376_HiRes.jpg\"},{\"DesignID\":\"81672\",\"Description\":\"LR81672\",\"ImageName\":\"images\\/Product\\/1595001617OCEAN81672BUC5376_HiRes.jpg\"},{\"DesignID\":\"81673\",\"Description\":\"LR81673\",\"ImageName\":\"images\\/Product\\/1595001631OCEAN81673BUC5376_HiRes.jpg\"},{\"DesignID\":\"81674\",\"Description\":\"LR81674\",\"ImageName\":\"images\\/Product\\/1595001648OCEAN81674CRU5376_HiRes.jpg\"},{\"DesignID\":\"81675\",\"Description\":\"LR81675\",\"ImageName\":\"images\\/Product\\/1595001664OCEAN81675BUC5376_HiRes.jpg\"}]},{\"CollectionID\":\"Vibrance\",\"Description\":\"Vibrance\",\"ImageName\":\"images\\/Product\\/1598979384VIBRA03570TAU50RD_HiRes.jpg\",\"NewArrivalExpiry\":\"True\",\"Clearence\":\"\",\"TopSeller\":\"False\",\"SpecialBuy\":\"\",\"DesignsList\":[{\"DesignID\":\"03540\",\"Description\":\"LR03540\",\"ImageName\":\"images\\/Product\\/1598978572VIBRA03540MLT30RD_HiRes.jpg\"},{\"DesignID\":\"03562\",\"Description\":\"LR03562\",\"ImageName\":\"images\\/Product\\/1598978624VIBRA03562BLU50RD_HiRes.jpg\"},{\"DesignID\":\"03563\",\"Description\":\"LR03563\",\"ImageName\":\"images\\/Product\\/1598978677VIBRA03563CHA50RD_HiRes.jpg\"},{\"DesignID\":\"03564\",\"Description\":\"LR03564\",\"ImageName\":\"images\\/Product\\/1598978756VIBRA03564GRY50RD_HiRes.jpg\"},{\"DesignID\":\"03565\",\"Description\":\"LR03565\",\"ImageName\":\"images\\/Product\\/1598978907VIBRA03565IML50RD_HiRes.jpg\"},{\"DesignID\":\"03567\",\"Description\":\"LR03567\",\"ImageName\":\"images\\/Product\\/1598979114VIBRA03567IVU50RD_HiRes.jpg\"},{\"DesignID\":\"03566\",\"Description\":\"LR03566\",\"ImageName\":\"images\\/Product\\/1598978946VIBRA03566BEI50RD_HiRes.jpg\"},{\"DesignID\":\"03568\",\"Description\":\"LR03568\",\"ImageName\":\"images\\/Product\\/1598979199VIBRA03568IVD50RD_HiRes.jpg\"},{\"DesignID\":\"03569\",\"Description\":\"LR03569\",\"ImageName\":\"images\\/Product\\/1598979341VIBRA03569BLU50RD_HiRes.jpg\"},{\"DesignID\":\"03570\",\"Description\":\"LR03570\",\"ImageName\":\"images\\/Product\\/1598979384VIBRA03570TAU50RD_HiRes.jpg\"}]},{\"CollectionID\":\"Boutique Jute\",\"Description\":\"Boutique Jute\",\"ImageName\":\"images\\/Product\\/1595014813NATUR03327MLT36RD_Hires.jpg\",\"NewArrivalExpiry\":\"True\",\"Clearence\":\"\",\"TopSeller\":\"False\",\"SpecialBuy\":\"\",\"DesignsList\":[{\"DesignID\":\"50134\",\"Description\":\"LR50134 - JUTE ROUND BRAID\",\"ImageName\":\"images\\/Product\\/1595009709NATUR50134NAT40RD_HiRes.jpg\"},{\"DesignID\":\"03327\",\"Description\":\"LR03327 - MALENA\",\"ImageName\":\"images\\/Product\\/1595014813NATUR03327MLT36RD_Hires.jpg\"},{\"DesignID\":\"50136\",\"Description\":\"LR50136 - JUTE BREADED\",\"ImageName\":\"images\\/Product\\/1595009740NATUR50136NAT40RD_HiRes.jpg\"},{\"DesignID\":\"12029\",\"Description\":\"LR12029\",\"ImageName\":\"images\\/Product\\/1595008831NATUR12029NAT40RD_HiRes.jpg\"},{\"DesignID\":\"12030\",\"Description\":\"LR12030\",\"ImageName\":\"images\\/Product\\/1595008975NATUR12030NAT40RD_HiRes.jpg\"},{\"DesignID\":\"12031\",\"Description\":\"LR12031\",\"ImageName\":\"images\\/Product\\/1595009032NATUR12031NAT40RD_HiRes.jpg\"},{\"DesignID\":\"12032\",\"Description\":\"LR12032\",\"ImageName\":\"images\\/Product\\/1595009057NATUR12032NGY40RD_HiRes.jpg\"},{\"DesignID\":\"12033\",\"Description\":\"LR12033\",\"ImageName\":\"images\\/Product\\/1595009082NATUR12033GRY40RD_HiRes.jpg\"},{\"DesignID\":\"12034\",\"Description\":\"LR12034\",\"ImageName\":\"images\\/Product\\/1595009136NATUR12034GRY40RD_HiRes.jpg\"},{\"DesignID\":\"12035\",\"Description\":\"LR12035\",\"ImageName\":\"images\\/Product\\/1595009169NATUR12035NGY57OV_HiRes.jpg\"},{\"DesignID\":\"12036\",\"Description\":\"LR12036\",\"ImageName\":\"images\\/Product\\/1595009242NATUR12036NGY57OV_HiRes.jpg\"},{\"DesignID\":\"12038\",\"Description\":\"LR12038\",\"ImageName\":\"images\\/Product\\/1595009283NATUR12038BHG57OV_HiRes.jpg\"},{\"DesignID\":\"12039\",\"Description\":\"LR12039\",\"ImageName\":\"images\\/Product\\/1595009393NATUR12039BHG40RD_HiRes.jpg\"},{\"DesignID\":\"12040\",\"Description\":\"LR12040\",\"ImageName\":\"images\\/Product\\/1595009427NATUR12040NAT76RD_HiRes.jpg\"},{\"DesignID\":\"12042\",\"Description\":\"LR12042\",\"ImageName\":\"images\\/Product\\/1595009492NATUR12042BHG60RD_HiRes.jpg\"},{\"DesignID\":\"12043\",\"Description\":\"LR12043\",\"ImageName\":\"images\\/Product\\/1595009586NATUR12043NAT60RD_HiRes.jpg\"},{\"DesignID\":\"12045\",\"Description\":\"LR12045\",\"ImageName\":\"images\\/Product\\/1595009619NATUR12045NAT76RD_HiRes.jpg\"},{\"DesignID\":\"12046\",\"Description\":\"LR12046\",\"ImageName\":\"images\\/Product\\/1595009669NATUR12046NAT60RD_HiRes.jpg\"},{\"DesignID\":\"12041\",\"Description\":\"LR12041\",\"ImageName\":\"images\\/Product\\/1595009462NATUR12041BHG40RD_HiRes.jpg\"},{\"DesignID\":\"03380\",\"Description\":\"LR03380\",\"ImageName\":\"images\\/Product\\/1595008352NATUR03380DEB36RD_HiRes.jpg\"},{\"DesignID\":\"03382\",\"Description\":\"LR03382\",\"ImageName\":\"images\\/Product\\/1595008570NATUR03382MLT36RD_HiRes.jpg\"},{\"DesignID\":\"03383\",\"Description\":\"LR03383\",\"ImageName\":\"images\\/Product\\/1595008614NATUR03383PES36RD_HiRes.jpg\"},{\"DesignID\":\"03384\",\"Description\":\"LR03384\",\"ImageName\":\"images\\/Product\\/1595008732NATUR03384DEB36RD_HiRes.jpg\"}]},{\"CollectionID\":\"Dune\",\"Description\":\"Dune\",\"ImageName\":\"images\\/Product\\/1595009959DUNEC81668SWH7995_HiRes.jpg\",\"NewArrivalExpiry\":\"True\",\"Clearence\":\"\",\"TopSeller\":\"False\",\"SpecialBuy\":\"\",\"DesignsList\":[{\"DesignID\":\"81661\",\"Description\":\"LR81661\",\"ImageName\":\"images\\/Product\\/1595009610DUNEC81661WLB7995_HiRes.jpg\"},{\"DesignID\":\"81662\",\"Description\":\"LR81662\",\"ImageName\":\"images\\/Product\\/1595009666DUNEC81662WSA7995_HiRes.jpg\"},{\"DesignID\":\"81663\",\"Description\":\"LR81663\",\"ImageName\":\"images\\/Product\\/1595009709DUNEC81663IVU5272_HiRes.jpg\"},{\"DesignID\":\"81667\",\"Description\":\"LR81667\",\"ImageName\":\"images\\/Product\\/1595009919DUNEC81667WSA7995_HiRes.jpg\"},{\"DesignID\":\"81668\",\"Description\":\"LR81668\",\"ImageName\":\"images\\/Product\\/1595009959DUNEC81668SWH7995_HiRes.jpg\"}]},{\"CollectionID\":\"Sanibel\",\"Description\":\"Sanibel\",\"ImageName\":\"images\\/Product\\/1594997631SANIB81655OAS5070_HiRes.jpg\",\"NewArrivalExpiry\":\"True\",\"Clearence\":\"\",\"TopSeller\":\"False\",\"SpecialBuy\":\"\",\"DesignsList\":[{\"DesignID\":\"81646\",\"Description\":\"LR81646\",\"ImageName\":\"images\\/Product\\/1594997551SANIB81646NVG5070_HiRes.jpg\"},{\"DesignID\":\"81647\",\"Description\":\"LR81647\",\"ImageName\":\"images\\/Product\\/1594997565SANIB81647OAS5070_HiRes.jpg\"},{\"DesignID\":\"81648\",\"Description\":\"LR81648\",\"ImageName\":\"images\\/Product\\/1594997578SANIB81648NVG5070_HiRes.jpg\"},{\"DesignID\":\"81649\",\"Description\":\"LR81649\",\"ImageName\":\"images\\/Product\\/1594997596SANIB81649SPA5070_HiRes.jpg\"},{\"DesignID\":\"81650\",\"Description\":\"LR81650\",\"ImageName\":\"images\\/Product\\/1594997609SANIB81650OAS5070_HiRes.jpg\"},{\"DesignID\":\"81654\",\"Description\":\"LR81654\",\"ImageName\":\"images\\/Product\\/1594997619SANIB81654NVG5070_HiRes.jpg\"},{\"DesignID\":\"81655\",\"Description\":\"LR81655\",\"ImageName\":\"images\\/Product\\/1594997631SANIB81655OAS5070_HiRes.jpg\"}]},{\"CollectionID\":\"Whimsical\",\"Description\":\"Whimsical\",\"ImageName\":\"images\\/Product\\/1594995821WHIMS81282CRD3656_HiRes.jpg\",\"NewArrivalExpiry\":\"False\",\"Clearence\":\"\",\"TopSeller\":\"False\",\"SpecialBuy\":\"\",\"DesignsList\":[{\"DesignID\":\"81262\",\"Description\":\"LR81262\",\"ImageName\":\"images\\/Product\\/1594995771WHIMS81262CRO3656_HiRes.jpg\"},{\"DesignID\":\"81264\",\"Description\":\"LR81264\",\"ImageName\":\"images\\/Product\\/1594995785WHIMS81264CMR3656_1000.jpg\"},{\"DesignID\":\"81265\",\"Description\":\"LR81265\",\"ImageName\":\"images\\/Product\\/1594995793WHIMS81265CRO3656_HiRes.jpg\"},{\"DesignID\":\"81266\",\"Description\":\"LR81266\",\"ImageName\":\"images\\/Product\\/1594995800WHIMS81266SLB3656_HiRes.jpg\"},{\"DesignID\":\"81267\",\"Description\":\"LR81267\",\"ImageName\":\"images\\/Product\\/1594995804WHIMS81267LSB3656_HiRes.jpg\"},{\"DesignID\":\"81281\",\"Description\":\"LR81281\",\"ImageName\":\"images\\/Product\\/1594995814WHIMS81281GBE3656_HiRes.jpg\"},{\"DesignID\":\"81282\",\"Description\":\"LR81282\",\"ImageName\":\"images\\/Product\\/1594995821WHIMS81282CRD3656_HiRes.jpg\"}]},{\"CollectionID\":\"Catalina\",\"Description\":\"Catalina\",\"ImageName\":\"images\\/Product\\/1594327629CATAL81503BEG5070_Web.jpg\",\"NewArrivalExpiry\":\"False\",\"Clearence\":\"\",\"TopSeller\":\"False\",\"SpecialBuy\":\"\",\"DesignsList\":[{\"DesignID\":\"81500\",\"Description\":\"LR81500\",\"ImageName\":\"images\\/Product\\/1594327565CATAL81500GRB5070_Web.jpg\"},{\"DesignID\":\"81502\",\"Description\":\"LR81502\",\"ImageName\":\"images\\/Product\\/1594327167CATAL81502GNY5070_Web.jpg\"},{\"DesignID\":\"81503\",\"Description\":\"LR81503\",\"ImageName\":\"images\\/Product\\/1594327629CATAL81503BEG5070_Web.jpg\"},{\"DesignID\":\"81504\",\"Description\":\"LR81504\",\"ImageName\":\"images\\/Product\\/1594327620CATAL81504NVG5070_Web.jpg\"},{\"DesignID\":\"81505\",\"Description\":\"LR81505\",\"ImageName\":\"images\\/Product\\/1594327553CATAL81505GNY5070_Web.jpg\"},{\"DesignID\":\"81501\",\"Description\":\"LR81501\",\"ImageName\":\"images\\/Product\\/1594327509CATAL81501BEI5070_Web.jpg\"}]},{\"CollectionID\":\"Juniper\",\"Description\":\"Juniper\",\"ImageName\":\"images\\/Product\\/1595121409JUNIP81571SGR3050_HiRes.jpg\",\"NewArrivalExpiry\":\"False\",\"Clearence\":\"\",\"TopSeller\":\"False\",\"SpecialBuy\":\"\",\"DesignsList\":[{\"DesignID\":\"81571\",\"Description\":\"LR81571\",\"ImageName\":\"images\\/Product\\/1595121409JUNIP81571SGR3050_HiRes.jpg\"}]},{\"CollectionID\":\"Bleached Naturals\",\"Description\":\"Bleached Naturals\",\"ImageName\":\"images\\/Product\\/1594323185BLEAC81431BHI5079_Web.jpg\",\"NewArrivalExpiry\":\"False\",\"Clearence\":\"\",\"TopSeller\":\"False\",\"SpecialBuy\":\"\",\"DesignsList\":[{\"DesignID\":\"81431\",\"Description\":\"LR81431\",\"ImageName\":\"images\\/Product\\/1594323185BLEAC81431BHI5079_Web.jpg\"},{\"DesignID\":\"81432\",\"Description\":\"LR81432\",\"ImageName\":\"images\\/Product\\/1594323159BLEAC81432BKJ5079_Web.jpg\"},{\"DesignID\":\"81433\",\"Description\":\"LR81433\",\"ImageName\":\"images\\/Product\\/1594323130BLEAC81433BIL5079_Web.jpg\"},{\"DesignID\":\"81434\",\"Description\":\"LR81434\",\"ImageName\":\"images\\/Product\\/1594323105BLEAC81434BHG5079_Web.jpg\"},{\"DesignID\":\"81435\",\"Description\":\"LR81435\",\"ImageName\":\"images\\/Product\\/1594323027BLEAC81435BHG5079_Web.jpg\"},{\"DesignID\":\"81436\",\"Description\":\"LR81436\",\"ImageName\":\"images\\/Product\\/1594323001BLEAC81436BIL5079_Web.jpg\"},{\"DesignID\":\"81437\",\"Description\":\"LR81437\",\"ImageName\":\"images\\/Product\\/1594322948BLEAC81437IBY5079_Web.jpg\"},{\"DesignID\":\"81438\",\"Description\":\"LR81438\",\"ImageName\":\"images\\/Product\\/1594322897BLEAC81438BSH90C0_Web.jpg\"}]},{\"CollectionID\":\"Vogue\",\"Description\":\"Vogue\",\"ImageName\":\"images\\/Product\\/1595000846SPECI04608MLT3050_HiRes.jpg\",\"NewArrivalExpiry\":\"False\",\"Clearence\":\"\",\"TopSeller\":\"False\",\"SpecialBuy\":\"\",\"DesignsList\":[{\"DesignID\":\"04608\",\"Description\":\"LR04608 HG BLEEKER\",\"ImageName\":\"images\\/Product\\/1595000846SPECI04608MLT3050_HiRes.jpg\"},{\"DesignID\":\"99971\",\"Description\":\"LR99971 - TM\",\"ImageName\":\"images\\/Product\\/1594996059VOGUE99971BMU3050_HiRes.jpg\"},{\"DesignID\":\"99132\",\"Description\":\"LR99132\",\"ImageName\":\"images\\/Product\\/1594996050VOGUE99132MLT3050_HiRes.jpg\"},{\"DesignID\":\"99133\",\"Description\":\"LR99133\",\"ImageName\":\"images\\/Product\\/1594996054VOGUE99133DEB5070_HiRes.jpg\"}]},{\"CollectionID\":\"Retreat\",\"Description\":\"Retreat\",\"ImageName\":\"images\\/Product\\/1594998437RETRE81608BKG5070_HiRes.jpg\",\"NewArrivalExpiry\":\"False\",\"Clearence\":\"\",\"TopSeller\":\"False\",\"SpecialBuy\":\"\",\"DesignsList\":[{\"DesignID\":\"81605\",\"Description\":\"LR81605\",\"ImageName\":\"images\\/Product\\/1594998409RETRE81605GRN7999_HiRes.jpg\"},{\"DesignID\":\"81606\",\"Description\":\"LR81606\",\"ImageName\":\"images\\/Product\\/1594998419RETRE81606GRN5070_HiRes.jpg\"},{\"DesignID\":\"81607\",\"Description\":\"LR81607\",\"ImageName\":\"images\\/Product\\/1594998428RETRE81607SBL5070_HiRes.jpg\"},{\"DesignID\":\"81600\",\"Description\":\"LR81600\",\"ImageName\":\"images\\/Product\\/1594998378RETRE81600NAT7999_HiRes.jpg\"},{\"DesignID\":\"81603\",\"Description\":\"LR81603\",\"ImageName\":\"images\\/Product\\/1594998392RETRE81603PEB7999_HiRes.jpg\"},{\"DesignID\":\"81599\",\"Description\":\"LR81599\",\"ImageName\":\"images\\/Product\\/1594998368RETRE81599NAT7999_HiRes.jpg\"},{\"DesignID\":\"81608\",\"Description\":\"LR81608\",\"ImageName\":\"images\\/Product\\/1594998437RETRE81608BKG5070_HiRes.jpg\"}]},{\"CollectionID\":\"Victorian\",\"Description\":\"Victorian\",\"ImageName\":\"images\\/Product\\/1594996232VICTO81586BLU7090_HiRes.jpg\",\"NewArrivalExpiry\":\"False\",\"Clearence\":\"\",\"TopSeller\":\"False\",\"SpecialBuy\":\"\",\"DesignsList\":[{\"DesignID\":\"81581\",\"Description\":\"LR81581\",\"ImageName\":\"images\\/Product\\/1594996210VICTO81581IVO5070_HiRes.jpg\"},{\"DesignID\":\"81582\",\"Description\":\"LR81582\",\"ImageName\":\"images\\/Product\\/1594996215VICTO81582GRY5070_HiRes.jpg\"},{\"DesignID\":\"81583\",\"Description\":\"LR81583\",\"ImageName\":\"images\\/Product\\/1594996219VICTO81583GRY5070_HiRes.jpg\"},{\"DesignID\":\"81584\",\"Description\":\"LR81584\",\"ImageName\":\"images\\/Product\\/1594996223VICTO81584IVO5070_HiRes.jpg\"},{\"DesignID\":\"81585\",\"Description\":\"LR81585\",\"ImageName\":\"images\\/Product\\/1594996228VICTO81585SLV5070_HiRes.jpg\"},{\"DesignID\":\"81586\",\"Description\":\"LR81586\",\"ImageName\":\"images\\/Product\\/1594996232VICTO81586BLU7090_HiRes.jpg\"}]},{\"CollectionID\":\"Meadow\",\"Description\":\"Meadow\",\"ImageName\":\"images\\/Product\\/1595001986MEADO81547WIV5272_HiRes.jpg\",\"NewArrivalExpiry\":\"False\",\"Clearence\":\"\",\"TopSeller\":\"False\",\"SpecialBuy\":\"\",\"DesignsList\":[{\"DesignID\":\"81541\",\"Description\":\"LR81541\",\"ImageName\":\"images\\/Product\\/1595001330MEADO81541WGY5272_HiRes.jpg\"},{\"DesignID\":\"81542\",\"Description\":\"LR81542\",\"ImageName\":\"images\\/Product\\/1595001471MEADO81542IVW5272_HiRes.jpg\"},{\"DesignID\":\"81545\",\"Description\":\"LR81545\",\"ImageName\":\"images\\/Product\\/1595001796MEADO81545SLY5272_HiRes.jpg\"},{\"DesignID\":\"81546\",\"Description\":\"LR81546\",\"ImageName\":\"images\\/Product\\/1595001912MEADO81546WLB5272_HiRes.jpg\"},{\"DesignID\":\"81547\",\"Description\":\"LR81547\",\"ImageName\":\"images\\/Product\\/1595001986MEADO81547WIV5272_HiRes.jpg\"}]},{\"CollectionID\":\"Dazzle\",\"Description\":\"Dazzle\",\"ImageName\":\"images\\/Product\\/1595127168DAZZL54104BLU60RD_HiRes.jpg\",\"NewArrivalExpiry\":\"False\",\"Clearence\":\"\",\"TopSeller\":\"False\",\"SpecialBuy\":\"\",\"DesignsList\":[{\"DesignID\":\"54026\",\"Description\":\"LR54026\",\"ImageName\":\"images\\/Product\\/1595125368DAZZL54026BLU60RD_HiRes.jpg\"},{\"DesignID\":\"54054\",\"Description\":\"LR54054\",\"ImageName\":\"images\\/Product\\/1595125503DAZZL54054GRY60RD_HiRes.jpg\"},{\"DesignID\":\"54059\",\"Description\":\"LR54059\",\"ImageName\":\"images\\/Product\\/1595125745DAZZL54059RUS60RD_HiRes.jpg\"},{\"DesignID\":\"54062\",\"Description\":\"LR54062\",\"ImageName\":\"images\\/Product\\/1595125963DAZZL54062BLK40RD_HiRes.jpg\"},{\"DesignID\":\"54076\",\"Description\":\"LR54076\",\"ImageName\":\"images\\/Product\\/1594924939DAZZL54076GRN40RD_Web.jpg\"},{\"DesignID\":\"54077\",\"Description\":\"LR54077\",\"ImageName\":\"images\\/Product\\/1595126508DAZZL54077TEA60RD_HiRes.jpg\"},{\"DesignID\":\"54078\",\"Description\":\"LR54078\",\"ImageName\":\"images\\/Product\\/1595126548DAZZL54078GRY60RD_HiRes.jpg\"},{\"DesignID\":\"54079\",\"Description\":\"LR54079\",\"ImageName\":\"images\\/Product\\/1595126574DAZZL54079IVU60RD_HiRes.jpg\"},{\"DesignID\":\"54085\",\"Description\":\"LR54085\",\"ImageName\":\"images\\/Product\\/1595126600DAZZL54085TEG40RD_HiRes.jpg\"},{\"DesignID\":\"54087\",\"Description\":\"LR54087\",\"ImageName\":\"images\\/Product\\/1595126665DAZZL54087IGY40RD_HiRes.jpg\"},{\"DesignID\":\"54090\",\"Description\":\"LR54090\",\"ImageName\":\"images\\/Product\\/1595126804DAZZL54090IV040RD_HiRes.jpg\"},{\"DesignID\":\"54091\",\"Description\":\"LR54091\",\"ImageName\":\"images\\/Product\\/1595126840DAZZL54091RUS40RD_HiRes.jpg\"},{\"DesignID\":\"54092\",\"Description\":\"LR54092\",\"ImageName\":\"images\\/Product\\/1595126875DAZZL54092GRY40RD_HiRes.jpg\"},{\"DesignID\":\"54094\",\"Description\":\"LR54094\",\"ImageName\":\"images\\/Product\\/1594745407DAZZL54094IVT40RD_Web.jpg\"},{\"DesignID\":\"54097\",\"Description\":\"LR54097\",\"ImageName\":\"images\\/Product\\/1595127001DAZZL54097CRT40RD_HiRes.jpg\"},{\"DesignID\":\"54099\",\"Description\":\"LR54099\",\"ImageName\":\"images\\/Product\\/1595127090DAZZL54099TBU40RD_HiRes.jpg\"},{\"DesignID\":\"54100\",\"Description\":\"LR54100\",\"ImageName\":\"images\\/Product\\/1595127133DAZZL54100IGY40RD_HiRes.jpg\"},{\"DesignID\":\"54104\",\"Description\":\"LR54104\",\"ImageName\":\"images\\/Product\\/1595127168DAZZL54104BLU60RD_HiRes.jpg\"}]},{\"CollectionID\":\"Global Goods\",\"Description\":\"Global Goods\",\"ImageName\":\"images\\/Product\\/16067339971595610884SPECI05268GYN2058_1000.jpg\",\"NewArrivalExpiry\":\"False\",\"Clearence\":\"\",\"TopSeller\":\"False\",\"SpecialBuy\":\"\",\"DesignsList\":[{\"DesignID\":\"04580\",\"Description\":\"LR04580 -HG\",\"ImageName\":\"images\\/Product\\/1595000723SPECI04580BKN2640_HiRes.jpg\"},{\"DesignID\":\"04706\",\"Description\":\"LRO4706\",\"ImageName\":\"images\\/Product\\/1595002234SPECI04706IGF2060_1000.jpg\"},{\"DesignID\":\"05268\",\"Description\":\"LR05268\",\"ImageName\":\"images\\/Product\\/16067339971595610884SPECI05268GYN2058_1000.jpg\"},{\"DesignID\":\"05271\",\"Description\":\"LR05271\",\"ImageName\":\"images\\/Product\\/1595108422SPECI05271NAT263A_HiRes.jpg\"}]},{\"CollectionID\":\"Kismet\",\"Description\":\"Kismet\",\"ImageName\":\"images\\/Product\\/1595123259KISME81493IVN44RD_HiRes.jpg\",\"NewArrivalExpiry\":\"False\",\"Clearence\":\"\",\"TopSeller\":\"False\",\"SpecialBuy\":\"\",\"DesignsList\":[{\"DesignID\":\"81491\",\"Description\":\"LR81491\",\"ImageName\":\"images\\/Product\\/1595123184KISME81491WSA5372_HiRes.jpg\"},{\"DesignID\":\"81492\",\"Description\":\"LR81492\",\"ImageName\":\"images\\/Product\\/1595123215KISME81492ITR5372_HiRes.jpg\"},{\"DesignID\":\"81493\",\"Description\":\"LR81493\",\"ImageName\":\"images\\/Product\\/1595123259KISME81493IVN44RD_HiRes.jpg\"}]},{\"CollectionID\":\"Modern Traditions\",\"Description\":\"Modern Traditions\",\"ImageName\":\"images\\/Product\\/1594930101MODTR81292IVO5079_HiRes.jpg\",\"NewArrivalExpiry\":\"True\",\"Clearence\":\"\",\"TopSeller\":\"False\",\"SpecialBuy\":\"\",\"DesignsList\":[{\"DesignID\":\"81285\",\"Description\":\"LR81285\",\"ImageName\":\"images\\/Product\\/1594928449MODTR81285IBE5079_HiRes.jpg\"},{\"DesignID\":\"81287\",\"Description\":\"LR81287\",\"ImageName\":\"images\\/Product\\/1594929339MODTR81287OGY5079_HiRes.jpg\"},{\"DesignID\":\"81288\",\"Description\":\"LR81288\",\"ImageName\":\"images\\/Product\\/1594929525MODTR81288TUG5079_HiRes.jpg\"},{\"DesignID\":\"81289\",\"Description\":\"LR81289\",\"ImageName\":\"images\\/Product\\/1594929641MODTR81289SGG5079_HiRes.jpg\"},{\"DesignID\":\"81290\",\"Description\":\"LR81290\",\"ImageName\":\"images\\/Product\\/1594929758MODTR81290BEI5079_HiRes.jpg\"},{\"DesignID\":\"81291\",\"Description\":\"LR81291\",\"ImageName\":\"images\\/Product\\/1594929951MODTR81291BEO5079_HiRes.jpg\"},{\"DesignID\":\"81292\",\"Description\":\"LR81292\",\"ImageName\":\"images\\/Product\\/1594930101MODTR81292IVO5079_HiRes.jpg\"}]},{\"CollectionID\":\"Criss Cross\",\"Description\":\"Criss Cross\",\"ImageName\":\"images\\/Product\\/1630046457CRISS81300BRE90C0_HiRes.jpg\",\"NewArrivalExpiry\":\"False\",\"Clearence\":\"\",\"TopSeller\":\"False\",\"SpecialBuy\":\"\",\"DesignsList\":[{\"DesignID\":\"81295\",\"Description\":\"LR81295\",\"ImageName\":\"images\\/Product\\/1630045920CRISS81295NVI90C0_HiRes.jpg\"},{\"DesignID\":\"81296\",\"Description\":\"LR81296\",\"ImageName\":\"images\\/Product\\/1630046009CRISS81296SIV90C0_HiRes.jpg\"},{\"DesignID\":\"81300\",\"Description\":\"LR81300\",\"ImageName\":\"images\\/Product\\/1630046457CRISS81300BRE90C0_HiRes.jpg\"},{\"DesignID\":\"81297\",\"Description\":\"LR81297\",\"ImageName\":\"images\\/Product\\/1630046156CRISS81297GRY90C0_HiRes.jpg\"},{\"DesignID\":\"82200\",\"Description\":\"LR82200\",\"ImageName\":\"ProgramLineImages\\/commingsoon.jpg\"},{\"DesignID\":\"82202\",\"Description\":\"LR82202\",\"ImageName\":\"ProgramLineImages\\/commingsoon.jpg\"}]},{\"CollectionID\":\"Infinity\",\"Description\":\"Infinity\",\"ImageName\":\"images\\/Product\\/1595120675INFIN81308BKG5272_HiRes.jpg\",\"NewArrivalExpiry\":\"False\",\"Clearence\":\"\",\"TopSeller\":\"False\",\"SpecialBuy\":\"\",\"DesignsList\":[{\"DesignID\":\"81308\",\"Description\":\"LR81308\",\"ImageName\":\"images\\/Product\\/1595120675INFIN81308BKG5272_HiRes.jpg\"},{\"DesignID\":\"81309\",\"Description\":\"LR81309\",\"ImageName\":\"images\\/Product\\/1594992753INFIN81309WBL7995_HiRes.jpg\"},{\"DesignID\":\"81313\",\"Description\":\"LR81313\",\"ImageName\":\"images\\/Product\\/1594992894INFIN81313GYB7995_HiRes.jpg\"},{\"DesignID\":\"81319\",\"Description\":\"LR81319\",\"ImageName\":\"images\\/Product\\/1594993029INFIN81319LSB7995_HiRes.jpg\"}]},{\"CollectionID\":\"Karma\",\"Description\":\"Karma\",\"ImageName\":\"images\\/Product\\/1594990809KARMA21043NAV90C0_HiRes.jpg\",\"NewArrivalExpiry\":\"False\",\"Clearence\":\"\",\"TopSeller\":\"False\",\"SpecialBuy\":\"\",\"DesignsList\":[{\"DesignID\":\"21042\",\"Description\":\"LR21042\",\"ImageName\":\"images\\/Product\\/1594990595KARMA21042RUS90C0_HiRes.jpg\"},{\"DesignID\":\"21043\",\"Description\":\"LR21043\",\"ImageName\":\"images\\/Product\\/1594990809KARMA21043NAV90C0_HiRes.jpg\"}]},{\"CollectionID\":\"Classic Jute\",\"Description\":\"Classic Jute\",\"ImageName\":\"images\\/Product\\/1594327958CLASS81206GYN3656_Web.jpg\",\"NewArrivalExpiry\":\"False\",\"Clearence\":\"\",\"TopSeller\":\"False\",\"SpecialBuy\":\"\",\"DesignsList\":[{\"DesignID\":\"81206\",\"Description\":\"LR81206\",\"ImageName\":\"images\\/Product\\/1594327958CLASS81206GYN3656_Web.jpg\"},{\"DesignID\":\"81209\",\"Description\":\"LR81209\",\"ImageName\":\"images\\/Product\\/1594327860CLASS81209NAT3656_Web.jpg\"}]},{\"CollectionID\":\"Matrix\",\"Description\":\"Matrix\",\"ImageName\":\"images\\/Product\\/1595004050MATRI81201LBS7995_HiRes.jpg\",\"NewArrivalExpiry\":\"False\",\"Clearence\":\"\",\"TopSeller\":\"False\",\"SpecialBuy\":\"\",\"DesignsList\":[{\"DesignID\":\"81156\",\"Description\":\"LR81156\",\"ImageName\":\"images\\/Product\\/1595003210MATRI81156WSB7995_HiRes.jpg\"},{\"DesignID\":\"81173\",\"Description\":\"LR81173\",\"ImageName\":\"images\\/Product\\/1595003481MATRI81173JBT7995_HiRes.jpg\"},{\"DesignID\":\"81175\",\"Description\":\"LR81175\",\"ImageName\":\"images\\/Product\\/1595003603MATRI81175TIG7995_HiRes.jpg\"},{\"DesignID\":\"81197\",\"Description\":\"LR81197\",\"ImageName\":\"images\\/Product\\/1595003746MATRI81197SBB7995_HiRes.jpg\"},{\"DesignID\":\"81198\",\"Description\":\"LR81198\",\"ImageName\":\"images\\/Product\\/1595003854MATRI81198LBE7995_HiRes.jpg\"},{\"DesignID\":\"81200\",\"Description\":\"LR81200\",\"ImageName\":\"images\\/Product\\/1595003993MATRI81200WBL7995_HiRes.jpg\"},{\"DesignID\":\"81201\",\"Description\":\"LR81201\",\"ImageName\":\"images\\/Product\\/1595004050MATRI81201LBS7995_HiRes.jpg\"}]},{\"CollectionID\":\"Grace\",\"Description\":\"Grace\",\"ImageName\":\"images\\/Product\\/1594998324GRAC281105CRM7995_1000.jpg\",\"NewArrivalExpiry\":\"False\",\"Clearence\":\"\",\"TopSeller\":\"False\",\"SpecialBuy\":\"\",\"DesignsList\":[{\"DesignID\":\"81105\",\"Description\":\"LR81105\",\"ImageName\":\"images\\/Product\\/1594998324GRAC281105CRM7995_1000.jpg\"},{\"DesignID\":\"81106\",\"Description\":\"LR81106\",\"ImageName\":\"images\\/Product\\/1594996993GRAC281106BLK7995_HiRes.jpg\"},{\"DesignID\":\"81108\",\"Description\":\"LR81108\",\"ImageName\":\"images\\/Product\\/1594997069GRAC281108RED7995_HiRes.jpg\"},{\"DesignID\":\"81112\",\"Description\":\"LR81112\",\"ImageName\":\"images\\/Product\\/1594997267GRAC281112RDB7995_HiRes.jpg\"},{\"DesignID\":\"81125\",\"Description\":\"LR81125\",\"ImageName\":\"images\\/Product\\/1594997574GRAC281125TEA7995_HiRes.jpg\"},{\"DesignID\":\"81126\",\"Description\":\"LR81126\",\"ImageName\":\"images\\/Product\\/1594997618GRAC281126GRY7995_HiRes.jpg\"},{\"DesignID\":\"81130\",\"Description\":\"LR81130\",\"ImageName\":\"images\\/Product\\/1594997663GRAC281130GRY7995_HiRes.jpg\"},{\"DesignID\":\"81132\",\"Description\":\"LR81132\",\"ImageName\":\"images\\/Product\\/1594997751GRAC281132BLK7995_HiRes.jpg\"},{\"DesignID\":\"81133\",\"Description\":\"LR81133\",\"ImageName\":\"images\\/Product\\/1594997789GRAC281133REE7995_HiRes.jpg\"}]},{\"CollectionID\":\"Fashion\",\"Description\":\"Fashion\",\"ImageName\":\"images\\/Product\\/1630047624FASHI02510TAU5079_HiRes Mian.jpg\",\"NewArrivalExpiry\":\"False\",\"Clearence\":\"\",\"TopSeller\":\"False\",\"SpecialBuy\":\"\",\"DesignsList\":[{\"DesignID\":\"02510\",\"Description\":\"LR02510\",\"ImageName\":\"images\\/Product\\/1630047624FASHI02510TAU5079_HiRes Mian.jpg\"}]},{\"CollectionID\":\"Elite\",\"Description\":\"Elite\",\"ImageName\":\"ProgramLineImages\\/commingsoon.jpg\",\"NewArrivalExpiry\":\"False\",\"Clearence\":\"\",\"TopSeller\":\"False\",\"SpecialBuy\":\"\",\"DesignsList\":[{\"DesignID\":\"03603\",\"Description\":\"LR03603 - WINDSOR\",\"ImageName\":\"ProgramLineImages\\/commingsoon.jpg\"}]},{\"CollectionID\":\"Distressed Natural Fiber\",\"Description\":\"Distressed Natural Fiber\",\"ImageName\":\"ProgramLineImages\\/commingsoon.jpg\",\"NewArrivalExpiry\":\"False\",\"Clearence\":\"\",\"TopSeller\":\"False\",\"SpecialBuy\":\"\",\"DesignsList\":[{\"DesignID\":\"03610\",\"Description\":\"LR03610\",\"ImageName\":\"ProgramLineImages\\/commingsoon.jpg\"}]},{\"CollectionID\":\"Divergence\",\"Description\":\"Divergence\",\"ImageName\":\"ProgramLineImages\\/commingsoon.jpg\",\"NewArrivalExpiry\":\"False\",\"Clearence\":\"\",\"TopSeller\":\"False\",\"SpecialBuy\":\"\",\"DesignsList\":[{\"DesignID\":\"81472\",\"Description\":\"LR81472\",\"ImageName\":\"ProgramLineImages\\/commingsoon.jpg\"}]},{\"CollectionID\":\"Aurora\",\"Description\":\"Aurora\",\"ImageName\":\"images\\/Product\\/1594322295AUROR81537BLU5070_Web.jpg\",\"NewArrivalExpiry\":\"False\",\"Clearence\":\"\",\"TopSeller\":\"False\",\"SpecialBuy\":\"\",\"DesignsList\":[{\"DesignID\":\"81535\",\"Description\":\"LR81535\",\"ImageName\":\"images\\/Product\\/1594322267AUROR81535SBL5070_Web.jpg\"},{\"DesignID\":\"81536\",\"Description\":\"LR81536\",\"ImageName\":\"images\\/Product\\/1594322201AUROR81536MLT5070_Web.jpg\"},{\"DesignID\":\"81537\",\"Description\":\"LR81537\",\"ImageName\":\"images\\/Product\\/1594322295AUROR81537BLU5070_Web.jpg\"}]},{\"CollectionID\":\"Accent\",\"Description\":\"Accent\",\"ImageName\":\"images\\/Product\\/1594319441ACCEN70153TNV2639_Web.jpg\",\"NewArrivalExpiry\":\"False\",\"Clearence\":\"\",\"TopSeller\":\"False\",\"SpecialBuy\":\"\",\"DesignsList\":[{\"DesignID\":\"70153\",\"Description\":\"LR70153\",\"ImageName\":\"images\\/Product\\/1594319441ACCEN70153TNV2639_Web.jpg\"}]},{\"CollectionID\":\"Ox Bay 2x3\",\"Description\":\"Ox Bay 2x3\",\"ImageName\":\"images\\/Product\\/1597767686NATUR04010MLT2030_HiRes.jpg\",\"NewArrivalExpiry\":\"False\",\"Clearence\":\"\",\"TopSeller\":\"False\",\"SpecialBuy\":\"\",\"DesignsList\":[{\"DesignID\":\"04010\",\"Description\":\"LR04010 - MOTLEY\",\"ImageName\":\"images\\/Product\\/1597767686NATUR04010MLT2030_HiRes.jpg\"}]},{\"CollectionID\":\"TM Naturals\",\"Description\":\"TM Naturals\",\"ImageName\":\"ProgramLineImages\\/commingsoon.jpg\",\"NewArrivalExpiry\":\"False\",\"Clearence\":\"\",\"TopSeller\":\"False\",\"SpecialBuy\":\"\",\"DesignsList\":[{\"DesignID\":\"05181\",\"Description\":\"LR05181 - TM\",\"ImageName\":\"ProgramLineImages\\/commingsoon.jpg\"},{\"DesignID\":\"99410\",\"Description\":\"LR99410 - TM\",\"ImageName\":\"ProgramLineImages\\/commingsoon.jpg\"},{\"DesignID\":\"99457\",\"Description\":\"LR99457\",\"ImageName\":\"ProgramLineImages\\/commingsoon.jpg\"},{\"DesignID\":\"99647\",\"Description\":\"LR99647\",\"ImageName\":\"ProgramLineImages\\/commingsoon.jpg\"},{\"DesignID\":\"99648\",\"Description\":\"LR99648\",\"ImageName\":\"ProgramLineImages\\/commingsoon.jpg\"},{\"DesignID\":\"99649\",\"Description\":\"LR99649\",\"ImageName\":\"ProgramLineImages\\/commingsoon.jpg\"},{\"DesignID\":\"99641\",\"Description\":\"LR99641-TM\",\"ImageName\":\"ProgramLineImages\\/commingsoon.jpg\"},{\"DesignID\":\"99640\",\"Description\":\"LR99640-TM\",\"ImageName\":\"ProgramLineImages\\/commingsoon.jpg\"}]},{\"CollectionID\":\"Topanga\",\"Description\":\"Topanga\",\"ImageName\":\"ProgramLineImages\\/commingsoon.jpg\",\"NewArrivalExpiry\":\"False\",\"Clearence\":\"\",\"TopSeller\":\"False\",\"SpecialBuy\":\"\",\"DesignsList\":[{\"DesignID\":\"81320\",\"Description\":\"LR81320\",\"ImageName\":\"ProgramLineImages\\/commingsoon.jpg\"},{\"DesignID\":\"81321\",\"Description\":\"LR81321\",\"ImageName\":\"ProgramLineImages\\/commingsoon.jpg\"},{\"DesignID\":\"81322\",\"Description\":\"LR81322\",\"ImageName\":\"ProgramLineImages\\/commingsoon.jpg\"},{\"DesignID\":\"81323\",\"Description\":\"LR81323\",\"ImageName\":\"ProgramLineImages\\/commingsoon.jpg\"},{\"DesignID\":\"81324\",\"Description\":\"LR81324\",\"ImageName\":\"ProgramLineImages\\/commingsoon.jpg\"}]},{\"CollectionID\":\"Tribeca\",\"Description\":\"Tribeca\",\"ImageName\":\"ProgramLineImages\\/commingsoon.jpg\",\"NewArrivalExpiry\":\"False\",\"Clearence\":\"\",\"TopSeller\":\"False\",\"SpecialBuy\":\"\",\"DesignsList\":[{\"DesignID\":\"04312\",\"Description\":\"LR04312\",\"ImageName\":\"ProgramLineImages\\/commingsoon.jpg\"}]}],\"Success\":true}\";','s:91180:\"{\"Cheshire\":{\"title\":\"Cheshire\",\"raw\":{\"CollectionID\":\"Cheshire\",\"Description\":\"Cheshire\",\"ImageName\":\"images\\/Product\\/1651300901CHESHIRE-82129-GRAY-BEIGE-TOP.jpg\",\"NewArrivalExpiry\":\"False\",\"Clearence\":\"\",\"TopSeller\":\"False\",\"SpecialBuy\":\"\",\"DesignsList\":[{\"DesignID\":\"82121\",\"Description\":\"LR82121\",\"ImageName\":\"images\\/Product\\/1651300610CHESHIRE-82121-GRAY-BEIGE-TOP.jpg\"},{\"DesignID\":\"82122\",\"Description\":\"LR82122\",\"ImageName\":\"images\\/Product\\/1651300695CHESHIRE-82122-BLUE-BEIGE-TOP.jpg\"},{\"DesignID\":\"82127\",\"Description\":\"LR82127\",\"ImageName\":\"images\\/Product\\/1651300753CHESHIRE-82127-BEIGE-GRAY-TOP.jpg\"},{\"DesignID\":\"82128\",\"Description\":\"LR82128\",\"ImageName\":\"images\\/Product\\/1651300858CHESHIRE-82128-BLUE-GRAY-TOP.jpg\"},{\"DesignID\":\"82129\",\"Description\":\"LR82129\",\"ImageName\":\"images\\/Product\\/1651300901CHESHIRE-82129-GRAY-BEIGE-TOP.jpg\"}]},\"description\":null,\"image\":\"http:\\/\\/lrhome.us\\/images\\/Product\\/1651300901CHESHIRE-82129-GRAY-BEIGE-TOP.jpg\"},\"Bergen\":{\"title\":\"Bergen\",\"raw\":{\"CollectionID\":\"Bergen\",\"Description\":\"Bergen\",\"ImageName\":\"images\\/Product\\/165633406003438IVO.jpg\",\"NewArrivalExpiry\":\"False\",\"Clearence\":\"\",\"TopSeller\":\"False\",\"SpecialBuy\":\"\",\"DesignsList\":[{\"DesignID\":\"03435\",\"Description\":\"LR03435\",\"ImageName\":\"images\\/Product\\/165633323603435GYS.jpg\"},{\"DesignID\":\"03436\",\"Description\":\"LR03436\",\"ImageName\":\"images\\/Product\\/165633328103436GIV.jpg\"},{\"DesignID\":\"03437\",\"Description\":\"LR03437\",\"ImageName\":\"images\\/Product\\/165633331603437SYI.jpg\"},{\"DesignID\":\"03438\",\"Description\":\"LR03438\",\"ImageName\":\"images\\/Product\\/165633406003438IVO.jpg\"},{\"DesignID\":\"03439\",\"Description\":\"LR03439\",\"ImageName\":\"images\\/Product\\/165633353003439DIY.jpg\"},{\"DesignID\":\"03440\",\"Description\":\"LR03440\",\"ImageName\":\"images\\/Product\\/165633357403440BEI.jpg\"}]},\"description\":null,\"image\":\"http:\\/\\/lrhome.us\\/images\\/Product\\/165633406003438IVO.jpg\"},\"Nimroz\":{\"title\":\"Nimroz\",\"raw\":{\"CollectionID\":\"Nimroz\",\"Description\":\"Nimroz\",\"ImageName\":\"images\\/Product\\/NULL\",\"NewArrivalExpiry\":\"True\",\"Clearence\":\"\",\"TopSeller\":\"False\",\"SpecialBuy\":\"\",\"DesignsList\":[{\"DesignID\":\"81980\",\"Description\":\"LR81980\",\"ImageName\":\"images\\/Product\\/1628681240NMROZ81980BMU7999_HiRes.jpg\"},{\"DesignID\":\"81981\",\"Description\":\"LR81981\",\"ImageName\":\"images\\/Product\\/1628681465NMROZ81981BMU7999_HiRes.jpg\"},{\"DesignID\":\"81982\",\"Description\":\"LR81982\",\"ImageName\":\"images\\/Product\\/1628681557NMROZ81982BEM7999_HiRes.jpg\"},{\"DesignID\":\"81983\",\"Description\":\"LR81983\",\"ImageName\":\"images\\/Product\\/1642749879NMROZ81983MLT2030_HiRes.jpg\"},{\"DesignID\":\"81984\",\"Description\":\"LR81984\",\"ImageName\":\"images\\/Product\\/1628681748NMROZ81984NML7999_HiRes.jpg\"},{\"DesignID\":\"81985\",\"Description\":\"LR81985\",\"ImageName\":\"images\\/Product\\/NULL\"}]},\"description\":\"Combining centuries of traditional textile techniques with contemporary customer needs, this boho-chic diamond dynasty geometric striped area rug is an innovative blend of classic dhurrie construction and a secondary cotton backing for extra support and durability. This flatwoven rug is handmade by artisan weavers using natural jute and cotton fibers for a sustainable, stylish look and feel. The vivid natural colors and rejuvenated mix of geometry motifs showcase time-tested weaving techniques while preserving the traditional craft of dhurrie area rug construction. Trimmed with a natural loom fringe, this finishing border adds a touch of texture to your space.\",\"image\":\"http:\\/\\/lrhome.us\\/images\\/Product\\/1642749879NMROZ81983MLT2030_HiRes.jpg\"},\"Rondane\":{\"title\":\"Rondane\",\"raw\":{\"CollectionID\":\"Rondane\",\"Description\":\"Rondane\",\"ImageName\":\"images\\/Product\\/165633424303425TUR.jpg\",\"NewArrivalExpiry\":\"False\",\"Clearence\":\"\",\"TopSeller\":\"False\",\"SpecialBuy\":\"\",\"DesignsList\":[{\"DesignID\":\"03421\",\"Description\":\"LR03421\",\"ImageName\":\"images\\/Product\\/165633409803421BGN.jpg\"},{\"DesignID\":\"03422\",\"Description\":\"LR03422\",\"ImageName\":\"images\\/Product\\/165633415803422BNT.jpg\"},{\"DesignID\":\"03423\",\"Description\":\"LR03423\",\"ImageName\":\"images\\/Product\\/165633419703423NAV.jpg\"},{\"DesignID\":\"03424\",\"Description\":\"LR03424\",\"ImageName\":\"images\\/Product\\/165633422003424BEI.jpg\"},{\"DesignID\":\"03425\",\"Description\":\"LR03425\",\"ImageName\":\"images\\/Product\\/165633424303425TUR.jpg\"}]},\"description\":null,\"image\":\"http:\\/\\/lrhome.us\\/images\\/Product\\/165633424303425TUR.jpg\"},\"Abbey\":{\"title\":\"Abbey\",\"raw\":{\"CollectionID\":\"Abbey\",\"Description\":\"Abbey\",\"ImageName\":\"images\\/Product\\/1651257377ABBEY-82076-IVORY-RED-TOP.jpg\",\"NewArrivalExpiry\":\"False\",\"Clearence\":\"\",\"TopSeller\":\"False\",\"SpecialBuy\":\"\",\"DesignsList\":[{\"DesignID\":\"82071\",\"Description\":\"LR82071\",\"ImageName\":\"images\\/Product\\/1651255590ABBEY-82071-BLUE-IVORY-TOP.jpg\"},{\"DesignID\":\"82072\",\"Description\":\"LR82072\",\"ImageName\":\"images\\/Product\\/1651256315ABBEY-82072-IVORY-BLUE-TOP.jpg\"},{\"DesignID\":\"82073\",\"Description\":\"LR82073\",\"ImageName\":\"images\\/Product\\/1651256664ABBEY-82073-RED-IVORY-TOP.jpg\"},{\"DesignID\":\"82074\",\"Description\":\"LR82074\",\"ImageName\":\"images\\/Product\\/1651256752ABBEY-82074-IVORY-TOP.jpg\"},{\"DesignID\":\"82075\",\"Description\":\"LR82075\",\"ImageName\":\"images\\/Product\\/1651257218ABBEY-82075-IVORY-BLUE-TOP.jpg\"},{\"DesignID\":\"82076\",\"Description\":\"LR82076\",\"ImageName\":\"images\\/Product\\/1651257377ABBEY-82076-IVORY-RED-TOP.jpg\"}]},\"description\":null,\"image\":\"http:\\/\\/lrhome.us\\/images\\/Product\\/1651257377ABBEY-82076-IVORY-RED-TOP.jpg\"},\"Antalya\":{\"title\":\"Antalya\",\"raw\":{\"CollectionID\":\"Antalya\",\"Description\":\"Antalya\",\"ImageName\":\"images\\/Product\\/1651260352ANTALYA-82058-BLUETEAL-TOP.jpg\",\"NewArrivalExpiry\":\"False\",\"Clearence\":\"\",\"TopSeller\":\"False\",\"SpecialBuy\":\"\",\"DesignsList\":[{\"DesignID\":\"82051\",\"Description\":\"LR82051\",\"ImageName\":\"images\\/Product\\/1651259952ANTALYA-82051-BROWN-BEIGE-TOP.jpg\"},{\"DesignID\":\"82052\",\"Description\":\"LR82052\",\"ImageName\":\"images\\/Product\\/1651260057ANTALYA-82052-BLUE-BEIGE-TOP.jpg\"},{\"DesignID\":\"82053\",\"Description\":\"LR82053\",\"ImageName\":\"images\\/Product\\/1651260112ANTALYA-82053-GRAY-NAVY-TOP.jpg\"},{\"DesignID\":\"82054\",\"Description\":\"LR82054\",\"ImageName\":\"images\\/Product\\/1651260158ANTALYA-82054-CREAM-BEIGE-TOP.psd-HALIDA-\\u00c4\\u00b0Z-VAR.jpg\"},{\"DesignID\":\"82055\",\"Description\":\"LR82055\",\"ImageName\":\"images\\/Product\\/1651260211ANTALYA-82055-NAVY-GRAY-TOP.jpg\"},{\"DesignID\":\"82056\",\"Description\":\"LR82056\",\"ImageName\":\"images\\/Product\\/1651260248ANTALYA-82056-BEIGE-CREAM-TOP.jpg\"},{\"DesignID\":\"82057\",\"Description\":\"LR82057\",\"ImageName\":\"images\\/Product\\/1651260299ANTALYA-82057-DARKGRAY-BEIGE-TOP.jpg\"},{\"DesignID\":\"82058\",\"Description\":\"LR82058\",\"ImageName\":\"images\\/Product\\/1651260352ANTALYA-82058-BLUETEAL-TOP.jpg\"}]},\"description\":null,\"image\":\"http:\\/\\/lrhome.us\\/Antalya\"},\"Veranda\":{\"title\":\"Veranda\",\"raw\":{\"CollectionID\":\"Veranda\",\"Description\":\"Veranda\",\"ImageName\":\"images\\/Product\\/1642575400VERND82109SGR5070_HiRes.jpg\",\"NewArrivalExpiry\":\"True\",\"Clearence\":\"\",\"TopSeller\":\"False\",\"SpecialBuy\":\"\",\"DesignsList\":[{\"DesignID\":\"82101\",\"Description\":\"LR82101\",\"ImageName\":\"images\\/Product\\/1642573220VERND82101BEB7999_HiRes.jpg\"},{\"DesignID\":\"82102\",\"Description\":\"LR82102\",\"ImageName\":\"images\\/Product\\/1642573533VERND82102NBL7999_HiRes.jpg\"},{\"DesignID\":\"82103\",\"Description\":\"LR82103\",\"ImageName\":\"images\\/Product\\/1642573729VERND82103AMT5070_HiRes.jpg\"},{\"DesignID\":\"82104\",\"Description\":\"LR82104\",\"ImageName\":\"images\\/Product\\/1642573934VERND82104BEM5070_HiRes.jpg\"},{\"DesignID\":\"82105\",\"Description\":\"LR82105\",\"ImageName\":\"images\\/Product\\/1642574295VERND82105BEM5070_HiRes.jpg\"},{\"DesignID\":\"82106\",\"Description\":\"LR82106\",\"ImageName\":\"images\\/Product\\/1642574474VERND82106NMT5070_HiRes.jpg\"},{\"DesignID\":\"82107\",\"Description\":\"LR82107\",\"ImageName\":\"images\\/Product\\/1642574667VERND82107SGR7999_HiRes.jpg\"},{\"DesignID\":\"82108\",\"Description\":\"LR82108\",\"ImageName\":\"images\\/Product\\/1642574855VERND82108NSL5070_HiRes.jpg\"},{\"DesignID\":\"82109\",\"Description\":\"LR82109\",\"ImageName\":\"images\\/Product\\/1642575400VERND82109SGR5070_HiRes.jpg\"}]},\"description\":null,\"image\":\"http:\\/\\/lrhome.us\\/Veranda\"},\"Copa Cabana\":{\"title\":\"Copa Cabana\",\"raw\":{\"CollectionID\":\"Copa Cabana\",\"Description\":\"Copa Cabana\",\"ImageName\":\"images\\/Product\\/1632388198COPAC81820ORG_Alt_HiResMain.jpg\",\"NewArrivalExpiry\":\"True\",\"Clearence\":\"\",\"TopSeller\":\"False\",\"SpecialBuy\":\"\",\"DesignsList\":[{\"DesignID\":\"81811\",\"Description\":\"LR81811\",\"ImageName\":\"images\\/Product\\/1632387809COPAC81811TML_Alt_HiResMain.jpg\"},{\"DesignID\":\"81812\",\"Description\":\"LR81812\",\"ImageName\":\"images\\/Product\\/1632387845COPAC81812GRN_Alt_HiResMain.jpg\"},{\"DesignID\":\"81813\",\"Description\":\"LR81813\",\"ImageName\":\"images\\/Product\\/1632387872COPAC81813BLU_Alt_HiResMain.jpg\"},{\"DesignID\":\"81814\",\"Description\":\"LR81814\",\"ImageName\":\"images\\/Product\\/1632387896COPAC81814ORA_Alt_HiResMain.jpg\"},{\"DesignID\":\"81815\",\"Description\":\"LR81815\",\"ImageName\":\"images\\/Product\\/1632387926COPAC81815MLT_Alt_HiResMain.jpg\"},{\"DesignID\":\"81816\",\"Description\":\"LR81816\",\"ImageName\":\"images\\/Product\\/1632388057COPAC81816TML_Alt_HiResMian.jpg\"},{\"DesignID\":\"81817\",\"Description\":\"LR81817\",\"ImageName\":\"images\\/Product\\/1632388100COPAC81817MLT_Alt_HiResMain.jpg\"},{\"DesignID\":\"81818\",\"Description\":\"LR81818\",\"ImageName\":\"images\\/Product\\/1632388131COPAC81818MLT_Alt_HiResMain.jpg\"},{\"DesignID\":\"81819\",\"Description\":\"LR81819\",\"ImageName\":\"images\\/Product\\/1632388166COPAC81819GRY_Alt_HiResMain.jpg\"},{\"DesignID\":\"81820\",\"Description\":\"LR81820\",\"ImageName\":\"images\\/Product\\/1632388198COPAC81820ORG_Alt_HiResMain.jpg\"}]},\"description\":null,\"image\":\"http:\\/\\/lrhome.us\\/Copa Cabana\"},\"Isabella\":{\"title\":\"Isabella\",\"raw\":{\"CollectionID\":\"Isabella\",\"Description\":\"Isabella\",\"ImageName\":\"images\\/Product\\/16332652401631866302ISABE81779GBU5076_HiRes (1).jpg\",\"NewArrivalExpiry\":\"True\",\"Clearence\":\"\",\"TopSeller\":\"False\",\"SpecialBuy\":\"\",\"DesignsList\":[{\"DesignID\":\"81778\",\"Description\":\"LR81778\",\"ImageName\":\"images\\/Product\\/1631866244ISABE81778GRY5076_HiRes.jpg\"},{\"DesignID\":\"81779\",\"Description\":\"LR81779\",\"ImageName\":\"images\\/Product\\/16332652401631866302ISABE81779GBU5076_HiRes (1).jpg\"},{\"DesignID\":\"81780\",\"Description\":\"LR81780\",\"ImageName\":\"images\\/Product\\/1631866340ISABE81780IVO5076_HiRes.jpg\"},{\"DesignID\":\"81781\",\"Description\":\"LR81781\",\"ImageName\":\"images\\/Product\\/1631866375ISABE81781GBU5076_HiRes.jpg\"}]},\"description\":\"The neutral gray-blue hues and stylishly muted designs of the Isabella collection excentuate polished modern traditional spaces. Imported from Turkey, this power loomed collection is constructed with a versatile blend of polyester and viscose fibers to provide silky, soft textures at an affordable price point.\",\"image\":\"http:\\/\\/lrhome.us\\/images\\/Product\\/16332652401631866302ISABE81779GBU5076_HiRes (1).jpg\"},\"Babylon\":{\"title\":\"Babylon\",\"raw\":{\"CollectionID\":\"Babylon\",\"Description\":\"Babylon\",\"ImageName\":\"images\\/Product\\/1631884077BABYL81791IVO7999_HiRes.jpg\",\"NewArrivalExpiry\":\"True\",\"Clearence\":\"\",\"TopSeller\":\"False\",\"SpecialBuy\":\"\",\"DesignsList\":[{\"DesignID\":\"81785\",\"Description\":\"LR81785\",\"ImageName\":\"images\\/Product\\/1631883900BABYL81785RED7999_Web.jpg\"},{\"DesignID\":\"81786\",\"Description\":\"LR81786\",\"ImageName\":\"images\\/Product\\/1631883932BABYL81786IVO7999_Web.jpg\"},{\"DesignID\":\"81787\",\"Description\":\"LR81787\",\"ImageName\":\"images\\/Product\\/1631883960BABYL81787GRY7999_HiRes.jpg\"},{\"DesignID\":\"81788\",\"Description\":\"LR81788\",\"ImageName\":\"images\\/Product\\/1631883987BABYL81788IVE7999_Web.jpg\"},{\"DesignID\":\"81789\",\"Description\":\"LR81789\",\"ImageName\":\"images\\/Product\\/1631884025BABYL81789IGY7999_Web.jpg\"},{\"DesignID\":\"81790\",\"Description\":\"LR81790\",\"ImageName\":\"images\\/Product\\/1631884049BABYL81790IVO7999_HiRes.jpg\"},{\"DesignID\":\"81791\",\"Description\":\"LR81791\",\"ImageName\":\"images\\/Product\\/1631884077BABYL81791IVO7999_HiRes.jpg\"}]},\"description\":\"The Babylon rug collection merges timeless traditional motifs with vintage-inspired transitional tones to create an effortlessly elevated look. Resilient wool fibers have been hand-tufted for all-around comfort underfoot and dynamic dimension throughout. This classic collection is an ideal fit for luxurious high-traffic areas. \\u00a0\",\"image\":\"http:\\/\\/lrhome.us\\/images\\/Product\\/1631884077BABYL81791IVO7999_HiRes.jpg\"},\"Imagine\":{\"title\":\"Imagine\",\"raw\":{\"CollectionID\":\"Imagine\",\"Description\":\"Imagine\",\"ImageName\":\"images\\/Product\\/1634308672IMAGI81530GCO96D0_HiRes.jpg\",\"NewArrivalExpiry\":\"True\",\"Clearence\":\"\",\"TopSeller\":\"False\",\"SpecialBuy\":\"\",\"DesignsList\":[{\"DesignID\":\"81511\",\"Description\":\"LR81511\",\"ImageName\":\"images\\/Product\\/1594994246IMAGI81511NIB9AD0_HiRes.jpg\"},{\"DesignID\":\"81512\",\"Description\":\"LR81512\",\"ImageName\":\"images\\/Product\\/1594994327IMAGI81512CSH9AD0_HiRes.jpg\"},{\"DesignID\":\"81513\",\"Description\":\"LR81513\",\"ImageName\":\"images\\/Product\\/1594994529IMAGI81513HMB9AD0_HiRes.jpg\"},{\"DesignID\":\"81514\",\"Description\":\"LR81514\",\"ImageName\":\"images\\/Product\\/1594994621IMAGI81514CNU9AD0_HiRes.jpg\"},{\"DesignID\":\"81515\",\"Description\":\"LR81515\",\"ImageName\":\"images\\/Product\\/1594994676IMAGI81515STW9AD0_HiRes.jpg\"},{\"DesignID\":\"81516\",\"Description\":\"LR81516\",\"ImageName\":\"images\\/Product\\/1594994740IMAGI81516HMC9AD0_HiRes.jpg\"},{\"DesignID\":\"81517\",\"Description\":\"LR81517\",\"ImageName\":\"images\\/Product\\/1597329318IMAGI81517HMB9AD0_Web.jpg\"},{\"DesignID\":\"81518\",\"Description\":\"LR81518\",\"ImageName\":\"images\\/Product\\/1597329510IMAGI81518CMH5376_Web.jpg\"},{\"DesignID\":\"81519\",\"Description\":\"LR81519\",\"ImageName\":\"images\\/Product\\/1597329626IMAGI81519CMK_HiRes.jpg\"},{\"DesignID\":\"81520\",\"Description\":\"LR81520\",\"ImageName\":\"images\\/Product\\/1611396639IMAGI81520CPB9AD0_HiRes.jpg\"},{\"DesignID\":\"81521\",\"Description\":\"LR81521\",\"ImageName\":\"images\\/Product\\/1611233651Imagine-81521Hrm-Harbormis_Top.jpg\"},{\"DesignID\":\"81522\",\"Description\":\"LR81522\",\"ImageName\":\"images\\/Product\\/1611233744Imagine-81522Ne-Neutural-Gray_Top.jpg\"},{\"DesignID\":\"81523\",\"Description\":\"LR81523\",\"ImageName\":\"images\\/Product\\/1633434041IMAGI81523NAV96D0_HiRes (1).jpg\"},{\"DesignID\":\"81524\",\"Description\":\"LR81524\",\"ImageName\":\"images\\/Product\\/1634307948IMAGI81524IVO_96D0_HiRes.jpg\"},{\"DesignID\":\"81530\",\"Description\":\"LR81530\",\"ImageName\":\"images\\/Product\\/1634308672IMAGI81530GCO96D0_HiRes.jpg\"}]},\"description\":\"Bringing the perfect mix of color and texture into your home isn\'t always easy; that\'s why we made this Imagine Collection with the customer\'s needs in mind. The patterns on this particular collection are sure to highlight a variety of different interior styles. Sure to thrill you and your guest, this rug collection will transport you to a style oasis. With a low pile height, this rug remains tight to the ground and is ideal for a family member with a trip hazard.\",\"image\":\"http:\\/\\/lrhome.us\\/images\\/Product\\/1611396639IMAGI81520CPB9AD0_HiRes.jpg\"},\"Holi\":{\"title\":\"Holi\",\"raw\":{\"CollectionID\":\"Holi\",\"Description\":\"Holi\",\"ImageName\":\"images\\/Product\\/1631778018HOLIC81777REE5080_Web.jpg\",\"NewArrivalExpiry\":\"True\",\"Clearence\":\"\",\"TopSeller\":\"False\",\"SpecialBuy\":\"\",\"DesignsList\":[{\"DesignID\":\"81771\",\"Description\":\"LR81771\",\"ImageName\":\"images\\/Product\\/1631777454HOLIC81771RYW5080_Web.jpg\"},{\"DesignID\":\"81772\",\"Description\":\"LR81772\",\"ImageName\":\"images\\/Product\\/1631777813HOLIC81772RGY4060_Web.jpg\"},{\"DesignID\":\"81773\",\"Description\":\"LR81773\",\"ImageName\":\"images\\/Product\\/1631777880HOLIC81773GML5080_Web.jpg\"},{\"DesignID\":\"81774\",\"Description\":\"LR81774\",\"ImageName\":\"images\\/Product\\/1631777910HOLIC81774BEB5080_Web.jpg\"},{\"DesignID\":\"81775\",\"Description\":\"LR81775\",\"ImageName\":\"images\\/Product\\/1631777946HOLIC81775IML5080_Web.jpg\"},{\"DesignID\":\"81776\",\"Description\":\"LR81776\",\"ImageName\":\"images\\/Product\\/1631777977HOLIC81776GML5080_Web.jpg\"},{\"DesignID\":\"81777\",\"Description\":\"LR81777\",\"ImageName\":\"images\\/Product\\/1631778018HOLIC81777REE5080_Web.jpg\"}]},\"description\":\"The Holi collection creates intrigue with designs ranging from abstract to traditional in this refreshing revamp of modern rustic style using antique-inspired tones. Imported from Turkey, this power-loomed collection is constructed with durable polyester fibers to provide long-lasting styles with easy to clean features.\",\"image\":\"http:\\/\\/lrhome.us\\/images\\/Product\\/1631778018HOLIC81777REE5080_Web.jpg\"},\"Hampton\":{\"title\":\"Hampton\",\"raw\":{\"CollectionID\":\"Hampton\",\"Description\":\"Hampton\",\"ImageName\":\"images\\/Product\\/1631883794NATUR03397CNM7999_HiRes.jpg\",\"NewArrivalExpiry\":\"True\",\"Clearence\":\"\",\"TopSeller\":\"False\",\"SpecialBuy\":\"\",\"DesignsList\":[{\"DesignID\":\"03392\",\"Description\":\"LR03392\",\"ImageName\":\"images\\/Product\\/1631881964NATUR03392IGB7999_HiRes.jpg\"},{\"DesignID\":\"03393\",\"Description\":\"LR03393\",\"ImageName\":\"images\\/Product\\/1631883633NATUR03393FDN7999_HiRes.jpg\"},{\"DesignID\":\"03394\",\"Description\":\"LR03394\",\"ImageName\":\"images\\/Product\\/1631883671NATUR03394QGR7999_HiRes.jpg\"},{\"DesignID\":\"03395\",\"Description\":\"LR03395\",\"ImageName\":\"images\\/Product\\/1631883713NATUR03395BLK7999_HiRes.jpg\"},{\"DesignID\":\"03396\",\"Description\":\"LR03396\",\"ImageName\":\"images\\/Product\\/1631883766NATUR03396NAV7999_HiRes.jpg\"},{\"DesignID\":\"03397\",\"Description\":\"LR03397\",\"ImageName\":\"images\\/Product\\/1631883794NATUR03397CNM7999_HiRes.jpg\"}]},\"description\":\"Handwoven in India, the Hamptons rug collection combines sustainable natural fibers, classic coastal stripes, and a durable cotton backing to bring timeless texture, chic style, and resilient versatility to your space. Crafted with care, this assortment of area rugs supports communities with the collective effort to create these works of art. \\u00a0\",\"image\":\"http:\\/\\/lrhome.us\\/images\\/Product\\/1631884077BABYL81791IVO7999_HiRes.jpg\"},\"Kilimanjaro\":{\"title\":\"Kilimanjaro\",\"raw\":{\"CollectionID\":\"Kilimanjaro\",\"Description\":\"Kilimanjaro\",\"ImageName\":\"images\\/Product\\/1616656693KILIM81760WAN3050_HiRes.jpg\",\"NewArrivalExpiry\":\"True\",\"Clearence\":\"\",\"TopSeller\":\"False\",\"SpecialBuy\":\"\",\"DesignsList\":[{\"DesignID\":\"81751\",\"Description\":\"LR81751\",\"ImageName\":\"images\\/Product\\/1616656209KILIM81751AWH3050_HiRes.jpg\"},{\"DesignID\":\"81752\",\"Description\":\"LR81752\",\"ImageName\":\"images\\/Product\\/1616656297KILIM81752WAN5370_HiRes.jpg\"},{\"DesignID\":\"81753\",\"Description\":\"LR81753\",\"ImageName\":\"images\\/Product\\/1616656345KILIM81753AWH3050_HiRes.jpg\"},{\"DesignID\":\"81754\",\"Description\":\"LR81754\",\"ImageName\":\"images\\/Product\\/1616656410KILIM81754WAN5370_HiRes.jpg\"},{\"DesignID\":\"81755\",\"Description\":\"LR81755\",\"ImageName\":\"images\\/Product\\/1616656446KILIM81755AWH3050_HiRes.jpg\"},{\"DesignID\":\"81756\",\"Description\":\"LR81756\",\"ImageName\":\"images\\/Product\\/1616656496KILIM81756WAN3050_HiRes.jpg\"},{\"DesignID\":\"81757\",\"Description\":\"LR81757\",\"ImageName\":\"images\\/Product\\/1616656550KILIM81757AWH3050_HiRes.jpg\"},{\"DesignID\":\"81758\",\"Description\":\"LR81758\",\"ImageName\":\"images\\/Product\\/1616656578KILIM81758AWH3050_HiRes.jpg\"},{\"DesignID\":\"81759\",\"Description\":\"LR81759\",\"ImageName\":\"images\\/Product\\/1616656641KILIM81759WAN3050_HiRes.jpg\"},{\"DesignID\":\"81760\",\"Description\":\"LR81760\",\"ImageName\":\"images\\/Product\\/1616656693KILIM81760WAN3050_HiRes.jpg\"}]},\"description\":\"The Kilimanjaro rug collection transcends traditional geometric motifs of the past and establishes new summits of cutting-edge elegance within indoor and outdoor spaces. This neutral addition features a minimal Greek key bordering to frame your room and bring a sophisticated flair to your atmosphere. This rug features a balanced blend of modern monochromatic shades. From afar, this floor covering appears gray and white; however, the closer you look, the more intricate this inviting assortment of anthracite, gray, white, and cream tones becomes.\",\"image\":\"http:\\/\\/lrhome.us\\/images\\/Product\\/1616656693KILIM81760WAN3050_HiRes.jpg\"},\"Natural Fiber\":{\"title\":\"Natural Fiber\",\"raw\":{\"CollectionID\":\"Natural Fiber\",\"Description\":\"Natural Fiber\",\"ImageName\":\"images\\/Product\\/163194189703302SAH_HiRes.jpg\",\"NewArrivalExpiry\":\"True\",\"Clearence\":\"\",\"TopSeller\":\"False\",\"SpecialBuy\":\"\",\"DesignsList\":[{\"DesignID\":\"03305\",\"Description\":\"LR03305\",\"ImageName\":\"images\\/Product\\/163194176603305NAV_HiRes.jpg\"},{\"DesignID\":\"03306\",\"Description\":\"LR03306\",\"ImageName\":\"images\\/Product\\/1618298555NATUR03306HEB5079_HiRes_1.jpg\"},{\"DesignID\":\"03307\",\"Description\":\"LR03307\",\"ImageName\":\"ProgramLineImages\\/commingsoon.jpg\"},{\"DesignID\":\"03301\",\"Description\":\"LR03301\",\"ImageName\":\"images\\/Product\\/1595014686NATUR03301GRN80A0_HiRes.jpg\"},{\"DesignID\":\"03302\",\"Description\":\"LR03302\",\"ImageName\":\"images\\/Product\\/163194189703302SAH_HiRes.jpg\"},{\"DesignID\":\"03341\",\"Description\":\"LR03341\",\"ImageName\":\"images\\/Product\\/1597766719NATUR03341GRY2030_HiRes.jpg\"},{\"DesignID\":\"03344\",\"Description\":\"LR03344\",\"ImageName\":\"images\\/Product\\/1595014854NATUR03344GRY80A0_HiRes.jpg\"},{\"DesignID\":\"03322\",\"Description\":\"LR03322- CLOVIS\",\"ImageName\":\"ProgramLineImages\\/commingsoon.jpg\"},{\"DesignID\":\"03330\",\"Description\":\"LR03330\",\"ImageName\":\"images\\/Product\\/1595014831NATUR03330BLU80A0_HiRes.jpg\"},{\"DesignID\":\"03333\",\"Description\":\"LR03333\",\"ImageName\":\"images\\/Product\\/1598884109NATUR03333DGY5079_HiRes.jpg\"},{\"DesignID\":\"03336\",\"Description\":\"LR03336 - SONORA\",\"ImageName\":\"images\\/Product\\/1606733336160595992009_topshot_2_03336GRY.jpg\"},{\"DesignID\":\"03337\",\"Description\":\"LR03337 - SONORA\",\"ImageName\":\"images\\/Product\\/1606733432160612663306_topshot_2_03337SPA.jpg\"},{\"DesignID\":\"03338\",\"Description\":\"LR03338 - SONORA\",\"ImageName\":\"images\\/Product\\/161051795101_topshot_03338NAV.jpg\"},{\"DesignID\":\"03318\",\"Description\":\"LR03318 - TM\",\"ImageName\":\"ProgramLineImages\\/commingsoon.jpg\"},{\"DesignID\":\"03309\",\"Description\":\"LR03309\",\"ImageName\":\"images\\/Product\\/1598560008NATUR03309MNS5079_HiRes.jpg\"},{\"DesignID\":\"03310\",\"Description\":\"LR03310\",\"ImageName\":\"images\\/Product\\/161051744702_topshot_03310BUR.jpg\"},{\"DesignID\":\"03311\",\"Description\":\"LR03311\",\"ImageName\":\"images\\/Product\\/1618305764NATUR03311IND5079_HiRes_1.jpg\"},{\"DesignID\":\"03313\",\"Description\":\"LR03313\",\"ImageName\":\"images\\/Product\\/1598560482NATUR03313BGN5079_HiRes.jpg\"},{\"DesignID\":\"03314\",\"Description\":\"LR03314\",\"ImageName\":\"images\\/Product\\/1606733186160612591710_topshot_2_03314TEA.jpg\"},{\"DesignID\":\"03317\",\"Description\":\"LR03317\",\"ImageName\":\"images\\/Product\\/1598883243NATUR03317SEF5079_HiRes.jpg\"},{\"DesignID\":\"03367\",\"Description\":\"LR03367\",\"ImageName\":\"ProgramLineImages\\/commingsoon.jpg\"},{\"DesignID\":\"03368\",\"Description\":\"LR03368\",\"ImageName\":\"images\\/Product\\/1598885118NATUR03368BKJ5079_HiRes.jpg\"},{\"DesignID\":\"03369\",\"Description\":\"LR03369\",\"ImageName\":\"ProgramLineImages\\/commingsoon.jpg\"},{\"DesignID\":\"03376\",\"Description\":\"LR03376\",\"ImageName\":\"images\\/Product\\/1595014872NATUR03376IGY90C0_HiRes.jpg\"},{\"DesignID\":\"03377\",\"Description\":\"LR03377\",\"ImageName\":\"images\\/Product\\/1595014892NATUR03377MLT90C0_HiRes.jpg\"},{\"DesignID\":\"03378\",\"Description\":\"LR03378\",\"ImageName\":\"images\\/Product\\/1595014910NATUR03378SPA90C0_HiRes.jpg\"},{\"DesignID\":\"03379\",\"Description\":\"LR03379\",\"ImageName\":\"images\\/Product\\/1595014928NATUR03379BTW90C0_HiRes.jpg\"},{\"DesignID\":\"03385\",\"Description\":\"LR03385\",\"ImageName\":\"images\\/Product\\/1595014944NATUR03385NAT90C0_HiRes.jpg\"},{\"DesignID\":\"03386\",\"Description\":\"LR03386\",\"ImageName\":\"images\\/Product\\/1595014961NATUR03386NAT90C0_HiRes.jpg\"},{\"DesignID\":\"03387\",\"Description\":\"LR03387\",\"ImageName\":\"images\\/Product\\/16040478661603093705NATUR03387MCH_HiRes.jpg\"},{\"DesignID\":\"03388\",\"Description\":\"LR03388\",\"ImageName\":\"images\\/Product\\/1604047612NATUR03388ENS_HiRes.jpg\"},{\"DesignID\":\"03389\",\"Description\":\"LR03389\",\"ImageName\":\"images\\/Product\\/1607494090NATUR03389NAT7999_1000.jpg\"},{\"DesignID\":\"03390\",\"Description\":\"LR03390\",\"ImageName\":\"images\\/Product\\/1607326311NATUR03390BHI7999_1000.jpg\"},{\"DesignID\":\"03391\",\"Description\":\"LR03391\",\"ImageName\":\"images\\/Product\\/1619080153NATUR03391SMN5079_HiRes.jpg\"}]},\"description\":\"Jute is the perfect addition for today\'s contemporary home. This collection truly highlights a lovely, natural feel in the home and merges with a variety of different decor and styles. Handwoven in India, the Natural Fiber collection has been handcrafted for your greatest satisfaction.\",\"image\":\"http:\\/\\/lrhome.us\\/images\\/Product\\/163194189703302SAH_HiRes.jpg\"},\"Antiquity\":{\"title\":\"Antiquity\",\"raw\":{\"CollectionID\":\"Antiquity\",\"Description\":\"Antiquity\",\"ImageName\":\"images\\/Product\\/1627377941ANTIQ81459BLY537A_Web_1.jpg\",\"NewArrivalExpiry\":\"True\",\"Clearence\":\"\",\"TopSeller\":\"False\",\"SpecialBuy\":\"\",\"DesignsList\":[{\"DesignID\":\"81451\",\"Description\":\"LR81451\",\"ImageName\":\"images\\/Product\\/1617441090ANTIQ81451CRM537A_Web_1.jpg\"},{\"DesignID\":\"81452\",\"Description\":\"LR81452\",\"ImageName\":\"images\\/Product\\/1617440694ANTIQ81452CAB537A_Web_1.jpg\"},{\"DesignID\":\"81453\",\"Description\":\"LR81453\",\"ImageName\":\"images\\/Product\\/1617441436ANTIQ81453CAB537A_Web.jpg\"},{\"DesignID\":\"81455\",\"Description\":\"LR81455\",\"ImageName\":\"images\\/Product\\/1617441861ANTIQ81455BLM2330_Web_1.jpg\"},{\"DesignID\":\"81457\",\"Description\":\"LR81457\",\"ImageName\":\"images\\/Product\\/1617442237ANTIQ81457BEC537A_Web_1.jpg\"},{\"DesignID\":\"81458\",\"Description\":\"LR81458\",\"ImageName\":\"images\\/Product\\/1617440191ANTIQ81458BEC537A_Web_1.jpg\"},{\"DesignID\":\"81459\",\"Description\":\"LR81459\",\"ImageName\":\"images\\/Product\\/1627377941ANTIQ81459BLY537A_Web_1.jpg\"},{\"DesignID\":\"81460\",\"Description\":\"LR81460\",\"ImageName\":\"images\\/Product\\/1616846495ANTIQ81460BLY537A_Web.jpg\"},{\"DesignID\":\"81461\",\"Description\":\"LR81461\",\"ImageName\":\"images\\/Product\\/1616846567ANTIQ81461BLY537A_Web.jpg\"},{\"DesignID\":\"81462\",\"Description\":\"LR81462\",\"ImageName\":\"images\\/Product\\/1616846616ANTIQ81462BWE537A_Web.jpg\"},{\"DesignID\":\"81463\",\"Description\":\"LR81463\",\"ImageName\":\"images\\/Product\\/1616846675ANTIQ81463BWE537A_Web.jpg\"},{\"DesignID\":\"81464\",\"Description\":\"LR81464\",\"ImageName\":\"images\\/Product\\/1616846820ANTIQ81464BET537A_Web.jpg\"},{\"DesignID\":\"81474\",\"Description\":\"LR81474\",\"ImageName\":\"images\\/Product\\/1616846874ANTIQ81474CRN537A_Web.jpg\"},{\"DesignID\":\"81475\",\"Description\":\"LR81475\",\"ImageName\":\"images\\/Product\\/1616846940ANTIQ81475CAB537A_Web.jpg\"}]},\"description\":\"Intricate and eye-catching, our Antiquity collection aims to add a contemporary twist to the traditional Turkish design. Perfect for an indoor or outdoor space looking to complement a variety of d\\u00e9cor and colors. With a low pile height, this collection is ideal for homes with lots of traction.\",\"image\":\"http:\\/\\/lrhome.us\\/images\\/Product\\/1627377941ANTIQ81459BLY537A_Web_1.jpg\"},\"Vintage\":{\"title\":\"Vintage\",\"raw\":{\"CollectionID\":\"Vintage\",\"Description\":\"Vintage\",\"ImageName\":\"images\\/Product\\/1605162987VINTA81925SLV2030_HiRes.jpg\",\"NewArrivalExpiry\":\"True\",\"Clearence\":\"\",\"TopSeller\":\"False\",\"SpecialBuy\":\"\",\"DesignsList\":[{\"DesignID\":\"81921\",\"Description\":\"LR81921\",\"ImageName\":\"images\\/Product\\/1605162567VINTA81921IVO2030_HiRes.jpg\"},{\"DesignID\":\"81922\",\"Description\":\"LR81922\",\"ImageName\":\"images\\/Product\\/1605162666VINTA81922SLU2030_HiRes.jpg\"},{\"DesignID\":\"81923\",\"Description\":\"LR81923\",\"ImageName\":\"images\\/Product\\/1605162780VINTA81923SAG2030_HiRes.jpg\"},{\"DesignID\":\"81924\",\"Description\":\"LR81924\",\"ImageName\":\"images\\/Product\\/1605162876VINTA81924IVU2030_HiRes.jpg\"},{\"DesignID\":\"81925\",\"Description\":\"LR81925\",\"ImageName\":\"images\\/Product\\/1605162987VINTA81925SLV2030_HiRes.jpg\"}]},\"description\":\"A modest color palette and elements of garden motifs meld together to create this timeless vintage classic. Equally fitting in casual and formal spaces, this traditional-style area rug provides modest enrichments to your environment. Hand-tufted by skilled craftsmen in India, this piece is constructed using quality wool and detailed precision to satisfy your home for many years to come. Lay down a lasting foundation for your space with the Vintage Collection from LR Home.\",\"image\":\"http:\\/\\/lrhome.us\\/images\\/Product\\/1608613337SUNSH81250TLB3050_HiRes.jpg\"},\"Gala\":{\"title\":\"Gala\",\"raw\":{\"CollectionID\":\"Gala\",\"Description\":\"Gala\",\"ImageName\":\"images\\/Product\\/1611229120GALAC81384LWT5076_Web.jpg\",\"NewArrivalExpiry\":\"True\",\"Clearence\":\"\",\"TopSeller\":\"False\",\"SpecialBuy\":\"\",\"DesignsList\":[{\"DesignID\":\"81272\",\"Description\":\"LR81272\",\"ImageName\":\"ProgramLineImages\\/commingsoon.jpg\"},{\"DesignID\":\"81273\",\"Description\":\"LR81273\",\"ImageName\":\"images\\/Product\\/1595031021GALAC81273NAM80A0_HiRes.jpg\"},{\"DesignID\":\"81275\",\"Description\":\"LR81275\",\"ImageName\":\"images\\/Product\\/1595031189GALAC81275INM80A0_HiRes.jpg\"},{\"DesignID\":\"81271\",\"Description\":\"LR81271\",\"ImageName\":\"images\\/Product\\/1595030772GALAC81271GMI80A0_HiRes.jpg\"},{\"DesignID\":\"81284\",\"Description\":\"LR81284-GALA\",\"ImageName\":\"ProgramLineImages\\/commingsoon.jpg\"},{\"DesignID\":\"81375\",\"Description\":\"LR81375\",\"ImageName\":\"images\\/Product\\/1598982166GALAC81375IVU4060_1000.jpg\"},{\"DesignID\":\"81378\",\"Description\":\"LR81378\",\"ImageName\":\"images\\/Product\\/16067342101604902454GALAC81378RED5076_HiRes.jpg\"},{\"DesignID\":\"81380\",\"Description\":\"LR81380\",\"ImageName\":\"images\\/Product\\/1611228846GALAC81380CPL5076_Web.jpg\"},{\"DesignID\":\"81381\",\"Description\":\"LR81381\",\"ImageName\":\"images\\/Product\\/1611228900GALAC81381CRW5076_Web.jpg\"},{\"DesignID\":\"81382\",\"Description\":\"LR81382\",\"ImageName\":\"images\\/Product\\/1611228963GALAC81382CRW5076_Web.jpg\"},{\"DesignID\":\"81384\",\"Description\":\"LR81384\",\"ImageName\":\"images\\/Product\\/1611229120GALAC81384LWT5076_Web.jpg\"}]},\"description\":\"Spruce up your floors with the intricate Gala collection. Whether you place this in your master bedroom, foyer, or dining area, this piece is sure to bring enjoyment for many years to come. The faded detailing to this piece will allow for long term usage without the appearance of aging. The boarding edge also allows for a great transition from detailed design to hard wood or soft carpet. Bring this masterpiece home today.\",\"image\":\"http:\\/\\/lrhome.us\\/images\\/Product\\/1611229185GALAC81408CRW5076_Web.jpg\"},\"Impulse\":{\"title\":\"Impulse\",\"raw\":{\"CollectionID\":\"Impulse\",\"Description\":\"Impulse\",\"ImageName\":\"images\\/Product\\/1611226224IMPLS81854BLE7696_HiRes.jpg\",\"NewArrivalExpiry\":\"True\",\"Clearence\":\"\",\"TopSeller\":\"False\",\"SpecialBuy\":\"\",\"DesignsList\":[{\"DesignID\":\"81851\",\"Description\":\"LR81851\",\"ImageName\":\"images\\/Product\\/1611225958IMPLS81851CMD7696_HiRes.jpg\"},{\"DesignID\":\"81852\",\"Description\":\"LR81852\",\"ImageName\":\"images\\/Product\\/1611226048IMPLS81852BKG7696_HiRes.jpg\"},{\"DesignID\":\"81853\",\"Description\":\"LR81853\",\"ImageName\":\"images\\/Product\\/1611226146IMPLS81853PBG7696_HiRes.jpg\"},{\"DesignID\":\"81854\",\"Description\":\"LR81854\",\"ImageName\":\"images\\/Product\\/1611226224IMPLS81854BLE7696_HiRes.jpg\"}]},\"description\":\"Ignite a spark of transitional contemporary flare in your home or office space with our modish Impulse Collection. Inspired by the remnants of electric impulses, this area rug accentuates an exuberant abstract design with well-toned hues of charcoal gray and colorful, eye-catching undertones. Constructed by power-loom with a polypropylene blend, this collection features a low pile height to avoid trip hazards and a light-weight framework for easy maintenance.\",\"image\":\"http:\\/\\/lrhome.us\\/images\\/Product\\/1611233651Imagine-81521Hrm-Harbormis_Top.jpg\"},\"Revolution\":{\"title\":\"Revolution\",\"raw\":{\"CollectionID\":\"Revolution\",\"Description\":\"Revolution\",\"ImageName\":\"images\\/Product\\/1611228696REVOL81806GYB5376_HiRes.jpg\",\"NewArrivalExpiry\":\"True\",\"Clearence\":\"\",\"TopSeller\":\"False\",\"SpecialBuy\":\"\",\"DesignsList\":[{\"DesignID\":\"81801\",\"Description\":\"LR81801\",\"ImageName\":\"images\\/Product\\/1611228350REVOL81801GYR7996_HiRes.jpg\"},{\"DesignID\":\"81802\",\"Description\":\"LR81802\",\"ImageName\":\"images\\/Product\\/1611228423REVOL81802BGR7996_HiRes.jpg\"},{\"DesignID\":\"81803\",\"Description\":\"LR81803\",\"ImageName\":\"images\\/Product\\/1611228498REVOL81803BGR5376_HiRes.jpg\"},{\"DesignID\":\"81804\",\"Description\":\"LR81804\",\"ImageName\":\"images\\/Product\\/1611228564REVOL81804GCM5376_HiRes.jpg\"},{\"DesignID\":\"81805\",\"Description\":\"LR81805\",\"ImageName\":\"images\\/Product\\/1611228632REVOL81805GBU5376_HiRes.jpg\"},{\"DesignID\":\"81806\",\"Description\":\"LR81806\",\"ImageName\":\"images\\/Product\\/1611228696REVOL81806GYB5376_HiRes.jpg\"}]},\"description\":\"Renew your home with our trendsetting Revolution collection, this collection features intricate pops of colors that combine to perfectly create fresh depth and style to any space. This trendy piece features distressed gray and black cheetah print with intricate gold specks, which adds an extra chic accent and flair to a variety of spaces. Perfectly fitting in a contemporary, modern, or whimsical home, this rug embodies versatility and creativity to elevate your living room, kids\\u00e2\\u20ac\\u2122 area, bedroom, or office space. Constructed by power-loom with a polypropylene blend, this area rug features a low pile height to avoid trip hazards and a light-weight framework for easy maintenance.\",\"image\":\"http:\\/\\/lrhome.us\\/images\\/Product\\/1611228696REVOL81806GYB5376_HiRes.jpg\"},\"Nimbus\":{\"title\":\"Nimbus\",\"raw\":{\"CollectionID\":\"Nimbus\",\"Description\":\"Nimbus\",\"ImageName\":\"images\\/Product\\/1611228210NIMBS81834GYR5076_HiRes.jpg\",\"NewArrivalExpiry\":\"True\",\"Clearence\":\"\",\"TopSeller\":\"False\",\"SpecialBuy\":\"\",\"DesignsList\":[{\"DesignID\":\"81831\",\"Description\":\"LR81831\",\"ImageName\":\"images\\/Product\\/1611227662NIMBS81831BLM5076_HiRes.jpg\"},{\"DesignID\":\"81832\",\"Description\":\"LR81832\",\"ImageName\":\"images\\/Product\\/1611228063NIMBS81832GBU5076_HiRes.jpg\"},{\"DesignID\":\"81833\",\"Description\":\"LR81833\",\"ImageName\":\"images\\/Product\\/1611228142NIMBS81833GYB5076_HiRes.jpg\"},{\"DesignID\":\"81834\",\"Description\":\"LR81834\",\"ImageName\":\"images\\/Product\\/1611228210NIMBS81834GYR5076_HiRes.jpg\"}]},\"description\":\"Inspired by the natural formations of the Earth from above, the Nimbus Collection brings a tranquil oasis of hues and abstract imagery to your space. Displaying a balanced swirl of clay orange, rust brown, and chalky white, this rug is sure to catch the eye and satisfy your stylish needs. Perfectly fitting in a rustic, industrial, or modern home, this rug embodies versatility and creativity to elevate your living room, dining area, bedroom, or office space. Constructed by power-loom with a polypropylene blend, this area rug features a low pile height to avoid trip hazards and a light-weight framework for easy maintenance.\",\"image\":\"http:\\/\\/lrhome.us\\/images\\/Product\\/1611228210NIMBS81834GYR5076_HiRes.jpg\"},\"Calypso\":{\"title\":\"Calypso\",\"raw\":{\"CollectionID\":\"Calypso\",\"Description\":\"Calypso\",\"ImageName\":\"images\\/Product\\/1601568179CALYP81694CST90C0_HiRes.JPG\",\"NewArrivalExpiry\":\"True\",\"Clearence\":\"\",\"TopSeller\":\"False\",\"SpecialBuy\":\"\",\"DesignsList\":[{\"DesignID\":\"81691\",\"Description\":\"LR81691\",\"ImageName\":\"images\\/Product\\/1601567981CALYP81691ROS90C0_HiRes.JPG\"},{\"DesignID\":\"81692\",\"Description\":\"LR81692\",\"ImageName\":\"images\\/Product\\/1601568101CALYP81692GOL90C0_HiRes.JPG\"},{\"DesignID\":\"81693\",\"Description\":\"LR81693\",\"ImageName\":\"images\\/Product\\/1601568129CALYP81693BPK90C0_HiRes.JPG\"},{\"DesignID\":\"81694\",\"Description\":\"LR81694\",\"ImageName\":\"images\\/Product\\/1601568179CALYP81694CST90C0_HiRes.JPG\"},{\"DesignID\":\"81695\",\"Description\":\"LR81695\",\"ImageName\":\"images\\/Product\\/1601568152CALYP81695WBU90C0_HiRes.jpg\"}]},\"description\":\"Be transported to a tranquil oasis with the unique features of the Calypso Collection. Inspired by the mythical being of legend\'s past, this particular addition features delicate shades of blushing pink, taupe brown, and slate gray to accentuate the natural tones of fabled fantasy. Hand loomed in India, this abstract masterpiece will satisfy your style needs for many years to come. Easily placed in your home or office space, this rug is a must have for the modern and contemporary home.\",\"image\":\"http:\\/\\/lrhome.us\\/images\\/Product\\/1601568179CALYP81694CST90C0_HiRes.JPG\"},\"Sinuous\":{\"title\":\"Sinuous\",\"raw\":{\"CollectionID\":\"Sinuous\",\"Description\":\"Sinuous\",\"ImageName\":\"images\\/Product\\/1605161365SINUO54154IVD40RD_HiRes.jpg\",\"NewArrivalExpiry\":\"True\",\"Clearence\":\"\",\"TopSeller\":\"False\",\"SpecialBuy\":\"\",\"DesignsList\":[{\"DesignID\":\"54102\",\"Description\":\"LR54102\",\"ImageName\":\"images\\/Product\\/1595162126SINUO54102BEI40RD_HiRes.jpg\"},{\"DesignID\":\"54103\",\"Description\":\"LR54103\",\"ImageName\":\"images\\/Product\\/1595162174SINUO54103RED40RD_HiRes.jpg\"},{\"DesignID\":\"54106\",\"Description\":\"LR54106\",\"ImageName\":\"images\\/Product\\/1595162271SINUO54106MLT40RD_HiRes.jpg\"},{\"DesignID\":\"54107\",\"Description\":\"LR54107\",\"ImageName\":\"images\\/Product\\/1595162309SINUO54107MLT40RD_HiRes.jpg\"},{\"DesignID\":\"54108\",\"Description\":\"LR54108\",\"ImageName\":\"images\\/Product\\/1595162350SINUO54108RED40RD_HiRes.jpg\"},{\"DesignID\":\"54109\",\"Description\":\"LR54109\",\"ImageName\":\"images\\/Product\\/1595162418SINUO54109GML40RD_HiRes.jpg\"},{\"DesignID\":\"54110\",\"Description\":\"LR54110\",\"ImageName\":\"images\\/Product\\/1595162481SINUO54110RED40RD_HiRes.jpg\"},{\"DesignID\":\"54111\",\"Description\":\"LR54111\",\"ImageName\":\"images\\/Product\\/1598980729SINUO54111BLU40RD_HiRes.jpg\"},{\"DesignID\":\"54119\",\"Description\":\"LR54119\",\"ImageName\":\"images\\/Product\\/1603362255SINUO54119GYR40RD_HiRes.jpg\"},{\"DesignID\":\"54120\",\"Description\":\"LR54120\",\"ImageName\":\"images\\/Product\\/1598980965SINUO54120BEI60RD_HiRes.jpg\"},{\"DesignID\":\"54112\",\"Description\":\"LR54112\",\"ImageName\":\"images\\/Product\\/1598980760SINUO54112IVO40RD_HiRes.jpg\"},{\"DesignID\":\"54113\",\"Description\":\"LR54113\",\"ImageName\":\"images\\/Product\\/1598980797SINUO54113GRY40RD_HiRes.jpg\"},{\"DesignID\":\"54114\",\"Description\":\"LR54114\",\"ImageName\":\"images\\/Product\\/1598980834SINUO54114BLU40RD_HiRes.jpg\"},{\"DesignID\":\"54115\",\"Description\":\"LR54115\",\"ImageName\":\"images\\/Product\\/1598980877SINUO54115IVO40RD_HiRes.jpg\"},{\"DesignID\":\"54116\",\"Description\":\"LR54116\",\"ImageName\":\"images\\/Product\\/1598980919SINUO54116LTG40RD_HiRes.jpg\"},{\"DesignID\":\"54117\",\"Description\":\"LR54117\",\"ImageName\":\"images\\/Product\\/1603361614SINUO54117NTV40RD_HiRes.jpg\"},{\"DesignID\":\"54118\",\"Description\":\"LR54118\",\"ImageName\":\"images\\/Product\\/1603361762SINUO54118IVN40RD_HiRes.jpg\"},{\"DesignID\":\"54121\",\"Description\":\"LR54121\",\"ImageName\":\"images\\/Product\\/1603362354SINUO54121NMT40RD_HiRes.jpg\"},{\"DesignID\":\"54122\",\"Description\":\"LR54122\",\"ImageName\":\"images\\/Product\\/1603097383SINUO54122GML40RD_HiRes.jpg\"},{\"DesignID\":\"54161\",\"Description\":\"LR54161\",\"ImageName\":\"images\\/Product\\/1605160975SINUO54161IVO40RD_HiRes.jpg\"},{\"DesignID\":\"54162\",\"Description\":\"LR54162\",\"ImageName\":\"images\\/Product\\/1605160901SINUO54162GMI40RD_HiRes.jpg\"},{\"DesignID\":\"54151\",\"Description\":\"LR54151\",\"ImageName\":\"images\\/Product\\/1605161083SINUO54151TBU40RD_HiRes.jpg\"},{\"DesignID\":\"54152\",\"Description\":\"LR54152\",\"ImageName\":\"images\\/Product\\/1605161164SINUO54152TAU40RD_HiRes.jpg\"},{\"DesignID\":\"54153\",\"Description\":\"LR54153\",\"ImageName\":\"images\\/Product\\/1605161293SINUO54153RUI40RD_HiRes.jpg\"},{\"DesignID\":\"54154\",\"Description\":\"LR54154\",\"ImageName\":\"images\\/Product\\/1605161365SINUO54154IVD40RD_HiRes.jpg\"},{\"DesignID\":\"54155\",\"Description\":\"LR54155\",\"ImageName\":\"images\\/Product\\/1605161224SINUO54155BLO40RD_HiRes.jpg\"}]},\"description\":\"Handmade in India, our Sinuous Collection has undergone delicate craftsmanship to bring a high-quality piece into your home. Featuring multiple colorful designs and shapes, \\u00a0the artistic style of this collection is a wonderful addition to a variety of different home or office spaces. No matter where you decide to place a piece, it is sure to bring great style and happiness for many years to come.\",\"image\":\"http:\\/\\/lrhome.us\\/images\\/Product\\/1605161365SINUO54154IVD40RD_HiRes.jpg\"},\"Sunshower\":{\"title\":\"Sunshower\",\"raw\":{\"CollectionID\":\"Sunshower\",\"Description\":\"Sunshower\",\"ImageName\":\"images\\/Product\\/1618308790SUNSH81249NVG5080_HiRes_1.jpg\",\"NewArrivalExpiry\":\"True\",\"Clearence\":\"\",\"TopSeller\":\"False\",\"SpecialBuy\":\"\",\"DesignsList\":[{\"DesignID\":\"81241\",\"Description\":\"LR81241\",\"ImageName\":\"images\\/Product\\/1594996406SUNSH81241BLN5080_HiRes.jpg\"},{\"DesignID\":\"81242\",\"Description\":\"LR81242\",\"ImageName\":\"images\\/Product\\/1594996413SUNSH81242BGN5080_HiRes.jpg\"},{\"DesignID\":\"81244\",\"Description\":\"LR81244\",\"ImageName\":\"images\\/Product\\/1594996423SUNSH81244BER5080_HiRes.jpg\"},{\"DesignID\":\"81247\",\"Description\":\"LR81247\",\"ImageName\":\"images\\/Product\\/1594996448SUNSH81247BGR5080_HiRes.jpg\"},{\"DesignID\":\"81248\",\"Description\":\"LR81248\",\"ImageName\":\"images\\/Product\\/1594996453SUNSH81248BGR5080_HiRes.jpg\"},{\"DesignID\":\"81249\",\"Description\":\"LR81249\",\"ImageName\":\"images\\/Product\\/1618308790SUNSH81249NVG5080_HiRes_1.jpg\"},{\"DesignID\":\"81246\",\"Description\":\"LR81246\",\"ImageName\":\"images\\/Product\\/1594996443SUNSH81246GYB5080_HiRes.jpg\"},{\"DesignID\":\"81250\",\"Description\":\"LR81250\",\"ImageName\":\"images\\/Product\\/1608613337SUNSH81250TLB3050_HiRes.jpg\"}]},\"description\":null,\"image\":\"http:\\/\\/lrhome.us\\/Sunshower\"},\"Earth\":{\"title\":\"Earth\",\"raw\":{\"CollectionID\":\"Earth\",\"Description\":\"Earth\",\"ImageName\":\"images\\/Product\\/1603714038EARTH81892MCL5079_HiRes.jpg\",\"NewArrivalExpiry\":\"True\",\"Clearence\":\"\",\"TopSeller\":\"False\",\"SpecialBuy\":\"\",\"DesignsList\":[{\"DesignID\":\"81892\",\"Description\":\"LR81892\",\"ImageName\":\"images\\/Product\\/1603714038EARTH81892MCL5079_HiRes.jpg\"},{\"DesignID\":\"81893\",\"Description\":\"LR81893\",\"ImageName\":\"images\\/Product\\/1602648951EARTH81893IRG7999_HiRes.jpg\"},{\"DesignID\":\"81894\",\"Description\":\"LR81894\",\"ImageName\":\"images\\/Product\\/1602649000EARTH81894EGB7999_HiRes.jpg\"},{\"DesignID\":\"81895\",\"Description\":\"LR81895\",\"ImageName\":\"images\\/Product\\/1603705521EARTH81895BEU7999_HiRes.jpg\"},{\"DesignID\":\"81896\",\"Description\":\"LR81896\",\"ImageName\":\"images\\/Product\\/1603705860EARTH81896BKN5079_HiRes.jpg\"}]},\"description\":\"There is no need to sacrifice stylish design for sustainable materials with our natural fiber Earth Collection. Handwoven in India, this collection showcases detailed craftsmanship with organic materials to satisfy your flooring needs for many years to come. This particular collection features dyed fibers in an eye-catching geometric design against a woven jute backdrop. Easily placed in your home or office, this collection is a must have for your polished practical space.\",\"image\":\"http:\\/\\/lrhome.us\\/images\\/Product\\/1603714038EARTH81892MCL5079_HiRes.jpg\"},\"Captiva\":{\"title\":\"Captiva\",\"raw\":{\"CollectionID\":\"Captiva\",\"Description\":\"Captiva\",\"ImageName\":\"images\\/Product\\/1594326636CAPTI81021GBU5070_Web.jpg\",\"NewArrivalExpiry\":\"False\",\"Clearence\":\"\",\"TopSeller\":\"False\",\"SpecialBuy\":\"\",\"DesignsList\":[{\"DesignID\":\"81016\",\"Description\":\"LR81016\",\"ImageName\":\"images\\/Product\\/1594324299CAPTI81016BEL5070_Web.jpg\"},{\"DesignID\":\"81017\",\"Description\":\"LR81017\",\"ImageName\":\"images\\/Product\\/1594324274CAPTI81017NVG5070_Web.jpg\"},{\"DesignID\":\"81019\",\"Description\":\"LR81019\",\"ImageName\":\"images\\/Product\\/1594325498CAPTI81019GNY5070_Web.jpg\"},{\"DesignID\":\"81020\",\"Description\":\"LR81020\",\"ImageName\":\"images\\/Product\\/1594325472CAPTI81020CBG5070_Web.jpg\"},{\"DesignID\":\"81021\",\"Description\":\"LR81021\",\"ImageName\":\"images\\/Product\\/1594326636CAPTI81021GBU5070_Web.jpg\"},{\"DesignID\":\"81022\",\"Description\":\"LR81022\",\"ImageName\":\"images\\/Product\\/1594326603CAPTI81022BGR5070_Web.jpg\"},{\"DesignID\":\"81023\",\"Description\":\"LR81023\",\"ImageName\":\"images\\/Product\\/1594326367CAPTI81023REE5070_Web.jpg\"},{\"DesignID\":\"81024\",\"Description\":\"LR81024\",\"ImageName\":\"images\\/Product\\/1594326307CAPTI81024BEP5070_Web.jpg\"},{\"DesignID\":\"81025\",\"Description\":\"LR81025\",\"ImageName\":\"images\\/Product\\/1594326254CAPTI81025NVG5070_Web.jpg\"}]},\"description\":\"This collection is sure to catch your eye with beautiful colors and the variety of coastal designs. The indoor\\/outdoor flexibility of this collection makes it a great addition to a patio area, living room, or even sunroom. The flat weave design makes this rug perfect for high traffic areas or even some sandy patios, as this piece is easily shaken out. Don\'t overlook the endless opportunities this indoor\\/outdoor collection has to offer for a variety of different spaces in your home.\",\"image\":\"http:\\/\\/lrhome.us\\/images\\/Product\\/1594326922CAPTI81018REE5070_Web.jpg\"},\"Bella Rose\":{\"title\":\"Bella Rose\",\"raw\":{\"CollectionID\":\"Bella Rose\",\"Description\":\"Bella Rose\",\"ImageName\":\"images\\/Product\\/1604045275BROSE21710GRY233A_HiRes.jpg\",\"NewArrivalExpiry\":\"True\",\"Clearence\":\"\",\"TopSeller\":\"False\",\"SpecialBuy\":\"\",\"DesignsList\":[{\"DesignID\":\"21706\",\"Description\":\"LR21706\",\"ImageName\":\"images\\/Product\\/1603100765BROSE21706BEI30RD_HiRes.jpg\"},{\"DesignID\":\"21708\",\"Description\":\"LR21708\",\"ImageName\":\"images\\/Product\\/1603100289BROSE21708MLT30RD_HiRes.jpg\"},{\"DesignID\":\"21709\",\"Description\":\"LR21709\",\"ImageName\":\"images\\/Product\\/1603100161BROSE21709BEI30RD_HiRes.jpg\"},{\"DesignID\":\"21710\",\"Description\":\"LR21710\",\"ImageName\":\"images\\/Product\\/1604045275BROSE21710GRY233A_HiRes.jpg\"}]},\"description\":\"With an eye-catching suzani design, this collection is perfect for the modern home looking to add some intricate designs without overwhelming a small space. The color combination on this collection is easy to combine with a variety of different palettes. There are endless possibilities of where this collection can be placed in your home or even in an office. Handmade in India, this collection has been made with intricate craftsmanship from hardworking hands to your home.\",\"image\":\"http:\\/\\/lrhome.us\\/images\\/Product\\/1604045275BROSE21710GRY233A_HiRes.jpg\"},\"Seaside\":{\"title\":\"Seaside\",\"raw\":{\"CollectionID\":\"Seaside\",\"Description\":\"Seaside\",\"ImageName\":\"images\\/Product\\/1601565886SEADE81879AQT5370_HiRes.jpg\",\"NewArrivalExpiry\":\"True\",\"Clearence\":\"\",\"TopSeller\":\"False\",\"SpecialBuy\":\"\",\"DesignsList\":[{\"DesignID\":\"81871\",\"Description\":\"LR81871\",\"ImageName\":\"images\\/Product\\/1601506508SEADE81871AWT5370_HiRes.jpg\"},{\"DesignID\":\"81872\",\"Description\":\"LR81872\",\"ImageName\":\"images\\/Product\\/1601506852SEADE81872AWT5370_HiRes.jpg\"},{\"DesignID\":\"81873\",\"Description\":\"LR81873\",\"ImageName\":\"images\\/Product\\/1601506883SEADE81873WAZ5370_HiRes.jpg\"},{\"DesignID\":\"81874\",\"Description\":\"LR81874\",\"ImageName\":\"images\\/Product\\/1601506942SEADE81874WAZ5370_HiRes.jpg\"},{\"DesignID\":\"81875\",\"Description\":\"LR81875\",\"ImageName\":\"images\\/Product\\/1601507018SEADE81875AWT5370_HiRes.jpg\"},{\"DesignID\":\"81876\",\"Description\":\"LR81876\",\"ImageName\":\"images\\/Product\\/1601565828SEADE81876AQT5370_HiRes.jpg\"},{\"DesignID\":\"81877\",\"Description\":\"LR81877\",\"ImageName\":\"images\\/Product\\/1601507169SEADE81877AQT5370_HiRes.jpg\"},{\"DesignID\":\"81878\",\"Description\":\"LR81878\",\"ImageName\":\"images\\/Product\\/1601507134SEADE81878WAQ5370_HiRes.jpg\"},{\"DesignID\":\"81879\",\"Description\":\"LR81879\",\"ImageName\":\"images\\/Product\\/1601565886SEADE81879AQT5370_HiRes.jpg\"}]},\"description\":\"This eye-catching nautical themed rug collection is a must have for your stylish and functional indoor outdoor space. This collection is an easy addition to a sun room, patio space, or dining area. The machine made construction allows this collection to be the perfect fit for high traffic area and sandy patio. This collection can be easily shaken out and cleaned. Don\'t overlook the endless opportunities this indoor outdoor collection has to offer for a variety of different spaces in your home.\",\"image\":\"http:\\/\\/lrhome.us\\/images\\/Product\\/16067343011604987948GALAC81379NCM5076_HiRes.jpg\"},\"Shapes\":{\"title\":\"Shapes\",\"raw\":{\"CollectionID\":\"Shapes\",\"Description\":\"Shapes\",\"ImageName\":\"images\\/Product\\/1598980010SHAPE50924RUN50RD_1000.jpg\",\"NewArrivalExpiry\":\"True\",\"Clearence\":\"\",\"TopSeller\":\"False\",\"SpecialBuy\":\"\",\"DesignsList\":[{\"DesignID\":\"50922\",\"Description\":\"LR50922\",\"ImageName\":\"images\\/Product\\/1598979956SHAPE50922BAM50RD_1000.jpg\"},{\"DesignID\":\"50923\",\"Description\":\"LR50923\",\"ImageName\":\"images\\/Product\\/1598979983SHAPE50923GDB50RD_1000.jpg\"},{\"DesignID\":\"50924\",\"Description\":\"LR50924\",\"ImageName\":\"images\\/Product\\/1598980010SHAPE50924RUN50RD_1000.jpg\"}]},\"description\":\"Handmade in India, this collection has undergone delicate craftsmanship to bring a high-quality piece into your home. The well-toned coloring will compliment a wide range of styles. No matter where you decide to place this piece it is sure to bring great style and happiness for many years to come.\",\"image\":\"http:\\/\\/lrhome.us\\/images\\/Product\\/1598980010SHAPE50924RUN50RD_1000.jpg\"},\"Michelle\":{\"title\":\"Michelle\",\"raw\":{\"CollectionID\":\"Michelle\",\"Description\":\"Michelle\",\"ImageName\":\"images\\/Product\\/1597329626IMAGI81519CMK_HiRes.jpg\",\"NewArrivalExpiry\":\"True\",\"Clearence\":\"\",\"TopSeller\":\"False\",\"SpecialBuy\":\"\",\"DesignsList\":[{\"DesignID\":\"81635\",\"Description\":\"LR81635\",\"ImageName\":\"images\\/Product\\/1597329626IMAGI81519CMK_HiRes.jpg\"},{\"DesignID\":\"81636\",\"Description\":\"LR81636\",\"ImageName\":\"images\\/Product\\/1597329626IMAGI81519CMK_HiRes.jpg\"},{\"DesignID\":\"81637\",\"Description\":\"LR81637\",\"ImageName\":\"images\\/Product\\/1597327356MICHELLE-81637CMK-COCONTMLK-SHARK.jpg\"},{\"DesignID\":\"81638\",\"Description\":\"LR81638\",\"ImageName\":\"images\\/Product\\/1597327441MICHELLE-81638CCO-CREAM-COCONUT.jpg\"},{\"DesignID\":\"81639\",\"Description\":\"LR81639\",\"ImageName\":\"images\\/Product\\/1597327534MICHELLE-81639CMK-COCONTMLK-SHARK.jpg\"},{\"DesignID\":\"81640\",\"Description\":\"LR81640\",\"ImageName\":\"images\\/Product\\/1597329626IMAGI81519CMK_HiRes.jpg\"}]},\"description\":\"Each rug in this collection is intricately \\u00a0designed with neutral colors and artful geometric shapes that make this collection the perfect finishing touch to your home or office.\",\"image\":\"http:\\/\\/lrhome.us\\/images\\/Product\\/1597327605MICHELLE-81640CGR-COCONULTM\\u00c4\\u00b0LK-GRY.jpg\"},\"Harmony\":{\"title\":\"Harmony\",\"raw\":{\"CollectionID\":\"Harmony\",\"Description\":\"Harmony\",\"ImageName\":\"images\\/Product\\/1598983386HRMNY81683NOG5272_1000.jpg\",\"NewArrivalExpiry\":\"False\",\"Clearence\":\"\",\"TopSeller\":\"False\",\"SpecialBuy\":\"\",\"DesignsList\":[{\"DesignID\":\"81682\",\"Description\":\"LR81682\",\"ImageName\":\"images\\/Product\\/1598983353HRMNY81682ORI5272_1000.jpg\"},{\"DesignID\":\"81683\",\"Description\":\"LR81683\",\"ImageName\":\"images\\/Product\\/1598983386HRMNY81683NOG5272_1000.jpg\"}]},\"description\":null,\"image\":\"http:\\/\\/lrhome.us\\/images\\/Product\\/1598983416HRMNY81684IOG5272_1000.jpg\"},\"Oceania\":{\"title\":\"Oceania\",\"raw\":{\"CollectionID\":\"Oceania\",\"Description\":\"Oceania\",\"ImageName\":\"images\\/Product\\/1595001664OCEAN81675BUC5376_HiRes.jpg\",\"NewArrivalExpiry\":\"True\",\"Clearence\":\"\",\"TopSeller\":\"False\",\"SpecialBuy\":\"\",\"DesignsList\":[{\"DesignID\":\"81671\",\"Description\":\"LR81671\",\"ImageName\":\"images\\/Product\\/1595001605OCEAN81671CRU5376_HiRes.jpg\"},{\"DesignID\":\"81672\",\"Description\":\"LR81672\",\"ImageName\":\"images\\/Product\\/1595001617OCEAN81672BUC5376_HiRes.jpg\"},{\"DesignID\":\"81673\",\"Description\":\"LR81673\",\"ImageName\":\"images\\/Product\\/1595001631OCEAN81673BUC5376_HiRes.jpg\"},{\"DesignID\":\"81674\",\"Description\":\"LR81674\",\"ImageName\":\"images\\/Product\\/1595001648OCEAN81674CRU5376_HiRes.jpg\"},{\"DesignID\":\"81675\",\"Description\":\"LR81675\",\"ImageName\":\"images\\/Product\\/1595001664OCEAN81675BUC5376_HiRes.jpg\"}]},\"description\":\"Our Oceania Collection is made to add a splash off the reef to any indoor or outdoor space. Tranquil blues and whimsical sea animals are sure to thrill you and your guests, its quirky charm is a standout alone. The flat weave design makes this rug perfect for high traffic areas or even some sandy patios, as this piece is easily shaken out. Don\'t overlook the endless opportunities this indoor\\/outdoor collection has to offer for a variety of different spaces in your home.\",\"image\":\"http:\\/\\/lrhome.us\\/images\\/Product\\/1595001664OCEAN81675BUC5376_HiRes.jpg\"},\"Vibrance\":{\"title\":\"Vibrance\",\"raw\":{\"CollectionID\":\"Vibrance\",\"Description\":\"Vibrance\",\"ImageName\":\"images\\/Product\\/1598979384VIBRA03570TAU50RD_HiRes.jpg\",\"NewArrivalExpiry\":\"True\",\"Clearence\":\"\",\"TopSeller\":\"False\",\"SpecialBuy\":\"\",\"DesignsList\":[{\"DesignID\":\"03540\",\"Description\":\"LR03540\",\"ImageName\":\"images\\/Product\\/1598978572VIBRA03540MLT30RD_HiRes.jpg\"},{\"DesignID\":\"03562\",\"Description\":\"LR03562\",\"ImageName\":\"images\\/Product\\/1598978624VIBRA03562BLU50RD_HiRes.jpg\"},{\"DesignID\":\"03563\",\"Description\":\"LR03563\",\"ImageName\":\"images\\/Product\\/1598978677VIBRA03563CHA50RD_HiRes.jpg\"},{\"DesignID\":\"03564\",\"Description\":\"LR03564\",\"ImageName\":\"images\\/Product\\/1598978756VIBRA03564GRY50RD_HiRes.jpg\"},{\"DesignID\":\"03565\",\"Description\":\"LR03565\",\"ImageName\":\"images\\/Product\\/1598978907VIBRA03565IML50RD_HiRes.jpg\"},{\"DesignID\":\"03567\",\"Description\":\"LR03567\",\"ImageName\":\"images\\/Product\\/1598979114VIBRA03567IVU50RD_HiRes.jpg\"},{\"DesignID\":\"03566\",\"Description\":\"LR03566\",\"ImageName\":\"images\\/Product\\/1598978946VIBRA03566BEI50RD_HiRes.jpg\"},{\"DesignID\":\"03568\",\"Description\":\"LR03568\",\"ImageName\":\"images\\/Product\\/1598979199VIBRA03568IVD50RD_HiRes.jpg\"},{\"DesignID\":\"03569\",\"Description\":\"LR03569\",\"ImageName\":\"images\\/Product\\/1598979341VIBRA03569BLU50RD_HiRes.jpg\"},{\"DesignID\":\"03570\",\"Description\":\"LR03570\",\"ImageName\":\"images\\/Product\\/1598979384VIBRA03570TAU50RD_HiRes.jpg\"}]},\"description\":\"Featuring intricate bordering, this rug collection is the perfect centerpiece to your living room, bedroom, or office space. Hand-hooked in India, this collection is handmade with beautiful detailing for your home. This collection features many unique details such as a high-low pattern, rich colors and ornate geometric designs. The variety of colors and designs catch the eye and bring attention to this masterpiece\'s detailing.\",\"image\":\"http:\\/\\/lrhome.us\\/images\\/Product\\/1598979407VIBRA03571LBL50RD_HiRes.jpg\"},\"Boutique Jute\":{\"title\":\"Boutique Jute\",\"raw\":{\"CollectionID\":\"Boutique Jute\",\"Description\":\"Boutique Jute\",\"ImageName\":\"images\\/Product\\/1595014813NATUR03327MLT36RD_Hires.jpg\",\"NewArrivalExpiry\":\"True\",\"Clearence\":\"\",\"TopSeller\":\"False\",\"SpecialBuy\":\"\",\"DesignsList\":[{\"DesignID\":\"50134\",\"Description\":\"LR50134 - JUTE ROUND BRAID\",\"ImageName\":\"images\\/Product\\/1595009709NATUR50134NAT40RD_HiRes.jpg\"},{\"DesignID\":\"03327\",\"Description\":\"LR03327 - MALENA\",\"ImageName\":\"images\\/Product\\/1595014813NATUR03327MLT36RD_Hires.jpg\"},{\"DesignID\":\"50136\",\"Description\":\"LR50136 - JUTE BREADED\",\"ImageName\":\"images\\/Product\\/1595009740NATUR50136NAT40RD_HiRes.jpg\"},{\"DesignID\":\"12029\",\"Description\":\"LR12029\",\"ImageName\":\"images\\/Product\\/1595008831NATUR12029NAT40RD_HiRes.jpg\"},{\"DesignID\":\"12030\",\"Description\":\"LR12030\",\"ImageName\":\"images\\/Product\\/1595008975NATUR12030NAT40RD_HiRes.jpg\"},{\"DesignID\":\"12031\",\"Description\":\"LR12031\",\"ImageName\":\"images\\/Product\\/1595009032NATUR12031NAT40RD_HiRes.jpg\"},{\"DesignID\":\"12032\",\"Description\":\"LR12032\",\"ImageName\":\"images\\/Product\\/1595009057NATUR12032NGY40RD_HiRes.jpg\"},{\"DesignID\":\"12033\",\"Description\":\"LR12033\",\"ImageName\":\"images\\/Product\\/1595009082NATUR12033GRY40RD_HiRes.jpg\"},{\"DesignID\":\"12034\",\"Description\":\"LR12034\",\"ImageName\":\"images\\/Product\\/1595009136NATUR12034GRY40RD_HiRes.jpg\"},{\"DesignID\":\"12035\",\"Description\":\"LR12035\",\"ImageName\":\"images\\/Product\\/1595009169NATUR12035NGY57OV_HiRes.jpg\"},{\"DesignID\":\"12036\",\"Description\":\"LR12036\",\"ImageName\":\"images\\/Product\\/1595009242NATUR12036NGY57OV_HiRes.jpg\"},{\"DesignID\":\"12038\",\"Description\":\"LR12038\",\"ImageName\":\"images\\/Product\\/1595009283NATUR12038BHG57OV_HiRes.jpg\"},{\"DesignID\":\"12039\",\"Description\":\"LR12039\",\"ImageName\":\"images\\/Product\\/1595009393NATUR12039BHG40RD_HiRes.jpg\"},{\"DesignID\":\"12040\",\"Description\":\"LR12040\",\"ImageName\":\"images\\/Product\\/1595009427NATUR12040NAT76RD_HiRes.jpg\"},{\"DesignID\":\"12042\",\"Description\":\"LR12042\",\"ImageName\":\"images\\/Product\\/1595009492NATUR12042BHG60RD_HiRes.jpg\"},{\"DesignID\":\"12043\",\"Description\":\"LR12043\",\"ImageName\":\"images\\/Product\\/1595009586NATUR12043NAT60RD_HiRes.jpg\"},{\"DesignID\":\"12045\",\"Description\":\"LR12045\",\"ImageName\":\"images\\/Product\\/1595009619NATUR12045NAT76RD_HiRes.jpg\"},{\"DesignID\":\"12046\",\"Description\":\"LR12046\",\"ImageName\":\"images\\/Product\\/1595009669NATUR12046NAT60RD_HiRes.jpg\"},{\"DesignID\":\"12041\",\"Description\":\"LR12041\",\"ImageName\":\"images\\/Product\\/1595009462NATUR12041BHG40RD_HiRes.jpg\"},{\"DesignID\":\"03380\",\"Description\":\"LR03380\",\"ImageName\":\"images\\/Product\\/1595008352NATUR03380DEB36RD_HiRes.jpg\"},{\"DesignID\":\"03382\",\"Description\":\"LR03382\",\"ImageName\":\"images\\/Product\\/1595008570NATUR03382MLT36RD_HiRes.jpg\"},{\"DesignID\":\"03383\",\"Description\":\"LR03383\",\"ImageName\":\"images\\/Product\\/1595008614NATUR03383PES36RD_HiRes.jpg\"},{\"DesignID\":\"03384\",\"Description\":\"LR03384\",\"ImageName\":\"images\\/Product\\/1595008732NATUR03384DEB36RD_HiRes.jpg\"}]},\"description\":null,\"image\":\"http:\\/\\/lrhome.us\\/Boutique Jute\"},\"Dune\":{\"title\":\"Dune\",\"raw\":{\"CollectionID\":\"Dune\",\"Description\":\"Dune\",\"ImageName\":\"images\\/Product\\/1595009959DUNEC81668SWH7995_HiRes.jpg\",\"NewArrivalExpiry\":\"True\",\"Clearence\":\"\",\"TopSeller\":\"False\",\"SpecialBuy\":\"\",\"DesignsList\":[{\"DesignID\":\"81661\",\"Description\":\"LR81661\",\"ImageName\":\"images\\/Product\\/1595009610DUNEC81661WLB7995_HiRes.jpg\"},{\"DesignID\":\"81662\",\"Description\":\"LR81662\",\"ImageName\":\"images\\/Product\\/1595009666DUNEC81662WSA7995_HiRes.jpg\"},{\"DesignID\":\"81663\",\"Description\":\"LR81663\",\"ImageName\":\"images\\/Product\\/1595009709DUNEC81663IVU5272_HiRes.jpg\"},{\"DesignID\":\"81667\",\"Description\":\"LR81667\",\"ImageName\":\"images\\/Product\\/1595009919DUNEC81667WSA7995_HiRes.jpg\"},{\"DesignID\":\"81668\",\"Description\":\"LR81668\",\"ImageName\":\"images\\/Product\\/1595009959DUNEC81668SWH7995_HiRes.jpg\"}]},\"description\":\"Our Dune collection incorporates hints of color and delightful designs without overwhelming your space. This Turkish masterpiece is the perfect addition to a variety of spaces. With a low pile height, this piece is ideal for customers who are afraid of a trip hazard. Bring this functional piece home today for your dining area, entryway, bedroom, or office space!\",\"image\":\"http:\\/\\/lrhome.us\\/images\\/Product\\/1595009959DUNEC81668SWH7995_HiRes.jpg\"},\"Sanibel\":{\"title\":\"Sanibel\",\"raw\":{\"CollectionID\":\"Sanibel\",\"Description\":\"Sanibel\",\"ImageName\":\"images\\/Product\\/1594997631SANIB81655OAS5070_HiRes.jpg\",\"NewArrivalExpiry\":\"True\",\"Clearence\":\"\",\"TopSeller\":\"False\",\"SpecialBuy\":\"\",\"DesignsList\":[{\"DesignID\":\"81646\",\"Description\":\"LR81646\",\"ImageName\":\"images\\/Product\\/1594997551SANIB81646NVG5070_HiRes.jpg\"},{\"DesignID\":\"81647\",\"Description\":\"LR81647\",\"ImageName\":\"images\\/Product\\/1594997565SANIB81647OAS5070_HiRes.jpg\"},{\"DesignID\":\"81648\",\"Description\":\"LR81648\",\"ImageName\":\"images\\/Product\\/1594997578SANIB81648NVG5070_HiRes.jpg\"},{\"DesignID\":\"81649\",\"Description\":\"LR81649\",\"ImageName\":\"images\\/Product\\/1594997596SANIB81649SPA5070_HiRes.jpg\"},{\"DesignID\":\"81650\",\"Description\":\"LR81650\",\"ImageName\":\"images\\/Product\\/1594997609SANIB81650OAS5070_HiRes.jpg\"},{\"DesignID\":\"81654\",\"Description\":\"LR81654\",\"ImageName\":\"images\\/Product\\/1594997619SANIB81654NVG5070_HiRes.jpg\"},{\"DesignID\":\"81655\",\"Description\":\"LR81655\",\"ImageName\":\"images\\/Product\\/1594997631SANIB81655OAS5070_HiRes.jpg\"}]},\"description\":\"The Sanibel Collection is a versatile coastal line that is made to bring our customers an ideal rug for their indoor or outdoor space. Beautiful blue, teal, and beige tones create a tranquil and soothing ambiance, that mixes well with many different styles! Bring this adaptable piece home today for your dining area, entryway, patio, or even sunroom!\",\"image\":\"http:\\/\\/lrhome.us\\/images\\/Product\\/1594997631SANIB81655OAS5070_HiRes.jpg\"},\"Whimsical\":{\"title\":\"Whimsical\",\"raw\":{\"CollectionID\":\"Whimsical\",\"Description\":\"Whimsical\",\"ImageName\":\"images\\/Product\\/1594995821WHIMS81282CRD3656_HiRes.jpg\",\"NewArrivalExpiry\":\"False\",\"Clearence\":\"\",\"TopSeller\":\"False\",\"SpecialBuy\":\"\",\"DesignsList\":[{\"DesignID\":\"81262\",\"Description\":\"LR81262\",\"ImageName\":\"images\\/Product\\/1594995771WHIMS81262CRO3656_HiRes.jpg\"},{\"DesignID\":\"81264\",\"Description\":\"LR81264\",\"ImageName\":\"images\\/Product\\/1594995785WHIMS81264CMR3656_1000.jpg\"},{\"DesignID\":\"81265\",\"Description\":\"LR81265\",\"ImageName\":\"images\\/Product\\/1594995793WHIMS81265CRO3656_HiRes.jpg\"},{\"DesignID\":\"81266\",\"Description\":\"LR81266\",\"ImageName\":\"images\\/Product\\/1594995800WHIMS81266SLB3656_HiRes.jpg\"},{\"DesignID\":\"81267\",\"Description\":\"LR81267\",\"ImageName\":\"images\\/Product\\/1594995804WHIMS81267LSB3656_HiRes.jpg\"},{\"DesignID\":\"81281\",\"Description\":\"LR81281\",\"ImageName\":\"images\\/Product\\/1594995814WHIMS81281GBE3656_HiRes.jpg\"},{\"DesignID\":\"81282\",\"Description\":\"LR81282\",\"ImageName\":\"images\\/Product\\/1594995821WHIMS81282CRD3656_HiRes.jpg\"}]},\"description\":\"Bright and fun, the Whimsical Collection is ready to make its grand entrance in your home. Perfect for the playroom, this rug sparks a creative atmosphere made to relax and play in. This collection is also fitting for a pediatric waiting room or day care. The low pile height is also perfect for a family member with a trip hazard, as this rug sits low to the ground. Bring this abstract collection into your home today and let the fun begin!\",\"image\":\"http:\\/\\/lrhome.us\\/images\\/Product\\/1594995821WHIMS81282CRD3656_HiRes.jpg\"},\"Catalina\":{\"title\":\"Catalina\",\"raw\":{\"CollectionID\":\"Catalina\",\"Description\":\"Catalina\",\"ImageName\":\"images\\/Product\\/1594327629CATAL81503BEG5070_Web.jpg\",\"NewArrivalExpiry\":\"False\",\"Clearence\":\"\",\"TopSeller\":\"False\",\"SpecialBuy\":\"\",\"DesignsList\":[{\"DesignID\":\"81500\",\"Description\":\"LR81500\",\"ImageName\":\"images\\/Product\\/1594327565CATAL81500GRB5070_Web.jpg\"},{\"DesignID\":\"81502\",\"Description\":\"LR81502\",\"ImageName\":\"images\\/Product\\/1594327167CATAL81502GNY5070_Web.jpg\"},{\"DesignID\":\"81503\",\"Description\":\"LR81503\",\"ImageName\":\"images\\/Product\\/1594327629CATAL81503BEG5070_Web.jpg\"},{\"DesignID\":\"81504\",\"Description\":\"LR81504\",\"ImageName\":\"images\\/Product\\/1594327620CATAL81504NVG5070_Web.jpg\"},{\"DesignID\":\"81505\",\"Description\":\"LR81505\",\"ImageName\":\"images\\/Product\\/1594327553CATAL81505GNY5070_Web.jpg\"},{\"DesignID\":\"81501\",\"Description\":\"LR81501\",\"ImageName\":\"images\\/Product\\/1594327509CATAL81501BEI5070_Web.jpg\"}]},\"description\":\"Full of colorful tropical designs, the Catalina collection makes a great addition to a variety of spaces. This collection could easily be added to a sun room, patio space, or dining area. The machine-made construction allows this rug to be the perfect fit for high traffic area or even some sandy patio, as this piece is easily shaken out. Don\'t overlook the endless opportunities this indoor\\/outdoor collection has to offer for a variety of different spaces in your home.\",\"image\":\"http:\\/\\/lrhome.us\\/images\\/Product\\/1594327629CATAL81503BEG5070_Web.jpg\"},\"Juniper\":{\"title\":\"Juniper\",\"raw\":{\"CollectionID\":\"Juniper\",\"Description\":\"Juniper\",\"ImageName\":\"images\\/Product\\/1595121409JUNIP81571SGR3050_HiRes.jpg\",\"NewArrivalExpiry\":\"False\",\"Clearence\":\"\",\"TopSeller\":\"False\",\"SpecialBuy\":\"\",\"DesignsList\":[{\"DesignID\":\"81571\",\"Description\":\"LR81571\",\"ImageName\":\"images\\/Product\\/1595121409JUNIP81571SGR3050_HiRes.jpg\"}]},\"description\":\"Ideal for the customer who is looking for a subtle addition to their space, the Juniper Collection is ready to make a grand entrance into your home today! These rug has been beautifully hand-loomed to provide your home with a great quality rug made to last for years to come. The mixed floral and geometric patterns attracts the eye but is so well-toned that it does not overwhelm the space with its intricate detailing. Whether you place this rug in your living area, entryway, or even bedroom, this rug is perfect for the traditional home.\",\"image\":\"http:\\/\\/lrhome.us\\/images\\/Product\\/1595121667JUNIP81573SLV3050_HiRes.jpg\"},\"Bleached Naturals\":{\"title\":\"Bleached Naturals\",\"raw\":{\"CollectionID\":\"Bleached Naturals\",\"Description\":\"Bleached Naturals\",\"ImageName\":\"images\\/Product\\/1594323185BLEAC81431BHI5079_Web.jpg\",\"NewArrivalExpiry\":\"False\",\"Clearence\":\"\",\"TopSeller\":\"False\",\"SpecialBuy\":\"\",\"DesignsList\":[{\"DesignID\":\"81431\",\"Description\":\"LR81431\",\"ImageName\":\"images\\/Product\\/1594323185BLEAC81431BHI5079_Web.jpg\"},{\"DesignID\":\"81432\",\"Description\":\"LR81432\",\"ImageName\":\"images\\/Product\\/1594323159BLEAC81432BKJ5079_Web.jpg\"},{\"DesignID\":\"81433\",\"Description\":\"LR81433\",\"ImageName\":\"images\\/Product\\/1594323130BLEAC81433BIL5079_Web.jpg\"},{\"DesignID\":\"81434\",\"Description\":\"LR81434\",\"ImageName\":\"images\\/Product\\/1594323105BLEAC81434BHG5079_Web.jpg\"},{\"DesignID\":\"81435\",\"Description\":\"LR81435\",\"ImageName\":\"images\\/Product\\/1594323027BLEAC81435BHG5079_Web.jpg\"},{\"DesignID\":\"81436\",\"Description\":\"LR81436\",\"ImageName\":\"images\\/Product\\/1594323001BLEAC81436BIL5079_Web.jpg\"},{\"DesignID\":\"81437\",\"Description\":\"LR81437\",\"ImageName\":\"images\\/Product\\/1594322948BLEAC81437IBY5079_Web.jpg\"},{\"DesignID\":\"81438\",\"Description\":\"LR81438\",\"ImageName\":\"images\\/Product\\/1594322897BLEAC81438BSH90C0_Web.jpg\"}]},\"description\":\"This collection truly highlights a lovely, natural feel in the home and merges with a variety of different decor and styles. Braided jute construction exhibits naturally anti-static, insulating and moisture regulating properties. With great versatility, this jute collection is a perfect fit under a dining room table or just simply laid out in the entry way with wood flooring. Find you perfect jute today with our beached naturals collection!\",\"image\":\"http:\\/\\/lrhome.us\\/images\\/Product\\/1594323185BLEAC81431BHI5079_Web.jpg\"},\"Vogue\":{\"title\":\"Vogue\",\"raw\":{\"CollectionID\":\"Vogue\",\"Description\":\"Vogue\",\"ImageName\":\"images\\/Product\\/1595000846SPECI04608MLT3050_HiRes.jpg\",\"NewArrivalExpiry\":\"False\",\"Clearence\":\"\",\"TopSeller\":\"False\",\"SpecialBuy\":\"\",\"DesignsList\":[{\"DesignID\":\"04608\",\"Description\":\"LR04608 HG BLEEKER\",\"ImageName\":\"images\\/Product\\/1595000846SPECI04608MLT3050_HiRes.jpg\"},{\"DesignID\":\"99971\",\"Description\":\"LR99971 - TM\",\"ImageName\":\"images\\/Product\\/1594996059VOGUE99971BMU3050_HiRes.jpg\"},{\"DesignID\":\"99132\",\"Description\":\"LR99132\",\"ImageName\":\"images\\/Product\\/1594996050VOGUE99132MLT3050_HiRes.jpg\"},{\"DesignID\":\"99133\",\"Description\":\"LR99133\",\"ImageName\":\"images\\/Product\\/1594996054VOGUE99133DEB5070_HiRes.jpg\"}]},\"description\":\"Our Vogue Collection is a geometric take on the traditional chindi style. This collection features wonderfully bright, globally inspired pieces that features a handmade, flat-woven detailed construction and well-toned materials. With two sizes, this collection can fit a variety of different spaces whether it be a dining area, living room, foyer, or even office space.\",\"image\":\"http:\\/\\/lrhome.us\\/images\\/Product\\/1595000846SPECI04608MLT3050_HiRes.jpg\"},\"Retreat\":{\"title\":\"Retreat\",\"raw\":{\"CollectionID\":\"Retreat\",\"Description\":\"Retreat\",\"ImageName\":\"images\\/Product\\/1594998437RETRE81608BKG5070_HiRes.jpg\",\"NewArrivalExpiry\":\"False\",\"Clearence\":\"\",\"TopSeller\":\"False\",\"SpecialBuy\":\"\",\"DesignsList\":[{\"DesignID\":\"81605\",\"Description\":\"LR81605\",\"ImageName\":\"images\\/Product\\/1594998409RETRE81605GRN7999_HiRes.jpg\"},{\"DesignID\":\"81606\",\"Description\":\"LR81606\",\"ImageName\":\"images\\/Product\\/1594998419RETRE81606GRN5070_HiRes.jpg\"},{\"DesignID\":\"81607\",\"Description\":\"LR81607\",\"ImageName\":\"images\\/Product\\/1594998428RETRE81607SBL5070_HiRes.jpg\"},{\"DesignID\":\"81600\",\"Description\":\"LR81600\",\"ImageName\":\"images\\/Product\\/1594998378RETRE81600NAT7999_HiRes.jpg\"},{\"DesignID\":\"81603\",\"Description\":\"LR81603\",\"ImageName\":\"images\\/Product\\/1594998392RETRE81603PEB7999_HiRes.jpg\"},{\"DesignID\":\"81599\",\"Description\":\"LR81599\",\"ImageName\":\"images\\/Product\\/1594998368RETRE81599NAT7999_HiRes.jpg\"},{\"DesignID\":\"81608\",\"Description\":\"LR81608\",\"ImageName\":\"images\\/Product\\/1594998437RETRE81608BKG5070_HiRes.jpg\"}]},\"description\":\"The Retreat Collection is a versatile line that is made to bring our customers an ideal rug for your indoor or outdoor space. Full of eye-catching geometric design that goes well with many different styles! Bring this adaptable piece home today for your dining area, entryway, patio, or even sunroom!\",\"image\":\"http:\\/\\/lrhome.us\\/images\\/Product\\/1594998437RETRE81608BKG5070_HiRes.jpg\"},\"Victorian\":{\"title\":\"Victorian\",\"raw\":{\"CollectionID\":\"Victorian\",\"Description\":\"Victorian\",\"ImageName\":\"images\\/Product\\/1594996232VICTO81586BLU7090_HiRes.jpg\",\"NewArrivalExpiry\":\"False\",\"Clearence\":\"\",\"TopSeller\":\"False\",\"SpecialBuy\":\"\",\"DesignsList\":[{\"DesignID\":\"81581\",\"Description\":\"LR81581\",\"ImageName\":\"images\\/Product\\/1594996210VICTO81581IVO5070_HiRes.jpg\"},{\"DesignID\":\"81582\",\"Description\":\"LR81582\",\"ImageName\":\"images\\/Product\\/1594996215VICTO81582GRY5070_HiRes.jpg\"},{\"DesignID\":\"81583\",\"Description\":\"LR81583\",\"ImageName\":\"images\\/Product\\/1594996219VICTO81583GRY5070_HiRes.jpg\"},{\"DesignID\":\"81584\",\"Description\":\"LR81584\",\"ImageName\":\"images\\/Product\\/1594996223VICTO81584IVO5070_HiRes.jpg\"},{\"DesignID\":\"81585\",\"Description\":\"LR81585\",\"ImageName\":\"images\\/Product\\/1594996228VICTO81585SLV5070_HiRes.jpg\"},{\"DesignID\":\"81586\",\"Description\":\"LR81586\",\"ImageName\":\"images\\/Product\\/1594996232VICTO81586BLU7090_HiRes.jpg\"}]},\"description\":\"Our Victorian Collection encompasses traditional mastery in every rug. The detailing and craftsmanship in this collection is sure to keep you satisfied for years to come. Hand-tufted in India, this collection is hand made with acute attention to detail and fine material. Bring this piece home today for a beautiful addition to your space.\",\"image\":\"http:\\/\\/lrhome.us\\/images\\/Product\\/1594996232VICTO81586BLU7090_HiRes.jpg\"},\"Meadow\":{\"title\":\"Meadow\",\"raw\":{\"CollectionID\":\"Meadow\",\"Description\":\"Meadow\",\"ImageName\":\"images\\/Product\\/1595001986MEADO81547WIV5272_HiRes.jpg\",\"NewArrivalExpiry\":\"False\",\"Clearence\":\"\",\"TopSeller\":\"False\",\"SpecialBuy\":\"\",\"DesignsList\":[{\"DesignID\":\"81541\",\"Description\":\"LR81541\",\"ImageName\":\"images\\/Product\\/1595001330MEADO81541WGY5272_HiRes.jpg\"},{\"DesignID\":\"81542\",\"Description\":\"LR81542\",\"ImageName\":\"images\\/Product\\/1595001471MEADO81542IVW5272_HiRes.jpg\"},{\"DesignID\":\"81545\",\"Description\":\"LR81545\",\"ImageName\":\"images\\/Product\\/1595001796MEADO81545SLY5272_HiRes.jpg\"},{\"DesignID\":\"81546\",\"Description\":\"LR81546\",\"ImageName\":\"images\\/Product\\/1595001912MEADO81546WLB5272_HiRes.jpg\"},{\"DesignID\":\"81547\",\"Description\":\"LR81547\",\"ImageName\":\"images\\/Product\\/1595001986MEADO81547WIV5272_HiRes.jpg\"}]},\"description\":\"The Meadow Collection is made to bring softer style for your home. With delicate touches of blush pink and sky blue, these ivory pieces go well with a variety of design palettes. Perfectly placed in the foyer, dining area, living room, or even office space, this collection is added easily to different spaces. Bring this lovely piece home today!\",\"image\":\"http:\\/\\/lrhome.us\\/images\\/Product\\/1595001986MEADO81547WIV5272_HiRes.jpg\"},\"Dazzle\":{\"title\":\"Dazzle\",\"raw\":{\"CollectionID\":\"Dazzle\",\"Description\":\"Dazzle\",\"ImageName\":\"images\\/Product\\/1595127168DAZZL54104BLU60RD_HiRes.jpg\",\"NewArrivalExpiry\":\"False\",\"Clearence\":\"\",\"TopSeller\":\"False\",\"SpecialBuy\":\"\",\"DesignsList\":[{\"DesignID\":\"54026\",\"Description\":\"LR54026\",\"ImageName\":\"images\\/Product\\/1595125368DAZZL54026BLU60RD_HiRes.jpg\"},{\"DesignID\":\"54054\",\"Description\":\"LR54054\",\"ImageName\":\"images\\/Product\\/1595125503DAZZL54054GRY60RD_HiRes.jpg\"},{\"DesignID\":\"54059\",\"Description\":\"LR54059\",\"ImageName\":\"images\\/Product\\/1595125745DAZZL54059RUS60RD_HiRes.jpg\"},{\"DesignID\":\"54062\",\"Description\":\"LR54062\",\"ImageName\":\"images\\/Product\\/1595125963DAZZL54062BLK40RD_HiRes.jpg\"},{\"DesignID\":\"54076\",\"Description\":\"LR54076\",\"ImageName\":\"images\\/Product\\/1594924939DAZZL54076GRN40RD_Web.jpg\"},{\"DesignID\":\"54077\",\"Description\":\"LR54077\",\"ImageName\":\"images\\/Product\\/1595126508DAZZL54077TEA60RD_HiRes.jpg\"},{\"DesignID\":\"54078\",\"Description\":\"LR54078\",\"ImageName\":\"images\\/Product\\/1595126548DAZZL54078GRY60RD_HiRes.jpg\"},{\"DesignID\":\"54079\",\"Description\":\"LR54079\",\"ImageName\":\"images\\/Product\\/1595126574DAZZL54079IVU60RD_HiRes.jpg\"},{\"DesignID\":\"54085\",\"Description\":\"LR54085\",\"ImageName\":\"images\\/Product\\/1595126600DAZZL54085TEG40RD_HiRes.jpg\"},{\"DesignID\":\"54087\",\"Description\":\"LR54087\",\"ImageName\":\"images\\/Product\\/1595126665DAZZL54087IGY40RD_HiRes.jpg\"},{\"DesignID\":\"54090\",\"Description\":\"LR54090\",\"ImageName\":\"images\\/Product\\/1595126804DAZZL54090IV040RD_HiRes.jpg\"},{\"DesignID\":\"54091\",\"Description\":\"LR54091\",\"ImageName\":\"images\\/Product\\/1595126840DAZZL54091RUS40RD_HiRes.jpg\"},{\"DesignID\":\"54092\",\"Description\":\"LR54092\",\"ImageName\":\"images\\/Product\\/1595126875DAZZL54092GRY40RD_HiRes.jpg\"},{\"DesignID\":\"54094\",\"Description\":\"LR54094\",\"ImageName\":\"images\\/Product\\/1594745407DAZZL54094IVT40RD_Web.jpg\"},{\"DesignID\":\"54097\",\"Description\":\"LR54097\",\"ImageName\":\"images\\/Product\\/1595127001DAZZL54097CRT40RD_HiRes.jpg\"},{\"DesignID\":\"54099\",\"Description\":\"LR54099\",\"ImageName\":\"images\\/Product\\/1595127090DAZZL54099TBU40RD_HiRes.jpg\"},{\"DesignID\":\"54100\",\"Description\":\"LR54100\",\"ImageName\":\"images\\/Product\\/1595127133DAZZL54100IGY40RD_HiRes.jpg\"},{\"DesignID\":\"54104\",\"Description\":\"LR54104\",\"ImageName\":\"images\\/Product\\/1595127168DAZZL54104BLU60RD_HiRes.jpg\"}]},\"description\":\"The vibrant colors in our Dazzle collection are sure to add great style and joy to your home. With bordering edges, this collection can transition well between hardwood or carpet in a variety of spaces such as a bedroom, kitchen, or even office. Hand tufted in India, this collection has been made with intricate craftsmanship from hardworking hands to your home.\",\"image\":\"http:\\/\\/lrhome.us\\/images\\/Product\\/1603102769DAZZL54123MLT40RD_HiRes.jpg\"},\"Global Goods\":{\"title\":\"Global Goods\",\"raw\":{\"CollectionID\":\"Global Goods\",\"Description\":\"Global Goods\",\"ImageName\":\"images\\/Product\\/16067339971595610884SPECI05268GYN2058_1000.jpg\",\"NewArrivalExpiry\":\"False\",\"Clearence\":\"\",\"TopSeller\":\"False\",\"SpecialBuy\":\"\",\"DesignsList\":[{\"DesignID\":\"04580\",\"Description\":\"LR04580 -HG\",\"ImageName\":\"images\\/Product\\/1595000723SPECI04580BKN2640_HiRes.jpg\"},{\"DesignID\":\"04706\",\"Description\":\"LRO4706\",\"ImageName\":\"images\\/Product\\/1595002234SPECI04706IGF2060_1000.jpg\"},{\"DesignID\":\"05268\",\"Description\":\"LR05268\",\"ImageName\":\"images\\/Product\\/16067339971595610884SPECI05268GYN2058_1000.jpg\"},{\"DesignID\":\"05271\",\"Description\":\"LR05271\",\"ImageName\":\"images\\/Product\\/1595108422SPECI05271NAT263A_HiRes.jpg\"}]},\"description\":null,\"image\":\"http:\\/\\/lrhome.us\\/images\\/Product\\/16067339971595610884SPECI05268GYN2058_1000.jpg\"},\"Kismet\":{\"title\":\"Kismet\",\"raw\":{\"CollectionID\":\"Kismet\",\"Description\":\"Kismet\",\"ImageName\":\"images\\/Product\\/1595123259KISME81493IVN44RD_HiRes.jpg\",\"NewArrivalExpiry\":\"False\",\"Clearence\":\"\",\"TopSeller\":\"False\",\"SpecialBuy\":\"\",\"DesignsList\":[{\"DesignID\":\"81491\",\"Description\":\"LR81491\",\"ImageName\":\"images\\/Product\\/1595123184KISME81491WSA5372_HiRes.jpg\"},{\"DesignID\":\"81492\",\"Description\":\"LR81492\",\"ImageName\":\"images\\/Product\\/1595123215KISME81492ITR5372_HiRes.jpg\"},{\"DesignID\":\"81493\",\"Description\":\"LR81493\",\"ImageName\":\"images\\/Product\\/1595123259KISME81493IVN44RD_HiRes.jpg\"}]},\"description\":\"With vibrant abstract designs, this Kismet Collection is a must have for the modern home looking to add some bright patterns into their space. These pieces would make a great addition to a bedroom, modern living area, creative playroom, or even in an office space. Look forward to many years of functional style by bringing this piece home today!\",\"image\":\"http:\\/\\/lrhome.us\\/images\\/Product\\/1595123259KISME81493IVN44RD_HiRes.jpg\"},\"Modern Traditions\":{\"title\":\"Modern Traditions\",\"raw\":{\"CollectionID\":\"Modern Traditions\",\"Description\":\"Modern Traditions\",\"ImageName\":\"images\\/Product\\/1594930101MODTR81292IVO5079_HiRes.jpg\",\"NewArrivalExpiry\":\"True\",\"Clearence\":\"\",\"TopSeller\":\"False\",\"SpecialBuy\":\"\",\"DesignsList\":[{\"DesignID\":\"81285\",\"Description\":\"LR81285\",\"ImageName\":\"images\\/Product\\/1594928449MODTR81285IBE5079_HiRes.jpg\"},{\"DesignID\":\"81287\",\"Description\":\"LR81287\",\"ImageName\":\"images\\/Product\\/1594929339MODTR81287OGY5079_HiRes.jpg\"},{\"DesignID\":\"81288\",\"Description\":\"LR81288\",\"ImageName\":\"images\\/Product\\/1594929525MODTR81288TUG5079_HiRes.jpg\"},{\"DesignID\":\"81289\",\"Description\":\"LR81289\",\"ImageName\":\"images\\/Product\\/1594929641MODTR81289SGG5079_HiRes.jpg\"},{\"DesignID\":\"81290\",\"Description\":\"LR81290\",\"ImageName\":\"images\\/Product\\/1594929758MODTR81290BEI5079_HiRes.jpg\"},{\"DesignID\":\"81291\",\"Description\":\"LR81291\",\"ImageName\":\"images\\/Product\\/1594929951MODTR81291BEO5079_HiRes.jpg\"},{\"DesignID\":\"81292\",\"Description\":\"LR81292\",\"ImageName\":\"images\\/Product\\/1594930101MODTR81292IVO5079_HiRes.jpg\"}]},\"description\":\"The Modern Traditions collection offers a lovely style no matter what room you place it in. If you\'re searching for a piece that combines traditional style with a well toned palette than look no further! Perfect in the foyer, dining area, or even office space, this intricate piece is ready to thrill you and your guests. The bordered edge also provides a beautiful transition from detailed patterns to carpet or hardwood flooring. Bring a masterpiece home today!\",\"image\":\"http:\\/\\/lrhome.us\\/images\\/Product\\/1594930101MODTR81292IVO5079_HiRes.jpg\"},\"Criss Cross\":{\"title\":\"Criss Cross\",\"raw\":{\"CollectionID\":\"Criss Cross\",\"Description\":\"Criss Cross\",\"ImageName\":\"images\\/Product\\/1630046457CRISS81300BRE90C0_HiRes.jpg\",\"NewArrivalExpiry\":\"False\",\"Clearence\":\"\",\"TopSeller\":\"False\",\"SpecialBuy\":\"\",\"DesignsList\":[{\"DesignID\":\"81295\",\"Description\":\"LR81295\",\"ImageName\":\"images\\/Product\\/1630045920CRISS81295NVI90C0_HiRes.jpg\"},{\"DesignID\":\"81296\",\"Description\":\"LR81296\",\"ImageName\":\"images\\/Product\\/1630046009CRISS81296SIV90C0_HiRes.jpg\"},{\"DesignID\":\"81300\",\"Description\":\"LR81300\",\"ImageName\":\"images\\/Product\\/1630046457CRISS81300BRE90C0_HiRes.jpg\"},{\"DesignID\":\"81297\",\"Description\":\"LR81297\",\"ImageName\":\"images\\/Product\\/1630046156CRISS81297GRY90C0_HiRes.jpg\"},{\"DesignID\":\"82200\",\"Description\":\"LR82200\",\"ImageName\":\"ProgramLineImages\\/commingsoon.jpg\"},{\"DesignID\":\"82202\",\"Description\":\"LR82202\",\"ImageName\":\"ProgramLineImages\\/commingsoon.jpg\"}]},\"description\":\"Bringing the Criss Cross collection into your home will make for quite the thrill. The crisp lines to this collection are sure to draw the eye whether you place it within a living area, foyer, dining area, or even office space. The deeper background hue allows for attention without overwhelming the space. The grid design is modern and functional; the perfect mix with a variety of different interior styles. Don\'t overlook this piece\'s ability to transform a space with great style.\",\"image\":\"http:\\/\\/lrhome.us\\/images\\/Product\\/1630046457CRISS81300BRE90C0_HiRes.jpg\"},\"Infinity\":{\"title\":\"Infinity\",\"raw\":{\"CollectionID\":\"Infinity\",\"Description\":\"Infinity\",\"ImageName\":\"images\\/Product\\/1595120675INFIN81308BKG5272_HiRes.jpg\",\"NewArrivalExpiry\":\"False\",\"Clearence\":\"\",\"TopSeller\":\"False\",\"SpecialBuy\":\"\",\"DesignsList\":[{\"DesignID\":\"81308\",\"Description\":\"LR81308\",\"ImageName\":\"images\\/Product\\/1595120675INFIN81308BKG5272_HiRes.jpg\"},{\"DesignID\":\"81309\",\"Description\":\"LR81309\",\"ImageName\":\"images\\/Product\\/1594992753INFIN81309WBL7995_HiRes.jpg\"},{\"DesignID\":\"81313\",\"Description\":\"LR81313\",\"ImageName\":\"images\\/Product\\/1594992894INFIN81313GYB7995_HiRes.jpg\"},{\"DesignID\":\"81319\",\"Description\":\"LR81319\",\"ImageName\":\"images\\/Product\\/1594993029INFIN81319LSB7995_HiRes.jpg\"}]},\"description\":\"Bold patterns in dark, rich colors identify the Infinity Collection. This collection\'s color palette accents a wide variety of styles. Also featuring distressed abstract designs allows for years of usage without the appearance of wear. The possibilities are endless with this versatile piece so don\'t be afraid to place it in the foyer, add it to the bedroom, or even in an office space. The low pile height is also a great advantage; ideal size if you have a family member with a trip hazard. Bring this lovely piece home today and enjoy its style for years to come!\",\"image\":\"http:\\/\\/lrhome.us\\/images\\/Product\\/1595120675INFIN81308BKG5272_HiRes.jpg\"},\"Karma\":{\"title\":\"Karma\",\"raw\":{\"CollectionID\":\"Karma\",\"Description\":\"Karma\",\"ImageName\":\"images\\/Product\\/1594990809KARMA21043NAV90C0_HiRes.jpg\",\"NewArrivalExpiry\":\"False\",\"Clearence\":\"\",\"TopSeller\":\"False\",\"SpecialBuy\":\"\",\"DesignsList\":[{\"DesignID\":\"21042\",\"Description\":\"LR21042\",\"ImageName\":\"images\\/Product\\/1594990595KARMA21042RUS90C0_HiRes.jpg\"},{\"DesignID\":\"21043\",\"Description\":\"LR21043\",\"ImageName\":\"images\\/Product\\/1594990809KARMA21043NAV90C0_HiRes.jpg\"}]},\"description\":\"With a subtle hues, the Karma Collection can be easily combined with a variety of different home design styles. Featuring subtle white patterns gives it an intricate nature, as well. Display one of these beautiful pieces in a foyer, living area, office space, or even dining area to maximize its style potential. The low pile height is also a great advantage; ideal size if you have a family member with a trip hazard. Bring this lovely piece home today and enjoy its style for years to come!\",\"image\":\"http:\\/\\/lrhome.us\\/images\\/Product\\/1594991102KARMA21044MEB90C0_HiRes.jpg\"},\"Classic Jute\":{\"title\":\"Classic Jute\",\"raw\":{\"CollectionID\":\"Classic Jute\",\"Description\":\"Classic Jute\",\"ImageName\":\"images\\/Product\\/1594327958CLASS81206GYN3656_Web.jpg\",\"NewArrivalExpiry\":\"False\",\"Clearence\":\"\",\"TopSeller\":\"False\",\"SpecialBuy\":\"\",\"DesignsList\":[{\"DesignID\":\"81206\",\"Description\":\"LR81206\",\"ImageName\":\"images\\/Product\\/1594327958CLASS81206GYN3656_Web.jpg\"},{\"DesignID\":\"81209\",\"Description\":\"LR81209\",\"ImageName\":\"images\\/Product\\/1594327860CLASS81209NAT3656_Web.jpg\"}]},\"description\":\"Jute is the perfect addition for today\'s contemporary home. This collection truly highlights a lovely, natural feel in the home and merges with a variety of different decor and styles. Braided jute construction exhibits naturally anti-static, insulating and moisture regulating properties. Whether it is in a living area, entryway, or even dining area, this collection is sure to please you and your guests.\",\"image\":\"http:\\/\\/lrhome.us\\/images\\/Product\\/1594327958CLASS81206GYN3656_Web.jpg\"},\"Matrix\":{\"title\":\"Matrix\",\"raw\":{\"CollectionID\":\"Matrix\",\"Description\":\"Matrix\",\"ImageName\":\"images\\/Product\\/1595004050MATRI81201LBS7995_HiRes.jpg\",\"NewArrivalExpiry\":\"False\",\"Clearence\":\"\",\"TopSeller\":\"False\",\"SpecialBuy\":\"\",\"DesignsList\":[{\"DesignID\":\"81156\",\"Description\":\"LR81156\",\"ImageName\":\"images\\/Product\\/1595003210MATRI81156WSB7995_HiRes.jpg\"},{\"DesignID\":\"81173\",\"Description\":\"LR81173\",\"ImageName\":\"images\\/Product\\/1595003481MATRI81173JBT7995_HiRes.jpg\"},{\"DesignID\":\"81175\",\"Description\":\"LR81175\",\"ImageName\":\"images\\/Product\\/1595003603MATRI81175TIG7995_HiRes.jpg\"},{\"DesignID\":\"81197\",\"Description\":\"LR81197\",\"ImageName\":\"images\\/Product\\/1595003746MATRI81197SBB7995_HiRes.jpg\"},{\"DesignID\":\"81198\",\"Description\":\"LR81198\",\"ImageName\":\"images\\/Product\\/1595003854MATRI81198LBE7995_HiRes.jpg\"},{\"DesignID\":\"81200\",\"Description\":\"LR81200\",\"ImageName\":\"images\\/Product\\/1595003993MATRI81200WBL7995_HiRes.jpg\"},{\"DesignID\":\"81201\",\"Description\":\"LR81201\",\"ImageName\":\"images\\/Product\\/1595004050MATRI81201LBS7995_HiRes.jpg\"}]},\"description\":\"With a unique style, the Matrix Collections is a lovely representation of abstract art with a variety of subtle coloring within the piece. The neutral background color makes this a great piece to add to many different home design styles. \\u00a0Whether you place this piece in the foyer, dining area, or even children\'s room, this rug is sure to draw attention no matter where it will be displayed. The low pile height is also a great advantage for a family member with a trip hazard.\",\"image\":\"http:\\/\\/lrhome.us\\/images\\/Product\\/1595004050MATRI81201LBS7995_HiRes.jpg\"},\"Grace\":{\"title\":\"Grace\",\"raw\":{\"CollectionID\":\"Grace\",\"Description\":\"Grace\",\"ImageName\":\"images\\/Product\\/1594998324GRAC281105CRM7995_1000.jpg\",\"NewArrivalExpiry\":\"False\",\"Clearence\":\"\",\"TopSeller\":\"False\",\"SpecialBuy\":\"\",\"DesignsList\":[{\"DesignID\":\"81105\",\"Description\":\"LR81105\",\"ImageName\":\"images\\/Product\\/1594998324GRAC281105CRM7995_1000.jpg\"},{\"DesignID\":\"81106\",\"Description\":\"LR81106\",\"ImageName\":\"images\\/Product\\/1594996993GRAC281106BLK7995_HiRes.jpg\"},{\"DesignID\":\"81108\",\"Description\":\"LR81108\",\"ImageName\":\"images\\/Product\\/1594997069GRAC281108RED7995_HiRes.jpg\"},{\"DesignID\":\"81112\",\"Description\":\"LR81112\",\"ImageName\":\"images\\/Product\\/1594997267GRAC281112RDB7995_HiRes.jpg\"},{\"DesignID\":\"81125\",\"Description\":\"LR81125\",\"ImageName\":\"images\\/Product\\/1594997574GRAC281125TEA7995_HiRes.jpg\"},{\"DesignID\":\"81126\",\"Description\":\"LR81126\",\"ImageName\":\"images\\/Product\\/1594997618GRAC281126GRY7995_HiRes.jpg\"},{\"DesignID\":\"81130\",\"Description\":\"LR81130\",\"ImageName\":\"images\\/Product\\/1594997663GRAC281130GRY7995_HiRes.jpg\"},{\"DesignID\":\"81132\",\"Description\":\"LR81132\",\"ImageName\":\"images\\/Product\\/1594997751GRAC281132BLK7995_HiRes.jpg\"},{\"DesignID\":\"81133\",\"Description\":\"LR81133\",\"ImageName\":\"images\\/Product\\/1594997789GRAC281133REE7995_HiRes.jpg\"}]},\"description\":\"Lend a touch of elegance to any room with our exquisite Grace collection. The intricate traditional and oriental designs will catch the eye of you and your guests. Place one of these beautiful pieces in a master bedroom, foyer, living area, or even a dining room to attract compliments for your newest interior design addition.\",\"image\":\"http:\\/\\/lrhome.us\\/images\\/Product\\/1598981479GRAC281111GRY7995_HiRes.jpg\"},\"Fashion\":{\"title\":\"Fashion\",\"raw\":{\"CollectionID\":\"Fashion\",\"Description\":\"Fashion\",\"ImageName\":\"images\\/Product\\/1630047624FASHI02510TAU5079_HiRes Mian.jpg\",\"NewArrivalExpiry\":\"False\",\"Clearence\":\"\",\"TopSeller\":\"False\",\"SpecialBuy\":\"\",\"DesignsList\":[{\"DesignID\":\"02510\",\"Description\":\"LR02510\",\"ImageName\":\"images\\/Product\\/1630047624FASHI02510TAU5079_HiRes Mian.jpg\"}]},\"description\":\"The Fashion collection has an unique zebra print which is subtle in color, but it does not take away from the high fashion of animal print. The variety of different sizes in this print also allow for it to fit in your home or office, whether that be in the living area, foyer, bedroom, play area, or even bathroom. Hand tufted in India, this piece has been made to please.\",\"image\":\"http:\\/\\/lrhome.us\\/images\\/Product\\/1630047624FASHI02510TAU5079_HiRes Mian.jpg\"},\"Elite\":{\"title\":\"Elite\",\"raw\":{\"CollectionID\":\"Elite\",\"Description\":\"Elite\",\"ImageName\":\"ProgramLineImages\\/commingsoon.jpg\",\"NewArrivalExpiry\":\"False\",\"Clearence\":\"\",\"TopSeller\":\"False\",\"SpecialBuy\":\"\",\"DesignsList\":[{\"DesignID\":\"03603\",\"Description\":\"LR03603 - WINDSOR\",\"ImageName\":\"ProgramLineImages\\/commingsoon.jpg\"}]},\"description\":null,\"image\":\"http:\\/\\/lrhome.us\\/ProgramLineImages\\/commingsoon.jpg\"},\"Distressed Natural Fiber\":{\"title\":\"Distressed Natural Fiber\",\"raw\":{\"CollectionID\":\"Distressed Natural Fiber\",\"Description\":\"Distressed Natural Fiber\",\"ImageName\":\"ProgramLineImages\\/commingsoon.jpg\",\"NewArrivalExpiry\":\"False\",\"Clearence\":\"\",\"TopSeller\":\"False\",\"SpecialBuy\":\"\",\"DesignsList\":[{\"DesignID\":\"03610\",\"Description\":\"LR03610\",\"ImageName\":\"ProgramLineImages\\/commingsoon.jpg\"}]},\"description\":null,\"image\":\"http:\\/\\/lrhome.us\\/ProgramLineImages\\/commingsoon.jpg\"},\"Divergence\":{\"title\":\"Divergence\",\"raw\":{\"CollectionID\":\"Divergence\",\"Description\":\"Divergence\",\"ImageName\":\"ProgramLineImages\\/commingsoon.jpg\",\"NewArrivalExpiry\":\"False\",\"Clearence\":\"\",\"TopSeller\":\"False\",\"SpecialBuy\":\"\",\"DesignsList\":[{\"DesignID\":\"81472\",\"Description\":\"LR81472\",\"ImageName\":\"ProgramLineImages\\/commingsoon.jpg\"}]},\"description\":null,\"image\":\"http:\\/\\/lrhome.us\\/ProgramLineImages\\/commingsoon.jpg\"},\"Aurora\":{\"title\":\"Aurora\",\"raw\":{\"CollectionID\":\"Aurora\",\"Description\":\"Aurora\",\"ImageName\":\"images\\/Product\\/1594322295AUROR81537BLU5070_Web.jpg\",\"NewArrivalExpiry\":\"False\",\"Clearence\":\"\",\"TopSeller\":\"False\",\"SpecialBuy\":\"\",\"DesignsList\":[{\"DesignID\":\"81535\",\"Description\":\"LR81535\",\"ImageName\":\"images\\/Product\\/1594322267AUROR81535SBL5070_Web.jpg\"},{\"DesignID\":\"81536\",\"Description\":\"LR81536\",\"ImageName\":\"images\\/Product\\/1594322201AUROR81536MLT5070_Web.jpg\"},{\"DesignID\":\"81537\",\"Description\":\"LR81537\",\"ImageName\":\"images\\/Product\\/1594322295AUROR81537BLU5070_Web.jpg\"}]},\"description\":\"The Aurora collection is packed full of beauty and geometric flare that is sure to thrill you and your guests. These additions feature a spectrum of blue, red, gray, and natural hues that go well with a variety of different colors and styles within your home or office. This collection is handmade with the classic flat-weave technique in India. The craftsmanship is undeniable!\",\"image\":\"http:\\/\\/lrhome.us\\/images\\/Product\\/1594322295AUROR81537BLU5070_Web.jpg\"},\"Accent\":{\"title\":\"Accent\",\"raw\":{\"CollectionID\":\"Accent\",\"Description\":\"Accent\",\"ImageName\":\"images\\/Product\\/1594319441ACCEN70153TNV2639_Web.jpg\",\"NewArrivalExpiry\":\"False\",\"Clearence\":\"\",\"TopSeller\":\"False\",\"SpecialBuy\":\"\",\"DesignsList\":[{\"DesignID\":\"70153\",\"Description\":\"LR70153\",\"ImageName\":\"images\\/Product\\/1594319441ACCEN70153TNV2639_Web.jpg\"}]},\"description\":\"Full of lovely tones and designs, our Accent collection is sure to thrill you and your guests. These rugs are perfect for needed pops of color or add textures to a variety of spaces. Easily improve your space today with our accent collection!\",\"image\":\"http:\\/\\/lrhome.us\\/images\\/Product\\/1608642230ACCEN70189MLT3050_HiRes.jpg\"},\"Ox Bay 2x3\":{\"title\":\"Ox Bay 2x3\",\"raw\":{\"CollectionID\":\"Ox Bay 2x3\",\"Description\":\"Ox Bay 2x3\",\"ImageName\":\"images\\/Product\\/1597767686NATUR04010MLT2030_HiRes.jpg\",\"NewArrivalExpiry\":\"False\",\"Clearence\":\"\",\"TopSeller\":\"False\",\"SpecialBuy\":\"\",\"DesignsList\":[{\"DesignID\":\"04010\",\"Description\":\"LR04010 - MOTLEY\",\"ImageName\":\"images\\/Product\\/1597767686NATUR04010MLT2030_HiRes.jpg\"}]},\"description\":null,\"image\":\"http:\\/\\/lrhome.us\\/images\\/Product\\/1597767686NATUR04010MLT2030_HiRes.jpg\"},\"TM Naturals\":{\"title\":\"TM Naturals\",\"raw\":{\"CollectionID\":\"TM Naturals\",\"Description\":\"TM Naturals\",\"ImageName\":\"ProgramLineImages\\/commingsoon.jpg\",\"NewArrivalExpiry\":\"False\",\"Clearence\":\"\",\"TopSeller\":\"False\",\"SpecialBuy\":\"\",\"DesignsList\":[{\"DesignID\":\"05181\",\"Description\":\"LR05181 - TM\",\"ImageName\":\"ProgramLineImages\\/commingsoon.jpg\"},{\"DesignID\":\"99410\",\"Description\":\"LR99410 - TM\",\"ImageName\":\"ProgramLineImages\\/commingsoon.jpg\"},{\"DesignID\":\"99457\",\"Description\":\"LR99457\",\"ImageName\":\"ProgramLineImages\\/commingsoon.jpg\"},{\"DesignID\":\"99647\",\"Description\":\"LR99647\",\"ImageName\":\"ProgramLineImages\\/commingsoon.jpg\"},{\"DesignID\":\"99648\",\"Description\":\"LR99648\",\"ImageName\":\"ProgramLineImages\\/commingsoon.jpg\"},{\"DesignID\":\"99649\",\"Description\":\"LR99649\",\"ImageName\":\"ProgramLineImages\\/commingsoon.jpg\"},{\"DesignID\":\"99641\",\"Description\":\"LR99641-TM\",\"ImageName\":\"ProgramLineImages\\/commingsoon.jpg\"},{\"DesignID\":\"99640\",\"Description\":\"LR99640-TM\",\"ImageName\":\"ProgramLineImages\\/commingsoon.jpg\"}]},\"description\":null,\"image\":\"http:\\/\\/lrhome.us\\/ProgramLineImages\\/commingsoon.jpg\"},\"Topanga\":{\"title\":\"Topanga\",\"raw\":{\"CollectionID\":\"Topanga\",\"Description\":\"Topanga\",\"ImageName\":\"ProgramLineImages\\/commingsoon.jpg\",\"NewArrivalExpiry\":\"False\",\"Clearence\":\"\",\"TopSeller\":\"False\",\"SpecialBuy\":\"\",\"DesignsList\":[{\"DesignID\":\"81320\",\"Description\":\"LR81320\",\"ImageName\":\"ProgramLineImages\\/commingsoon.jpg\"},{\"DesignID\":\"81321\",\"Description\":\"LR81321\",\"ImageName\":\"ProgramLineImages\\/commingsoon.jpg\"},{\"DesignID\":\"81322\",\"Description\":\"LR81322\",\"ImageName\":\"ProgramLineImages\\/commingsoon.jpg\"},{\"DesignID\":\"81323\",\"Description\":\"LR81323\",\"ImageName\":\"ProgramLineImages\\/commingsoon.jpg\"},{\"DesignID\":\"81324\",\"Description\":\"LR81324\",\"ImageName\":\"ProgramLineImages\\/commingsoon.jpg\"}]},\"description\":null,\"image\":\"http:\\/\\/lrhome.us\\/ProgramLineImages\\/commingsoon.jpg\"},\"Tribeca\":{\"title\":\"Tribeca\",\"raw\":{\"CollectionID\":\"Tribeca\",\"Description\":\"Tribeca\",\"ImageName\":\"ProgramLineImages\\/commingsoon.jpg\",\"NewArrivalExpiry\":\"False\",\"Clearence\":\"\",\"TopSeller\":\"False\",\"SpecialBuy\":\"\",\"DesignsList\":[{\"DesignID\":\"04312\",\"Description\":\"LR04312\",\"ImageName\":\"ProgramLineImages\\/commingsoon.jpg\"}]},\"description\":null,\"image\":\"http:\\/\\/lrhome.us\\/ProgramLineImages\\/commingsoon.jpg\"}}\";','2022-06-24 22:36:51','2022-10-08 01:23:44',NULL),(2,1,'e1f8553955479ebfde4f87024ea39f09','Get_Collections','s:146:\"{\"MainCollectionID\":\"Rugs\",\"Filters\":\"eyJGaWx0ZXJzIjogW3siRmlsdGVySUQiOiAiTmV3X0Fycml2YWxzIiwiVmFsdWVzIjogWyJOZXdfQXJyaXZhbHMiXX1dfQ==\"}\";','s:28989:\"{\"Collections\":[{\"CollectionID\":\"Nimroz\",\"Description\":\"Nimroz\",\"ImageName\":\"images\\/Product\\/1642749879NMROZ81983MLT2030_HiRes.jpg\",\"NewArrivalExpiry\":\"True\",\"Clearence\":\"\",\"TopSeller\":\"False\",\"SpecialBuy\":\"\",\"DesignsList\":[{\"DesignID\":\"81980\",\"Description\":\"LR81980\",\"ImageName\":\"images\\/Product\\/1628681240NMROZ81980BMU7999_HiRes.jpg\"},{\"DesignID\":\"81981\",\"Description\":\"LR81981\",\"ImageName\":\"images\\/Product\\/1628681465NMROZ81981BMU7999_HiRes.jpg\"},{\"DesignID\":\"81982\",\"Description\":\"LR81982\",\"ImageName\":\"images\\/Product\\/1628681557NMROZ81982BEM7999_HiRes.jpg\"},{\"DesignID\":\"81983\",\"Description\":\"LR81983\",\"ImageName\":\"images\\/Product\\/1642749879NMROZ81983MLT2030_HiRes.jpg\"},{\"DesignID\":\"81984\",\"Description\":\"LR81984\",\"ImageName\":\"images\\/Product\\/1628681748NMROZ81984NML7999_HiRes.jpg\"}]},{\"CollectionID\":\"Veranda\",\"Description\":\"Veranda\",\"ImageName\":\"images\\/Product\\/1642575400VERND82109SGR5070_HiRes.jpg\",\"NewArrivalExpiry\":\"True\",\"Clearence\":\"\",\"TopSeller\":\"False\",\"SpecialBuy\":\"\",\"DesignsList\":[{\"DesignID\":\"82101\",\"Description\":\"LR82101\",\"ImageName\":\"images\\/Product\\/1642573220VERND82101BEB7999_HiRes.jpg\"},{\"DesignID\":\"82102\",\"Description\":\"LR82102\",\"ImageName\":\"images\\/Product\\/1642573533VERND82102NBL7999_HiRes.jpg\"},{\"DesignID\":\"82103\",\"Description\":\"LR82103\",\"ImageName\":\"images\\/Product\\/1642573729VERND82103AMT5070_HiRes.jpg\"},{\"DesignID\":\"82104\",\"Description\":\"LR82104\",\"ImageName\":\"images\\/Product\\/1642573934VERND82104BEM5070_HiRes.jpg\"},{\"DesignID\":\"82105\",\"Description\":\"LR82105\",\"ImageName\":\"images\\/Product\\/1642574295VERND82105BEM5070_HiRes.jpg\"},{\"DesignID\":\"82106\",\"Description\":\"LR82106\",\"ImageName\":\"images\\/Product\\/1642574474VERND82106NMT5070_HiRes.jpg\"},{\"DesignID\":\"82107\",\"Description\":\"LR82107\",\"ImageName\":\"images\\/Product\\/1642574667VERND82107SGR7999_HiRes.jpg\"},{\"DesignID\":\"82108\",\"Description\":\"LR82108\",\"ImageName\":\"images\\/Product\\/1642574855VERND82108NSL5070_HiRes.jpg\"},{\"DesignID\":\"82109\",\"Description\":\"LR82109\",\"ImageName\":\"images\\/Product\\/1642575400VERND82109SGR5070_HiRes.jpg\"}]},{\"CollectionID\":\"Copa Cabana\",\"Description\":\"Copa Cabana\",\"ImageName\":\"images\\/Product\\/1632388198COPAC81820ORG_Alt_HiResMain.jpg\",\"NewArrivalExpiry\":\"True\",\"Clearence\":\"\",\"TopSeller\":\"False\",\"SpecialBuy\":\"\",\"DesignsList\":[{\"DesignID\":\"81811\",\"Description\":\"LR81811\",\"ImageName\":\"images\\/Product\\/1632387809COPAC81811TML_Alt_HiResMain.jpg\"},{\"DesignID\":\"81812\",\"Description\":\"LR81812\",\"ImageName\":\"images\\/Product\\/1632387845COPAC81812GRN_Alt_HiResMain.jpg\"},{\"DesignID\":\"81813\",\"Description\":\"LR81813\",\"ImageName\":\"images\\/Product\\/1632387872COPAC81813BLU_Alt_HiResMain.jpg\"},{\"DesignID\":\"81814\",\"Description\":\"LR81814\",\"ImageName\":\"images\\/Product\\/1632387896COPAC81814ORA_Alt_HiResMain.jpg\"},{\"DesignID\":\"81815\",\"Description\":\"LR81815\",\"ImageName\":\"images\\/Product\\/1632387926COPAC81815MLT_Alt_HiResMain.jpg\"},{\"DesignID\":\"81816\",\"Description\":\"LR81816\",\"ImageName\":\"images\\/Product\\/1632388057COPAC81816TML_Alt_HiResMian.jpg\"},{\"DesignID\":\"81817\",\"Description\":\"LR81817\",\"ImageName\":\"images\\/Product\\/1632388100COPAC81817MLT_Alt_HiResMain.jpg\"},{\"DesignID\":\"81818\",\"Description\":\"LR81818\",\"ImageName\":\"images\\/Product\\/1632388131COPAC81818MLT_Alt_HiResMain.jpg\"},{\"DesignID\":\"81819\",\"Description\":\"LR81819\",\"ImageName\":\"images\\/Product\\/1632388166COPAC81819GRY_Alt_HiResMain.jpg\"},{\"DesignID\":\"81820\",\"Description\":\"LR81820\",\"ImageName\":\"images\\/Product\\/1632388198COPAC81820ORG_Alt_HiResMain.jpg\"}]},{\"CollectionID\":\"Isabella\",\"Description\":\"Isabella\",\"ImageName\":\"images\\/Product\\/16332652401631866302ISABE81779GBU5076_HiRes (1).jpg\",\"NewArrivalExpiry\":\"True\",\"Clearence\":\"\",\"TopSeller\":\"False\",\"SpecialBuy\":\"\",\"DesignsList\":[{\"DesignID\":\"81778\",\"Description\":\"LR81778\",\"ImageName\":\"images\\/Product\\/1631866244ISABE81778GRY5076_HiRes.jpg\"},{\"DesignID\":\"81779\",\"Description\":\"LR81779\",\"ImageName\":\"images\\/Product\\/16332652401631866302ISABE81779GBU5076_HiRes (1).jpg\"},{\"DesignID\":\"81780\",\"Description\":\"LR81780\",\"ImageName\":\"images\\/Product\\/1631866340ISABE81780IVO5076_HiRes.jpg\"},{\"DesignID\":\"81781\",\"Description\":\"LR81781\",\"ImageName\":\"images\\/Product\\/1631866375ISABE81781GBU5076_HiRes.jpg\"}]},{\"CollectionID\":\"Babylon\",\"Description\":\"Babylon\",\"ImageName\":\"images\\/Product\\/1631884077BABYL81791IVO7999_HiRes.jpg\",\"NewArrivalExpiry\":\"True\",\"Clearence\":\"\",\"TopSeller\":\"False\",\"SpecialBuy\":\"\",\"DesignsList\":[{\"DesignID\":\"81785\",\"Description\":\"LR81785\",\"ImageName\":\"images\\/Product\\/1631883900BABYL81785RED7999_Web.jpg\"},{\"DesignID\":\"81786\",\"Description\":\"LR81786\",\"ImageName\":\"images\\/Product\\/1631883932BABYL81786IVO7999_Web.jpg\"},{\"DesignID\":\"81787\",\"Description\":\"LR81787\",\"ImageName\":\"images\\/Product\\/1631883960BABYL81787GRY7999_HiRes.jpg\"},{\"DesignID\":\"81788\",\"Description\":\"LR81788\",\"ImageName\":\"images\\/Product\\/1631883987BABYL81788IVE7999_Web.jpg\"},{\"DesignID\":\"81789\",\"Description\":\"LR81789\",\"ImageName\":\"images\\/Product\\/1631884025BABYL81789IGY7999_Web.jpg\"},{\"DesignID\":\"81790\",\"Description\":\"LR81790\",\"ImageName\":\"images\\/Product\\/1631884049BABYL81790IVO7999_HiRes.jpg\"},{\"DesignID\":\"81791\",\"Description\":\"LR81791\",\"ImageName\":\"images\\/Product\\/1631884077BABYL81791IVO7999_HiRes.jpg\"}]},{\"CollectionID\":\"Holi\",\"Description\":\"Holi\",\"ImageName\":\"images\\/Product\\/1631778018HOLIC81777REE5080_Web.jpg\",\"NewArrivalExpiry\":\"True\",\"Clearence\":\"\",\"TopSeller\":\"False\",\"SpecialBuy\":\"\",\"DesignsList\":[{\"DesignID\":\"81771\",\"Description\":\"LR81771\",\"ImageName\":\"images\\/Product\\/1631777454HOLIC81771RYW5080_Web.jpg\"},{\"DesignID\":\"81772\",\"Description\":\"LR81772\",\"ImageName\":\"images\\/Product\\/1631777813HOLIC81772RGY4060_Web.jpg\"},{\"DesignID\":\"81773\",\"Description\":\"LR81773\",\"ImageName\":\"images\\/Product\\/1631777880HOLIC81773GML5080_Web.jpg\"},{\"DesignID\":\"81774\",\"Description\":\"LR81774\",\"ImageName\":\"images\\/Product\\/1631777910HOLIC81774BEB5080_Web.jpg\"},{\"DesignID\":\"81775\",\"Description\":\"LR81775\",\"ImageName\":\"images\\/Product\\/1631777946HOLIC81775IML5080_Web.jpg\"},{\"DesignID\":\"81776\",\"Description\":\"LR81776\",\"ImageName\":\"images\\/Product\\/1631777977HOLIC81776GML5080_Web.jpg\"},{\"DesignID\":\"81777\",\"Description\":\"LR81777\",\"ImageName\":\"images\\/Product\\/1631778018HOLIC81777REE5080_Web.jpg\"}]},{\"CollectionID\":\"Hampton\",\"Description\":\"Hampton\",\"ImageName\":\"images\\/Product\\/1631883794NATUR03397CNM7999_HiRes.jpg\",\"NewArrivalExpiry\":\"True\",\"Clearence\":\"\",\"TopSeller\":\"False\",\"SpecialBuy\":\"\",\"DesignsList\":[{\"DesignID\":\"03392\",\"Description\":\"LR03392\",\"ImageName\":\"images\\/Product\\/1631881964NATUR03392IGB7999_HiRes.jpg\"},{\"DesignID\":\"03393\",\"Description\":\"LR03393\",\"ImageName\":\"images\\/Product\\/1631883633NATUR03393FDN7999_HiRes.jpg\"},{\"DesignID\":\"03394\",\"Description\":\"LR03394\",\"ImageName\":\"images\\/Product\\/1631883671NATUR03394QGR7999_HiRes.jpg\"},{\"DesignID\":\"03395\",\"Description\":\"LR03395\",\"ImageName\":\"images\\/Product\\/1631883713NATUR03395BLK7999_HiRes.jpg\"},{\"DesignID\":\"03396\",\"Description\":\"LR03396\",\"ImageName\":\"images\\/Product\\/1631883766NATUR03396NAV7999_HiRes.jpg\"},{\"DesignID\":\"03397\",\"Description\":\"LR03397\",\"ImageName\":\"images\\/Product\\/1631883794NATUR03397CNM7999_HiRes.jpg\"}]},{\"CollectionID\":\"Imagine\",\"Description\":\"Imagine\",\"ImageName\":\"images\\/Product\\/1611396639IMAGI81520CPB9AD0_HiRes.jpg\",\"NewArrivalExpiry\":\"True\",\"Clearence\":\"\",\"TopSeller\":\"False\",\"SpecialBuy\":\"\",\"DesignsList\":[{\"DesignID\":\"81517\",\"Description\":\"LR81517\",\"ImageName\":\"images\\/Product\\/1597329318IMAGI81517HMB9AD0_Web.jpg\"},{\"DesignID\":\"81518\",\"Description\":\"LR81518\",\"ImageName\":\"images\\/Product\\/1597329510IMAGI81518CMH5376_Web.jpg\"},{\"DesignID\":\"81519\",\"Description\":\"LR81519\",\"ImageName\":\"images\\/Product\\/1597329626IMAGI81519CMK_HiRes.jpg\"},{\"DesignID\":\"81520\",\"Description\":\"LR81520\",\"ImageName\":\"images\\/Product\\/1611396639IMAGI81520CPB9AD0_HiRes.jpg\"},{\"DesignID\":\"81521\",\"Description\":\"LR81521\",\"ImageName\":\"images\\/Product\\/1611233651Imagine-81521Hrm-Harbormis_Top.jpg\"},{\"DesignID\":\"81522\",\"Description\":\"LR81522\",\"ImageName\":\"images\\/Product\\/1611233744Imagine-81522Ne-Neutural-Gray_Top.jpg\"}]},{\"CollectionID\":\"Kilimanjaro\",\"Description\":\"Kilimanjaro\",\"ImageName\":\"images\\/Product\\/1616656693KILIM81760WAN3050_HiRes.jpg\",\"NewArrivalExpiry\":\"True\",\"Clearence\":\"\",\"TopSeller\":\"False\",\"SpecialBuy\":\"\",\"DesignsList\":[{\"DesignID\":\"81751\",\"Description\":\"LR81751\",\"ImageName\":\"images\\/Product\\/1616656209KILIM81751AWH3050_HiRes.jpg\"},{\"DesignID\":\"81752\",\"Description\":\"LR81752\",\"ImageName\":\"images\\/Product\\/1616656297KILIM81752WAN5370_HiRes.jpg\"},{\"DesignID\":\"81753\",\"Description\":\"LR81753\",\"ImageName\":\"images\\/Product\\/1616656345KILIM81753AWH3050_HiRes.jpg\"},{\"DesignID\":\"81754\",\"Description\":\"LR81754\",\"ImageName\":\"images\\/Product\\/1616656410KILIM81754WAN5370_HiRes.jpg\"},{\"DesignID\":\"81755\",\"Description\":\"LR81755\",\"ImageName\":\"images\\/Product\\/1616656446KILIM81755AWH3050_HiRes.jpg\"},{\"DesignID\":\"81756\",\"Description\":\"LR81756\",\"ImageName\":\"images\\/Product\\/1616656496KILIM81756WAN3050_HiRes.jpg\"},{\"DesignID\":\"81757\",\"Description\":\"LR81757\",\"ImageName\":\"images\\/Product\\/1616656550KILIM81757AWH3050_HiRes.jpg\"},{\"DesignID\":\"81758\",\"Description\":\"LR81758\",\"ImageName\":\"images\\/Product\\/1616656578KILIM81758AWH3050_HiRes.jpg\"},{\"DesignID\":\"81759\",\"Description\":\"LR81759\",\"ImageName\":\"images\\/Product\\/1616656641KILIM81759WAN3050_HiRes.jpg\"},{\"DesignID\":\"81760\",\"Description\":\"LR81760\",\"ImageName\":\"images\\/Product\\/1616656693KILIM81760WAN3050_HiRes.jpg\"}]},{\"CollectionID\":\"Natural Fiber\",\"Description\":\"Natural Fiber\",\"ImageName\":\"images\\/Product\\/1619080153NATUR03391SMN5079_HiRes.jpg\",\"NewArrivalExpiry\":\"True\",\"Clearence\":\"\",\"TopSeller\":\"False\",\"SpecialBuy\":\"\",\"DesignsList\":[{\"DesignID\":\"03385\",\"Description\":\"LR03385\",\"ImageName\":\"images\\/Product\\/1595014944NATUR03385NAT90C0_HiRes.jpg\"},{\"DesignID\":\"03386\",\"Description\":\"LR03386\",\"ImageName\":\"images\\/Product\\/1595014961NATUR03386NAT90C0_HiRes.jpg\"},{\"DesignID\":\"03387\",\"Description\":\"LR03387\",\"ImageName\":\"images\\/Product\\/16040478661603093705NATUR03387MCH_HiRes.jpg\"},{\"DesignID\":\"03388\",\"Description\":\"LR03388\",\"ImageName\":\"images\\/Product\\/1604047612NATUR03388ENS_HiRes.jpg\"},{\"DesignID\":\"03389\",\"Description\":\"LR03389\",\"ImageName\":\"images\\/Product\\/1607494090NATUR03389NAT7999_1000.jpg\"},{\"DesignID\":\"03390\",\"Description\":\"LR03390\",\"ImageName\":\"images\\/Product\\/1607326311NATUR03390BHI7999_1000.jpg\"},{\"DesignID\":\"03391\",\"Description\":\"LR03391\",\"ImageName\":\"images\\/Product\\/1619080153NATUR03391SMN5079_HiRes.jpg\"}]},{\"CollectionID\":\"Antiquity\",\"Description\":\"Antiquity\",\"ImageName\":\"images\\/Product\\/1627377941ANTIQ81459BLY537A_Web_1.jpg\",\"NewArrivalExpiry\":\"True\",\"Clearence\":\"\",\"TopSeller\":\"False\",\"SpecialBuy\":\"\",\"DesignsList\":[{\"DesignID\":\"81459\",\"Description\":\"LR81459\",\"ImageName\":\"images\\/Product\\/1627377941ANTIQ81459BLY537A_Web_1.jpg\"},{\"DesignID\":\"81460\",\"Description\":\"LR81460\",\"ImageName\":\"images\\/Product\\/1616846495ANTIQ81460BLY537A_Web.jpg\"},{\"DesignID\":\"81461\",\"Description\":\"LR81461\",\"ImageName\":\"images\\/Product\\/1616846567ANTIQ81461BLY537A_Web.jpg\"},{\"DesignID\":\"81462\",\"Description\":\"LR81462\",\"ImageName\":\"images\\/Product\\/1616846616ANTIQ81462BWE537A_Web.jpg\"},{\"DesignID\":\"81463\",\"Description\":\"LR81463\",\"ImageName\":\"images\\/Product\\/1616846675ANTIQ81463BWE537A_Web.jpg\"},{\"DesignID\":\"81464\",\"Description\":\"LR81464\",\"ImageName\":\"images\\/Product\\/1616846820ANTIQ81464BET537A_Web.jpg\"},{\"DesignID\":\"81474\",\"Description\":\"LR81474\",\"ImageName\":\"images\\/Product\\/1616846874ANTIQ81474CRN537A_Web.jpg\"},{\"DesignID\":\"81475\",\"Description\":\"LR81475\",\"ImageName\":\"images\\/Product\\/1616846940ANTIQ81475CAB537A_Web.jpg\"}]},{\"CollectionID\":\"Vintage\",\"Description\":\"Vintage\",\"ImageName\":\"images\\/Product\\/1605162987VINTA81925SLV2030_HiRes.jpg\",\"NewArrivalExpiry\":\"True\",\"Clearence\":\"\",\"TopSeller\":\"False\",\"SpecialBuy\":\"\",\"DesignsList\":[{\"DesignID\":\"81921\",\"Description\":\"LR81921\",\"ImageName\":\"images\\/Product\\/1605162567VINTA81921IVO2030_HiRes.jpg\"},{\"DesignID\":\"81922\",\"Description\":\"LR81922\",\"ImageName\":\"images\\/Product\\/1605162666VINTA81922SLU2030_HiRes.jpg\"},{\"DesignID\":\"81923\",\"Description\":\"LR81923\",\"ImageName\":\"images\\/Product\\/1605162780VINTA81923SAG2030_HiRes.jpg\"},{\"DesignID\":\"81924\",\"Description\":\"LR81924\",\"ImageName\":\"images\\/Product\\/1605162876VINTA81924IVU2030_HiRes.jpg\"},{\"DesignID\":\"81925\",\"Description\":\"LR81925\",\"ImageName\":\"images\\/Product\\/1605162987VINTA81925SLV2030_HiRes.jpg\"}]},{\"CollectionID\":\"Gala\",\"Description\":\"Gala\",\"ImageName\":\"images\\/Product\\/1611229120GALAC81384LWT5076_Web.jpg\",\"NewArrivalExpiry\":\"True\",\"Clearence\":\"\",\"TopSeller\":\"False\",\"SpecialBuy\":\"\",\"DesignsList\":[{\"DesignID\":\"81378\",\"Description\":\"LR81378\",\"ImageName\":\"images\\/Product\\/16067342101604902454GALAC81378RED5076_HiRes.jpg\"},{\"DesignID\":\"81380\",\"Description\":\"LR81380\",\"ImageName\":\"images\\/Product\\/1611228846GALAC81380CPL5076_Web.jpg\"},{\"DesignID\":\"81381\",\"Description\":\"LR81381\",\"ImageName\":\"images\\/Product\\/1611228900GALAC81381CRW5076_Web.jpg\"},{\"DesignID\":\"81382\",\"Description\":\"LR81382\",\"ImageName\":\"images\\/Product\\/1611228963GALAC81382CRW5076_Web.jpg\"},{\"DesignID\":\"81384\",\"Description\":\"LR81384\",\"ImageName\":\"images\\/Product\\/1611229120GALAC81384LWT5076_Web.jpg\"}]},{\"CollectionID\":\"Nimbus\",\"Description\":\"Nimbus\",\"ImageName\":\"images\\/Product\\/1611228210NIMBS81834GYR5076_HiRes.jpg\",\"NewArrivalExpiry\":\"True\",\"Clearence\":\"\",\"TopSeller\":\"False\",\"SpecialBuy\":\"\",\"DesignsList\":[{\"DesignID\":\"81831\",\"Description\":\"LR81831\",\"ImageName\":\"images\\/Product\\/1611227662NIMBS81831BLM5076_HiRes.jpg\"},{\"DesignID\":\"81832\",\"Description\":\"LR81832\",\"ImageName\":\"images\\/Product\\/1611228063NIMBS81832GBU5076_HiRes.jpg\"},{\"DesignID\":\"81833\",\"Description\":\"LR81833\",\"ImageName\":\"images\\/Product\\/1611228142NIMBS81833GYB5076_HiRes.jpg\"},{\"DesignID\":\"81834\",\"Description\":\"LR81834\",\"ImageName\":\"images\\/Product\\/1611228210NIMBS81834GYR5076_HiRes.jpg\"}]},{\"CollectionID\":\"Impulse\",\"Description\":\"Impulse\",\"ImageName\":\"images\\/Product\\/1611226224IMPLS81854BLE7696_HiRes.jpg\",\"NewArrivalExpiry\":\"True\",\"Clearence\":\"\",\"TopSeller\":\"False\",\"SpecialBuy\":\"\",\"DesignsList\":[{\"DesignID\":\"81851\",\"Description\":\"LR81851\",\"ImageName\":\"images\\/Product\\/1611225958IMPLS81851CMD7696_HiRes.jpg\"},{\"DesignID\":\"81852\",\"Description\":\"LR81852\",\"ImageName\":\"images\\/Product\\/1611226048IMPLS81852BKG7696_HiRes.jpg\"},{\"DesignID\":\"81853\",\"Description\":\"LR81853\",\"ImageName\":\"images\\/Product\\/1611226146IMPLS81853PBG7696_HiRes.jpg\"},{\"DesignID\":\"81854\",\"Description\":\"LR81854\",\"ImageName\":\"images\\/Product\\/1611226224IMPLS81854BLE7696_HiRes.jpg\"}]},{\"CollectionID\":\"Revolution\",\"Description\":\"Revolution\",\"ImageName\":\"images\\/Product\\/1611228696REVOL81806GYB5376_HiRes.jpg\",\"NewArrivalExpiry\":\"True\",\"Clearence\":\"\",\"TopSeller\":\"False\",\"SpecialBuy\":\"\",\"DesignsList\":[{\"DesignID\":\"81801\",\"Description\":\"LR81801\",\"ImageName\":\"images\\/Product\\/1611228350REVOL81801GYR7996_HiRes.jpg\"},{\"DesignID\":\"81802\",\"Description\":\"LR81802\",\"ImageName\":\"images\\/Product\\/1611228423REVOL81802BGR7996_HiRes.jpg\"},{\"DesignID\":\"81803\",\"Description\":\"LR81803\",\"ImageName\":\"images\\/Product\\/1611228498REVOL81803BGR5376_HiRes.jpg\"},{\"DesignID\":\"81804\",\"Description\":\"LR81804\",\"ImageName\":\"images\\/Product\\/1611228564REVOL81804GCM5376_HiRes.jpg\"},{\"DesignID\":\"81805\",\"Description\":\"LR81805\",\"ImageName\":\"images\\/Product\\/1611228632REVOL81805GBU5376_HiRes.jpg\"},{\"DesignID\":\"81806\",\"Description\":\"LR81806\",\"ImageName\":\"images\\/Product\\/1611228696REVOL81806GYB5376_HiRes.jpg\"}]},{\"CollectionID\":\"Calypso\",\"Description\":\"Calypso\",\"ImageName\":\"images\\/Product\\/1601568179CALYP81694CST90C0_HiRes.JPG\",\"NewArrivalExpiry\":\"True\",\"Clearence\":\"\",\"TopSeller\":\"False\",\"SpecialBuy\":\"\",\"DesignsList\":[{\"DesignID\":\"81691\",\"Description\":\"LR81691\",\"ImageName\":\"images\\/Product\\/1601567981CALYP81691ROS90C0_HiRes.JPG\"},{\"DesignID\":\"81692\",\"Description\":\"LR81692\",\"ImageName\":\"images\\/Product\\/1601568101CALYP81692GOL90C0_HiRes.JPG\"},{\"DesignID\":\"81693\",\"Description\":\"LR81693\",\"ImageName\":\"images\\/Product\\/1601568129CALYP81693BPK90C0_HiRes.JPG\"},{\"DesignID\":\"81694\",\"Description\":\"LR81694\",\"ImageName\":\"images\\/Product\\/1601568179CALYP81694CST90C0_HiRes.JPG\"},{\"DesignID\":\"81695\",\"Description\":\"LR81695\",\"ImageName\":\"images\\/Product\\/1601568152CALYP81695WBU90C0_HiRes.jpg\"}]},{\"CollectionID\":\"Sinuous\",\"Description\":\"Sinuous\",\"ImageName\":\"images\\/Product\\/1605161365SINUO54154IVD40RD_HiRes.jpg\",\"NewArrivalExpiry\":\"True\",\"Clearence\":\"\",\"TopSeller\":\"False\",\"SpecialBuy\":\"\",\"DesignsList\":[{\"DesignID\":\"54111\",\"Description\":\"LR54111\",\"ImageName\":\"images\\/Product\\/1598980729SINUO54111BLU40RD_HiRes.jpg\"},{\"DesignID\":\"54119\",\"Description\":\"LR54119\",\"ImageName\":\"images\\/Product\\/1603362255SINUO54119GYR40RD_HiRes.jpg\"},{\"DesignID\":\"54120\",\"Description\":\"LR54120\",\"ImageName\":\"images\\/Product\\/1598980965SINUO54120BEI60RD_HiRes.jpg\"},{\"DesignID\":\"54112\",\"Description\":\"LR54112\",\"ImageName\":\"images\\/Product\\/1598980760SINUO54112IVO40RD_HiRes.jpg\"},{\"DesignID\":\"54113\",\"Description\":\"LR54113\",\"ImageName\":\"images\\/Product\\/1598980797SINUO54113GRY40RD_HiRes.jpg\"},{\"DesignID\":\"54114\",\"Description\":\"LR54114\",\"ImageName\":\"images\\/Product\\/1598980834SINUO54114BLU40RD_HiRes.jpg\"},{\"DesignID\":\"54115\",\"Description\":\"LR54115\",\"ImageName\":\"images\\/Product\\/1598980877SINUO54115IVO40RD_HiRes.jpg\"},{\"DesignID\":\"54116\",\"Description\":\"LR54116\",\"ImageName\":\"images\\/Product\\/1598980919SINUO54116LTG40RD_HiRes.jpg\"},{\"DesignID\":\"54117\",\"Description\":\"LR54117\",\"ImageName\":\"images\\/Product\\/1603361614SINUO54117NTV40RD_HiRes.jpg\"},{\"DesignID\":\"54118\",\"Description\":\"LR54118\",\"ImageName\":\"images\\/Product\\/1603361762SINUO54118IVN40RD_HiRes.jpg\"},{\"DesignID\":\"54121\",\"Description\":\"LR54121\",\"ImageName\":\"images\\/Product\\/1603362354SINUO54121NMT40RD_HiRes.jpg\"},{\"DesignID\":\"54122\",\"Description\":\"LR54122\",\"ImageName\":\"images\\/Product\\/1603097383SINUO54122GML40RD_HiRes.jpg\"},{\"DesignID\":\"54161\",\"Description\":\"LR54161\",\"ImageName\":\"images\\/Product\\/1605160975SINUO54161IVO40RD_HiRes.jpg\"},{\"DesignID\":\"54162\",\"Description\":\"LR54162\",\"ImageName\":\"images\\/Product\\/1605160901SINUO54162GMI40RD_HiRes.jpg\"},{\"DesignID\":\"54151\",\"Description\":\"LR54151\",\"ImageName\":\"images\\/Product\\/1605161083SINUO54151TBU40RD_HiRes.jpg\"},{\"DesignID\":\"54152\",\"Description\":\"LR54152\",\"ImageName\":\"images\\/Product\\/1605161164SINUO54152TAU40RD_HiRes.jpg\"},{\"DesignID\":\"54153\",\"Description\":\"LR54153\",\"ImageName\":\"images\\/Product\\/1605161293SINUO54153RUI40RD_HiRes.jpg\"},{\"DesignID\":\"54154\",\"Description\":\"LR54154\",\"ImageName\":\"images\\/Product\\/1605161365SINUO54154IVD40RD_HiRes.jpg\"},{\"DesignID\":\"54155\",\"Description\":\"LR54155\",\"ImageName\":\"images\\/Product\\/1605161224SINUO54155BLO40RD_HiRes.jpg\"}]},{\"CollectionID\":\"Sunshower\",\"Description\":\"Sunshower\",\"ImageName\":\"images\\/Product\\/1608613337SUNSH81250TLB3050_HiRes.jpg\",\"NewArrivalExpiry\":\"True\",\"Clearence\":\"\",\"TopSeller\":\"False\",\"SpecialBuy\":\"\",\"DesignsList\":[{\"DesignID\":\"81250\",\"Description\":\"LR81250\",\"ImageName\":\"images\\/Product\\/1608613337SUNSH81250TLB3050_HiRes.jpg\"}]},{\"CollectionID\":\"Earth\",\"Description\":\"Earth\",\"ImageName\":\"images\\/Product\\/1603714038EARTH81892MCL5079_HiRes.jpg\",\"NewArrivalExpiry\":\"True\",\"Clearence\":\"\",\"TopSeller\":\"False\",\"SpecialBuy\":\"\",\"DesignsList\":[{\"DesignID\":\"81892\",\"Description\":\"LR81892\",\"ImageName\":\"images\\/Product\\/1603714038EARTH81892MCL5079_HiRes.jpg\"},{\"DesignID\":\"81893\",\"Description\":\"LR81893\",\"ImageName\":\"images\\/Product\\/1602648951EARTH81893IRG7999_HiRes.jpg\"},{\"DesignID\":\"81894\",\"Description\":\"LR81894\",\"ImageName\":\"images\\/Product\\/1602649000EARTH81894EGB7999_HiRes.jpg\"},{\"DesignID\":\"81895\",\"Description\":\"LR81895\",\"ImageName\":\"images\\/Product\\/1603705521EARTH81895BEU7999_HiRes.jpg\"},{\"DesignID\":\"81896\",\"Description\":\"LR81896\",\"ImageName\":\"images\\/Product\\/1603705860EARTH81896BKN5079_HiRes.jpg\"}]},{\"CollectionID\":\"Bella Rose\",\"Description\":\"Bella Rose\",\"ImageName\":\"images\\/Product\\/1604045275BROSE21710GRY233A_HiRes.jpg\",\"NewArrivalExpiry\":\"True\",\"Clearence\":\"\",\"TopSeller\":\"False\",\"SpecialBuy\":\"\",\"DesignsList\":[{\"DesignID\":\"21706\",\"Description\":\"LR21706\",\"ImageName\":\"images\\/Product\\/1603100765BROSE21706BEI30RD_HiRes.jpg\"},{\"DesignID\":\"21708\",\"Description\":\"LR21708\",\"ImageName\":\"images\\/Product\\/1603100289BROSE21708MLT30RD_HiRes.jpg\"},{\"DesignID\":\"21709\",\"Description\":\"LR21709\",\"ImageName\":\"images\\/Product\\/1603100161BROSE21709BEI30RD_HiRes.jpg\"},{\"DesignID\":\"21710\",\"Description\":\"LR21710\",\"ImageName\":\"images\\/Product\\/1604045275BROSE21710GRY233A_HiRes.jpg\"}]},{\"CollectionID\":\"Seaside\",\"Description\":\"Seaside\",\"ImageName\":\"images\\/Product\\/1601565886SEADE81879AQT5370_HiRes.jpg\",\"NewArrivalExpiry\":\"True\",\"Clearence\":\"\",\"TopSeller\":\"False\",\"SpecialBuy\":\"\",\"DesignsList\":[{\"DesignID\":\"81871\",\"Description\":\"LR81871\",\"ImageName\":\"images\\/Product\\/1601506508SEADE81871AWT5370_HiRes.jpg\"},{\"DesignID\":\"81872\",\"Description\":\"LR81872\",\"ImageName\":\"images\\/Product\\/1601506852SEADE81872AWT5370_HiRes.jpg\"},{\"DesignID\":\"81873\",\"Description\":\"LR81873\",\"ImageName\":\"images\\/Product\\/1601506883SEADE81873WAZ5370_HiRes.jpg\"},{\"DesignID\":\"81874\",\"Description\":\"LR81874\",\"ImageName\":\"images\\/Product\\/1601506942SEADE81874WAZ5370_HiRes.jpg\"},{\"DesignID\":\"81875\",\"Description\":\"LR81875\",\"ImageName\":\"images\\/Product\\/1601507018SEADE81875AWT5370_HiRes.jpg\"},{\"DesignID\":\"81876\",\"Description\":\"LR81876\",\"ImageName\":\"images\\/Product\\/1601565828SEADE81876AQT5370_HiRes.jpg\"},{\"DesignID\":\"81877\",\"Description\":\"LR81877\",\"ImageName\":\"images\\/Product\\/1601507169SEADE81877AQT5370_HiRes.jpg\"},{\"DesignID\":\"81878\",\"Description\":\"LR81878\",\"ImageName\":\"images\\/Product\\/1601507134SEADE81878WAQ5370_HiRes.jpg\"},{\"DesignID\":\"81879\",\"Description\":\"LR81879\",\"ImageName\":\"images\\/Product\\/1601565886SEADE81879AQT5370_HiRes.jpg\"}]},{\"CollectionID\":\"Shapes\",\"Description\":\"Shapes\",\"ImageName\":\"images\\/Product\\/1598980010SHAPE50924RUN50RD_1000.jpg\",\"NewArrivalExpiry\":\"True\",\"Clearence\":\"\",\"TopSeller\":\"False\",\"SpecialBuy\":\"\",\"DesignsList\":[{\"DesignID\":\"50922\",\"Description\":\"LR50922\",\"ImageName\":\"images\\/Product\\/1598979956SHAPE50922BAM50RD_1000.jpg\"},{\"DesignID\":\"50923\",\"Description\":\"LR50923\",\"ImageName\":\"images\\/Product\\/1598979983SHAPE50923GDB50RD_1000.jpg\"},{\"DesignID\":\"50924\",\"Description\":\"LR50924\",\"ImageName\":\"images\\/Product\\/1598980010SHAPE50924RUN50RD_1000.jpg\"}]},{\"CollectionID\":\"Michelle\",\"Description\":\"Michelle\",\"ImageName\":\"images\\/Product\\/1597329626IMAGI81519CMK_HiRes.jpg\",\"NewArrivalExpiry\":\"True\",\"Clearence\":\"\",\"TopSeller\":\"False\",\"SpecialBuy\":\"\",\"DesignsList\":[{\"DesignID\":\"81635\",\"Description\":\"LR81635\",\"ImageName\":\"images\\/Product\\/1597329626IMAGI81519CMK_HiRes.jpg\"},{\"DesignID\":\"81636\",\"Description\":\"LR81636\",\"ImageName\":\"images\\/Product\\/1597329626IMAGI81519CMK_HiRes.jpg\"},{\"DesignID\":\"81637\",\"Description\":\"LR81637\",\"ImageName\":\"images\\/Product\\/1597327356MICHELLE-81637CMK-COCONTMLK-SHARK.jpg\"},{\"DesignID\":\"81638\",\"Description\":\"LR81638\",\"ImageName\":\"images\\/Product\\/1597327441MICHELLE-81638CCO-CREAM-COCONUT.jpg\"},{\"DesignID\":\"81639\",\"Description\":\"LR81639\",\"ImageName\":\"images\\/Product\\/1597327534MICHELLE-81639CMK-COCONTMLK-SHARK.jpg\"},{\"DesignID\":\"81640\",\"Description\":\"LR81640\",\"ImageName\":\"images\\/Product\\/1597329626IMAGI81519CMK_HiRes.jpg\"}]},{\"CollectionID\":\"Oceania\",\"Description\":\"Oceania\",\"ImageName\":\"images\\/Product\\/1595001664OCEAN81675BUC5376_HiRes.jpg\",\"NewArrivalExpiry\":\"True\",\"Clearence\":\"\",\"TopSeller\":\"False\",\"SpecialBuy\":\"\",\"DesignsList\":[{\"DesignID\":\"81671\",\"Description\":\"LR81671\",\"ImageName\":\"images\\/Product\\/1595001605OCEAN81671CRU5376_HiRes.jpg\"},{\"DesignID\":\"81672\",\"Description\":\"LR81672\",\"ImageName\":\"images\\/Product\\/1595001617OCEAN81672BUC5376_HiRes.jpg\"},{\"DesignID\":\"81673\",\"Description\":\"LR81673\",\"ImageName\":\"images\\/Product\\/1595001631OCEAN81673BUC5376_HiRes.jpg\"},{\"DesignID\":\"81674\",\"Description\":\"LR81674\",\"ImageName\":\"images\\/Product\\/1595001648OCEAN81674CRU5376_HiRes.jpg\"},{\"DesignID\":\"81675\",\"Description\":\"LR81675\",\"ImageName\":\"images\\/Product\\/1595001664OCEAN81675BUC5376_HiRes.jpg\"}]},{\"CollectionID\":\"Vibrance\",\"Description\":\"Vibrance\",\"ImageName\":\"images\\/Product\\/1598979384VIBRA03570TAU50RD_HiRes.jpg\",\"NewArrivalExpiry\":\"True\",\"Clearence\":\"\",\"TopSeller\":\"False\",\"SpecialBuy\":\"\",\"DesignsList\":[{\"DesignID\":\"03562\",\"Description\":\"LR03562\",\"ImageName\":\"images\\/Product\\/1598978624VIBRA03562BLU50RD_HiRes.jpg\"},{\"DesignID\":\"03563\",\"Description\":\"LR03563\",\"ImageName\":\"images\\/Product\\/1598978677VIBRA03563CHA50RD_HiRes.jpg\"},{\"DesignID\":\"03564\",\"Description\":\"LR03564\",\"ImageName\":\"images\\/Product\\/1598978756VIBRA03564GRY50RD_HiRes.jpg\"},{\"DesignID\":\"03565\",\"Description\":\"LR03565\",\"ImageName\":\"images\\/Product\\/1598978907VIBRA03565IML50RD_HiRes.jpg\"},{\"DesignID\":\"03567\",\"Description\":\"LR03567\",\"ImageName\":\"images\\/Product\\/1598979114VIBRA03567IVU50RD_HiRes.jpg\"},{\"DesignID\":\"03566\",\"Description\":\"LR03566\",\"ImageName\":\"images\\/Product\\/1598978946VIBRA03566BEI50RD_HiRes.jpg\"},{\"DesignID\":\"03568\",\"Description\":\"LR03568\",\"ImageName\":\"images\\/Product\\/1598979199VIBRA03568IVD50RD_HiRes.jpg\"},{\"DesignID\":\"03569\",\"Description\":\"LR03569\",\"ImageName\":\"images\\/Product\\/1598979341VIBRA03569BLU50RD_HiRes.jpg\"},{\"DesignID\":\"03570\",\"Description\":\"LR03570\",\"ImageName\":\"images\\/Product\\/1598979384VIBRA03570TAU50RD_HiRes.jpg\"}]},{\"CollectionID\":\"Boutique Jute\",\"Description\":\"Boutique Jute\",\"ImageName\":\"images\\/Product\\/1595009669NATUR12046NAT60RD_HiRes.jpg\",\"NewArrivalExpiry\":\"True\",\"Clearence\":\"\",\"TopSeller\":\"False\",\"SpecialBuy\":\"\",\"DesignsList\":[{\"DesignID\":\"12040\",\"Description\":\"LR12040\",\"ImageName\":\"images\\/Product\\/1595009427NATUR12040NAT76RD_HiRes.jpg\"},{\"DesignID\":\"12042\",\"Description\":\"LR12042\",\"ImageName\":\"images\\/Product\\/1595009492NATUR12042BHG60RD_HiRes.jpg\"},{\"DesignID\":\"12043\",\"Description\":\"LR12043\",\"ImageName\":\"images\\/Product\\/1595009586NATUR12043NAT60RD_HiRes.jpg\"},{\"DesignID\":\"12045\",\"Description\":\"LR12045\",\"ImageName\":\"images\\/Product\\/1595009619NATUR12045NAT76RD_HiRes.jpg\"},{\"DesignID\":\"12046\",\"Description\":\"LR12046\",\"ImageName\":\"images\\/Product\\/1595009669NATUR12046NAT60RD_HiRes.jpg\"},{\"DesignID\":\"12041\",\"Description\":\"LR12041\",\"ImageName\":\"images\\/Product\\/1595009462NATUR12041BHG40RD_HiRes.jpg\"},{\"DesignID\":\"03380\",\"Description\":\"LR03380\",\"ImageName\":\"images\\/Product\\/1595008352NATUR03380DEB36RD_HiRes.jpg\"},{\"DesignID\":\"03382\",\"Description\":\"LR03382\",\"ImageName\":\"images\\/Product\\/1595008570NATUR03382MLT36RD_HiRes.jpg\"},{\"DesignID\":\"03383\",\"Description\":\"LR03383\",\"ImageName\":\"images\\/Product\\/1595008614NATUR03383PES36RD_HiRes.jpg\"},{\"DesignID\":\"03384\",\"Description\":\"LR03384\",\"ImageName\":\"images\\/Product\\/1595008732NATUR03384DEB36RD_HiRes.jpg\"}]},{\"CollectionID\":\"Dune\",\"Description\":\"Dune\",\"ImageName\":\"images\\/Product\\/1595009959DUNEC81668SWH7995_HiRes.jpg\",\"NewArrivalExpiry\":\"True\",\"Clearence\":\"\",\"TopSeller\":\"False\",\"SpecialBuy\":\"\",\"DesignsList\":[{\"DesignID\":\"81661\",\"Description\":\"LR81661\",\"ImageName\":\"images\\/Product\\/1595009610DUNEC81661WLB7995_HiRes.jpg\"},{\"DesignID\":\"81663\",\"Description\":\"LR81663\",\"ImageName\":\"images\\/Product\\/1595009709DUNEC81663IVU5272_HiRes.jpg\"},{\"DesignID\":\"81667\",\"Description\":\"LR81667\",\"ImageName\":\"images\\/Product\\/1595009919DUNEC81667WSA7995_HiRes.jpg\"},{\"DesignID\":\"81668\",\"Description\":\"LR81668\",\"ImageName\":\"images\\/Product\\/1595009959DUNEC81668SWH7995_HiRes.jpg\"}]},{\"CollectionID\":\"Sanibel\",\"Description\":\"Sanibel\",\"ImageName\":\"images\\/Product\\/1594997631SANIB81655OAS5070_HiRes.jpg\",\"NewArrivalExpiry\":\"True\",\"Clearence\":\"\",\"TopSeller\":\"False\",\"SpecialBuy\":\"\",\"DesignsList\":[{\"DesignID\":\"81646\",\"Description\":\"LR81646\",\"ImageName\":\"images\\/Product\\/1594997551SANIB81646NVG5070_HiRes.jpg\"},{\"DesignID\":\"81647\",\"Description\":\"LR81647\",\"ImageName\":\"images\\/Product\\/1594997565SANIB81647OAS5070_HiRes.jpg\"},{\"DesignID\":\"81648\",\"Description\":\"LR81648\",\"ImageName\":\"images\\/Product\\/1594997578SANIB81648NVG5070_HiRes.jpg\"},{\"DesignID\":\"81649\",\"Description\":\"LR81649\",\"ImageName\":\"images\\/Product\\/1594997596SANIB81649SPA5070_HiRes.jpg\"},{\"DesignID\":\"81650\",\"Description\":\"LR81650\",\"ImageName\":\"images\\/Product\\/1594997609SANIB81650OAS5070_HiRes.jpg\"},{\"DesignID\":\"81654\",\"Description\":\"LR81654\",\"ImageName\":\"images\\/Product\\/1594997619SANIB81654NVG5070_HiRes.jpg\"},{\"DesignID\":\"81655\",\"Description\":\"LR81655\",\"ImageName\":\"images\\/Product\\/1594997631SANIB81655OAS5070_HiRes.jpg\"}]},{\"CollectionID\":\"Modern Traditions\",\"Description\":\"Modern Traditions\",\"ImageName\":\"images\\/Product\\/1594930101MODTR81292IVO5079_HiRes.jpg\",\"NewArrivalExpiry\":\"True\",\"Clearence\":\"\",\"TopSeller\":\"False\",\"SpecialBuy\":\"\",\"DesignsList\":[{\"DesignID\":\"81285\",\"Description\":\"LR81285\",\"ImageName\":\"images\\/Product\\/1594928449MODTR81285IBE5079_HiRes.jpg\"},{\"DesignID\":\"81287\",\"Description\":\"LR81287\",\"ImageName\":\"images\\/Product\\/1594929339MODTR81287OGY5079_HiRes.jpg\"},{\"DesignID\":\"81288\",\"Description\":\"LR81288\",\"ImageName\":\"images\\/Product\\/1594929525MODTR81288TUG5079_HiRes.jpg\"},{\"DesignID\":\"81289\",\"Description\":\"LR81289\",\"ImageName\":\"images\\/Product\\/1594929641MODTR81289SGG5079_HiRes.jpg\"},{\"DesignID\":\"81290\",\"Description\":\"LR81290\",\"ImageName\":\"images\\/Product\\/1594929758MODTR81290BEI5079_HiRes.jpg\"},{\"DesignID\":\"81291\",\"Description\":\"LR81291\",\"ImageName\":\"images\\/Product\\/1594929951MODTR81291BEO5079_HiRes.jpg\"},{\"DesignID\":\"81292\",\"Description\":\"LR81292\",\"ImageName\":\"images\\/Product\\/1594930101MODTR81292IVO5079_HiRes.jpg\"}]}],\"Success\":true}\";','s:45444:\"{\"Nimroz\":{\"title\":\"Nimroz\",\"raw\":{\"CollectionID\":\"Nimroz\",\"Description\":\"Nimroz\",\"ImageName\":\"images\\/Product\\/1642749879NMROZ81983MLT2030_HiRes.jpg\",\"NewArrivalExpiry\":\"True\",\"Clearence\":\"\",\"TopSeller\":\"False\",\"SpecialBuy\":\"\",\"DesignsList\":[{\"DesignID\":\"81980\",\"Description\":\"LR81980\",\"ImageName\":\"images\\/Product\\/1628681240NMROZ81980BMU7999_HiRes.jpg\"},{\"DesignID\":\"81981\",\"Description\":\"LR81981\",\"ImageName\":\"images\\/Product\\/1628681465NMROZ81981BMU7999_HiRes.jpg\"},{\"DesignID\":\"81982\",\"Description\":\"LR81982\",\"ImageName\":\"images\\/Product\\/1628681557NMROZ81982BEM7999_HiRes.jpg\"},{\"DesignID\":\"81983\",\"Description\":\"LR81983\",\"ImageName\":\"images\\/Product\\/1642749879NMROZ81983MLT2030_HiRes.jpg\"},{\"DesignID\":\"81984\",\"Description\":\"LR81984\",\"ImageName\":\"images\\/Product\\/1628681748NMROZ81984NML7999_HiRes.jpg\"}]},\"description\":\"Combining centuries of traditional textile techniques with contemporary customer needs, this boho-chic diamond dynasty geometric striped area rug is an innovative blend of classic dhurrie construction and a secondary cotton backing for extra support and durability. This flatwoven rug is handmade by artisan weavers using natural jute and cotton fibers for a sustainable, stylish look and feel. The vivid natural colors and rejuvenated mix of geometry motifs showcase time-tested weaving techniques while preserving the traditional craft of dhurrie area rug construction. Trimmed with a natural loom fringe, this finishing border adds a touch of texture to your space.\",\"image\":\"http:\\/\\/lrhome.us\\/images\\/Product\\/1642749879NMROZ81983MLT2030_HiRes.jpg\"},\"Veranda\":{\"title\":\"Veranda\",\"raw\":{\"CollectionID\":\"Veranda\",\"Description\":\"Veranda\",\"ImageName\":\"images\\/Product\\/1642575400VERND82109SGR5070_HiRes.jpg\",\"NewArrivalExpiry\":\"True\",\"Clearence\":\"\",\"TopSeller\":\"False\",\"SpecialBuy\":\"\",\"DesignsList\":[{\"DesignID\":\"82101\",\"Description\":\"LR82101\",\"ImageName\":\"images\\/Product\\/1642573220VERND82101BEB7999_HiRes.jpg\"},{\"DesignID\":\"82102\",\"Description\":\"LR82102\",\"ImageName\":\"images\\/Product\\/1642573533VERND82102NBL7999_HiRes.jpg\"},{\"DesignID\":\"82103\",\"Description\":\"LR82103\",\"ImageName\":\"images\\/Product\\/1642573729VERND82103AMT5070_HiRes.jpg\"},{\"DesignID\":\"82104\",\"Description\":\"LR82104\",\"ImageName\":\"images\\/Product\\/1642573934VERND82104BEM5070_HiRes.jpg\"},{\"DesignID\":\"82105\",\"Description\":\"LR82105\",\"ImageName\":\"images\\/Product\\/1642574295VERND82105BEM5070_HiRes.jpg\"},{\"DesignID\":\"82106\",\"Description\":\"LR82106\",\"ImageName\":\"images\\/Product\\/1642574474VERND82106NMT5070_HiRes.jpg\"},{\"DesignID\":\"82107\",\"Description\":\"LR82107\",\"ImageName\":\"images\\/Product\\/1642574667VERND82107SGR7999_HiRes.jpg\"},{\"DesignID\":\"82108\",\"Description\":\"LR82108\",\"ImageName\":\"images\\/Product\\/1642574855VERND82108NSL5070_HiRes.jpg\"},{\"DesignID\":\"82109\",\"Description\":\"LR82109\",\"ImageName\":\"images\\/Product\\/1642575400VERND82109SGR5070_HiRes.jpg\"}]},\"description\":\"Colorful yarns with a high low pile lend an appealing elegance to this durable outdoor safe rug. With an easy to clean flat pile base and a raised palm frond and fern pattern, this piece looks just as home in a suburban breakfast nook as a south Florida lanai\",\"image\":\"http:\\/\\/lrhome.us\\/images\\/Product\\/1642575400VERND82109SGR5070_HiRes.jpg\"},\"Copa Cabana\":{\"title\":\"Copa Cabana\",\"raw\":{\"CollectionID\":\"Copa Cabana\",\"Description\":\"Copa Cabana\",\"ImageName\":\"images\\/Product\\/1632388198COPAC81820ORG_Alt_HiResMain.jpg\",\"NewArrivalExpiry\":\"True\",\"Clearence\":\"\",\"TopSeller\":\"False\",\"SpecialBuy\":\"\",\"DesignsList\":[{\"DesignID\":\"81811\",\"Description\":\"LR81811\",\"ImageName\":\"images\\/Product\\/1632387809COPAC81811TML_Alt_HiResMain.jpg\"},{\"DesignID\":\"81812\",\"Description\":\"LR81812\",\"ImageName\":\"images\\/Product\\/1632387845COPAC81812GRN_Alt_HiResMain.jpg\"},{\"DesignID\":\"81813\",\"Description\":\"LR81813\",\"ImageName\":\"images\\/Product\\/1632387872COPAC81813BLU_Alt_HiResMain.jpg\"},{\"DesignID\":\"81814\",\"Description\":\"LR81814\",\"ImageName\":\"images\\/Product\\/1632387896COPAC81814ORA_Alt_HiResMain.jpg\"},{\"DesignID\":\"81815\",\"Description\":\"LR81815\",\"ImageName\":\"images\\/Product\\/1632387926COPAC81815MLT_Alt_HiResMain.jpg\"},{\"DesignID\":\"81816\",\"Description\":\"LR81816\",\"ImageName\":\"images\\/Product\\/1632388057COPAC81816TML_Alt_HiResMian.jpg\"},{\"DesignID\":\"81817\",\"Description\":\"LR81817\",\"ImageName\":\"images\\/Product\\/1632388100COPAC81817MLT_Alt_HiResMain.jpg\"},{\"DesignID\":\"81818\",\"Description\":\"LR81818\",\"ImageName\":\"images\\/Product\\/1632388131COPAC81818MLT_Alt_HiResMain.jpg\"},{\"DesignID\":\"81819\",\"Description\":\"LR81819\",\"ImageName\":\"images\\/Product\\/1632388166COPAC81819GRY_Alt_HiResMain.jpg\"},{\"DesignID\":\"81820\",\"Description\":\"LR81820\",\"ImageName\":\"images\\/Product\\/1632388198COPAC81820ORG_Alt_HiResMain.jpg\"}]},\"description\":\"The indoor-outdoor Copa Cabana rug collection brings bright Mediterranean motifs and terrific high-low texture to your space with a wide range of large graphic prints in island-inspired tones. Imported from Turkey, this power-loomed collection is constructed with stain-resistant and colorfast polypropylene fibers to provide long-lasting styles with easy to clean features.\",\"image\":\"http:\\/\\/lrhome.us\\/images\\/Product\\/1632388198COPAC81820ORG_Alt_HiResMain.jpg\"},\"Isabella\":{\"title\":\"Isabella\",\"raw\":{\"CollectionID\":\"Isabella\",\"Description\":\"Isabella\",\"ImageName\":\"images\\/Product\\/16332652401631866302ISABE81779GBU5076_HiRes (1).jpg\",\"NewArrivalExpiry\":\"True\",\"Clearence\":\"\",\"TopSeller\":\"False\",\"SpecialBuy\":\"\",\"DesignsList\":[{\"DesignID\":\"81778\",\"Description\":\"LR81778\",\"ImageName\":\"images\\/Product\\/1631866244ISABE81778GRY5076_HiRes.jpg\"},{\"DesignID\":\"81779\",\"Description\":\"LR81779\",\"ImageName\":\"images\\/Product\\/16332652401631866302ISABE81779GBU5076_HiRes (1).jpg\"},{\"DesignID\":\"81780\",\"Description\":\"LR81780\",\"ImageName\":\"images\\/Product\\/1631866340ISABE81780IVO5076_HiRes.jpg\"},{\"DesignID\":\"81781\",\"Description\":\"LR81781\",\"ImageName\":\"images\\/Product\\/1631866375ISABE81781GBU5076_HiRes.jpg\"}]},\"description\":\"The neutral gray-blue hues and stylishly muted designs of the Isabella collection excentuate polished modern traditional spaces. Imported from Turkey, this power loomed collection is constructed with a versatile blend of polyester and viscose fibers to provide silky, soft textures at an affordable price point.\",\"image\":\"http:\\/\\/lrhome.us\\/images\\/Product\\/16332652401631866302ISABE81779GBU5076_HiRes (1).jpg\"},\"Babylon\":{\"title\":\"Babylon\",\"raw\":{\"CollectionID\":\"Babylon\",\"Description\":\"Babylon\",\"ImageName\":\"images\\/Product\\/1631884077BABYL81791IVO7999_HiRes.jpg\",\"NewArrivalExpiry\":\"True\",\"Clearence\":\"\",\"TopSeller\":\"False\",\"SpecialBuy\":\"\",\"DesignsList\":[{\"DesignID\":\"81785\",\"Description\":\"LR81785\",\"ImageName\":\"images\\/Product\\/1631883900BABYL81785RED7999_Web.jpg\"},{\"DesignID\":\"81786\",\"Description\":\"LR81786\",\"ImageName\":\"images\\/Product\\/1631883932BABYL81786IVO7999_Web.jpg\"},{\"DesignID\":\"81787\",\"Description\":\"LR81787\",\"ImageName\":\"images\\/Product\\/1631883960BABYL81787GRY7999_HiRes.jpg\"},{\"DesignID\":\"81788\",\"Description\":\"LR81788\",\"ImageName\":\"images\\/Product\\/1631883987BABYL81788IVE7999_Web.jpg\"},{\"DesignID\":\"81789\",\"Description\":\"LR81789\",\"ImageName\":\"images\\/Product\\/1631884025BABYL81789IGY7999_Web.jpg\"},{\"DesignID\":\"81790\",\"Description\":\"LR81790\",\"ImageName\":\"images\\/Product\\/1631884049BABYL81790IVO7999_HiRes.jpg\"},{\"DesignID\":\"81791\",\"Description\":\"LR81791\",\"ImageName\":\"images\\/Product\\/1631884077BABYL81791IVO7999_HiRes.jpg\"}]},\"description\":\"The Babylon rug collection merges timeless traditional motifs with vintage-inspired transitional tones to create an effortlessly elevated look. Resilient wool fibers have been hand-tufted for all-around comfort underfoot and dynamic dimension throughout. This classic collection is an ideal fit for luxurious high-traffic areas. \\u00a0\",\"image\":\"http:\\/\\/lrhome.us\\/images\\/Product\\/1631884077BABYL81791IVO7999_HiRes.jpg\"},\"Holi\":{\"title\":\"Holi\",\"raw\":{\"CollectionID\":\"Holi\",\"Description\":\"Holi\",\"ImageName\":\"images\\/Product\\/1631778018HOLIC81777REE5080_Web.jpg\",\"NewArrivalExpiry\":\"True\",\"Clearence\":\"\",\"TopSeller\":\"False\",\"SpecialBuy\":\"\",\"DesignsList\":[{\"DesignID\":\"81771\",\"Description\":\"LR81771\",\"ImageName\":\"images\\/Product\\/1631777454HOLIC81771RYW5080_Web.jpg\"},{\"DesignID\":\"81772\",\"Description\":\"LR81772\",\"ImageName\":\"images\\/Product\\/1631777813HOLIC81772RGY4060_Web.jpg\"},{\"DesignID\":\"81773\",\"Description\":\"LR81773\",\"ImageName\":\"images\\/Product\\/1631777880HOLIC81773GML5080_Web.jpg\"},{\"DesignID\":\"81774\",\"Description\":\"LR81774\",\"ImageName\":\"images\\/Product\\/1631777910HOLIC81774BEB5080_Web.jpg\"},{\"DesignID\":\"81775\",\"Description\":\"LR81775\",\"ImageName\":\"images\\/Product\\/1631777946HOLIC81775IML5080_Web.jpg\"},{\"DesignID\":\"81776\",\"Description\":\"LR81776\",\"ImageName\":\"images\\/Product\\/1631777977HOLIC81776GML5080_Web.jpg\"},{\"DesignID\":\"81777\",\"Description\":\"LR81777\",\"ImageName\":\"images\\/Product\\/1631778018HOLIC81777REE5080_Web.jpg\"}]},\"description\":\"The Holi collection creates intrigue with designs ranging from abstract to traditional in this refreshing revamp of modern rustic style using antique-inspired tones. Imported from Turkey, this power-loomed collection is constructed with durable polyester fibers to provide long-lasting styles with easy to clean features.\",\"image\":\"http:\\/\\/lrhome.us\\/images\\/Product\\/1631778018HOLIC81777REE5080_Web.jpg\"},\"Hampton\":{\"title\":\"Hampton\",\"raw\":{\"CollectionID\":\"Hampton\",\"Description\":\"Hampton\",\"ImageName\":\"images\\/Product\\/1631883794NATUR03397CNM7999_HiRes.jpg\",\"NewArrivalExpiry\":\"True\",\"Clearence\":\"\",\"TopSeller\":\"False\",\"SpecialBuy\":\"\",\"DesignsList\":[{\"DesignID\":\"03392\",\"Description\":\"LR03392\",\"ImageName\":\"images\\/Product\\/1631881964NATUR03392IGB7999_HiRes.jpg\"},{\"DesignID\":\"03393\",\"Description\":\"LR03393\",\"ImageName\":\"images\\/Product\\/1631883633NATUR03393FDN7999_HiRes.jpg\"},{\"DesignID\":\"03394\",\"Description\":\"LR03394\",\"ImageName\":\"images\\/Product\\/1631883671NATUR03394QGR7999_HiRes.jpg\"},{\"DesignID\":\"03395\",\"Description\":\"LR03395\",\"ImageName\":\"images\\/Product\\/1631883713NATUR03395BLK7999_HiRes.jpg\"},{\"DesignID\":\"03396\",\"Description\":\"LR03396\",\"ImageName\":\"images\\/Product\\/1631883766NATUR03396NAV7999_HiRes.jpg\"},{\"DesignID\":\"03397\",\"Description\":\"LR03397\",\"ImageName\":\"images\\/Product\\/1631883794NATUR03397CNM7999_HiRes.jpg\"}]},\"description\":\"Handwoven in India, the Hamptons rug collection combines sustainable natural fibers, classic coastal stripes, and a durable cotton backing to bring timeless texture, chic style, and resilient versatility to your space. Crafted with care, this assortment of area rugs supports communities with the collective effort to create these works of art. \\u00a0\",\"image\":\"http:\\/\\/lrhome.us\\/images\\/Product\\/1631884077BABYL81791IVO7999_HiRes.jpg\"},\"Imagine\":{\"title\":\"Imagine\",\"raw\":{\"CollectionID\":\"Imagine\",\"Description\":\"Imagine\",\"ImageName\":\"images\\/Product\\/1611396639IMAGI81520CPB9AD0_HiRes.jpg\",\"NewArrivalExpiry\":\"True\",\"Clearence\":\"\",\"TopSeller\":\"False\",\"SpecialBuy\":\"\",\"DesignsList\":[{\"DesignID\":\"81517\",\"Description\":\"LR81517\",\"ImageName\":\"images\\/Product\\/1597329318IMAGI81517HMB9AD0_Web.jpg\"},{\"DesignID\":\"81518\",\"Description\":\"LR81518\",\"ImageName\":\"images\\/Product\\/1597329510IMAGI81518CMH5376_Web.jpg\"},{\"DesignID\":\"81519\",\"Description\":\"LR81519\",\"ImageName\":\"images\\/Product\\/1597329626IMAGI81519CMK_HiRes.jpg\"},{\"DesignID\":\"81520\",\"Description\":\"LR81520\",\"ImageName\":\"images\\/Product\\/1611396639IMAGI81520CPB9AD0_HiRes.jpg\"},{\"DesignID\":\"81521\",\"Description\":\"LR81521\",\"ImageName\":\"images\\/Product\\/1611233651Imagine-81521Hrm-Harbormis_Top.jpg\"},{\"DesignID\":\"81522\",\"Description\":\"LR81522\",\"ImageName\":\"images\\/Product\\/1611233744Imagine-81522Ne-Neutural-Gray_Top.jpg\"}]},\"description\":\"Bringing the perfect mix of color and texture into your home isn\'t always easy; that\'s why we made this Imagine Collection with the customer\'s needs in mind. The patterns on this particular collection are sure to highlight a variety of different interior styles. Sure to thrill you and your guest, this rug collection will transport you to a style oasis. With a low pile height, this rug remains tight to the ground and is ideal for a family member with a trip hazard.\",\"image\":\"http:\\/\\/lrhome.us\\/images\\/Product\\/1611396639IMAGI81520CPB9AD0_HiRes.jpg\"},\"Kilimanjaro\":{\"title\":\"Kilimanjaro\",\"raw\":{\"CollectionID\":\"Kilimanjaro\",\"Description\":\"Kilimanjaro\",\"ImageName\":\"images\\/Product\\/1616656693KILIM81760WAN3050_HiRes.jpg\",\"NewArrivalExpiry\":\"True\",\"Clearence\":\"\",\"TopSeller\":\"False\",\"SpecialBuy\":\"\",\"DesignsList\":[{\"DesignID\":\"81751\",\"Description\":\"LR81751\",\"ImageName\":\"images\\/Product\\/1616656209KILIM81751AWH3050_HiRes.jpg\"},{\"DesignID\":\"81752\",\"Description\":\"LR81752\",\"ImageName\":\"images\\/Product\\/1616656297KILIM81752WAN5370_HiRes.jpg\"},{\"DesignID\":\"81753\",\"Description\":\"LR81753\",\"ImageName\":\"images\\/Product\\/1616656345KILIM81753AWH3050_HiRes.jpg\"},{\"DesignID\":\"81754\",\"Description\":\"LR81754\",\"ImageName\":\"images\\/Product\\/1616656410KILIM81754WAN5370_HiRes.jpg\"},{\"DesignID\":\"81755\",\"Description\":\"LR81755\",\"ImageName\":\"images\\/Product\\/1616656446KILIM81755AWH3050_HiRes.jpg\"},{\"DesignID\":\"81756\",\"Description\":\"LR81756\",\"ImageName\":\"images\\/Product\\/1616656496KILIM81756WAN3050_HiRes.jpg\"},{\"DesignID\":\"81757\",\"Description\":\"LR81757\",\"ImageName\":\"images\\/Product\\/1616656550KILIM81757AWH3050_HiRes.jpg\"},{\"DesignID\":\"81758\",\"Description\":\"LR81758\",\"ImageName\":\"images\\/Product\\/1616656578KILIM81758AWH3050_HiRes.jpg\"},{\"DesignID\":\"81759\",\"Description\":\"LR81759\",\"ImageName\":\"images\\/Product\\/1616656641KILIM81759WAN3050_HiRes.jpg\"},{\"DesignID\":\"81760\",\"Description\":\"LR81760\",\"ImageName\":\"images\\/Product\\/1616656693KILIM81760WAN3050_HiRes.jpg\"}]},\"description\":\"The Kilimanjaro rug collection transcends traditional geometric motifs of the past and establishes new summits of cutting-edge elegance within indoor and outdoor spaces. This neutral addition features a minimal Greek key bordering to frame your room and bring a sophisticated flair to your atmosphere. This rug features a balanced blend of modern monochromatic shades. From afar, this floor covering appears gray and white; however, the closer you look, the more intricate this inviting assortment of anthracite, gray, white, and cream tones becomes.\",\"image\":\"http:\\/\\/lrhome.us\\/images\\/Product\\/1616656693KILIM81760WAN3050_HiRes.jpg\"},\"Natural Fiber\":{\"title\":\"Natural Fiber\",\"raw\":{\"CollectionID\":\"Natural Fiber\",\"Description\":\"Natural Fiber\",\"ImageName\":\"images\\/Product\\/1619080153NATUR03391SMN5079_HiRes.jpg\",\"NewArrivalExpiry\":\"True\",\"Clearence\":\"\",\"TopSeller\":\"False\",\"SpecialBuy\":\"\",\"DesignsList\":[{\"DesignID\":\"03385\",\"Description\":\"LR03385\",\"ImageName\":\"images\\/Product\\/1595014944NATUR03385NAT90C0_HiRes.jpg\"},{\"DesignID\":\"03386\",\"Description\":\"LR03386\",\"ImageName\":\"images\\/Product\\/1595014961NATUR03386NAT90C0_HiRes.jpg\"},{\"DesignID\":\"03387\",\"Description\":\"LR03387\",\"ImageName\":\"images\\/Product\\/16040478661603093705NATUR03387MCH_HiRes.jpg\"},{\"DesignID\":\"03388\",\"Description\":\"LR03388\",\"ImageName\":\"images\\/Product\\/1604047612NATUR03388ENS_HiRes.jpg\"},{\"DesignID\":\"03389\",\"Description\":\"LR03389\",\"ImageName\":\"images\\/Product\\/1607494090NATUR03389NAT7999_1000.jpg\"},{\"DesignID\":\"03390\",\"Description\":\"LR03390\",\"ImageName\":\"images\\/Product\\/1607326311NATUR03390BHI7999_1000.jpg\"},{\"DesignID\":\"03391\",\"Description\":\"LR03391\",\"ImageName\":\"images\\/Product\\/1619080153NATUR03391SMN5079_HiRes.jpg\"}]},\"description\":\"Jute is the perfect addition for today\'s contemporary home. This collection truly highlights a lovely, natural feel in the home and merges with a variety of different decor and styles. Handwoven in India, the Natural Fiber collection has been handcrafted for your greatest satisfaction.\",\"image\":\"http:\\/\\/lrhome.us\\/images\\/Product\\/1619080153NATUR03391SMN5079_HiRes.jpg\"},\"Antiquity\":{\"title\":\"Antiquity\",\"raw\":{\"CollectionID\":\"Antiquity\",\"Description\":\"Antiquity\",\"ImageName\":\"images\\/Product\\/1627377941ANTIQ81459BLY537A_Web_1.jpg\",\"NewArrivalExpiry\":\"True\",\"Clearence\":\"\",\"TopSeller\":\"False\",\"SpecialBuy\":\"\",\"DesignsList\":[{\"DesignID\":\"81459\",\"Description\":\"LR81459\",\"ImageName\":\"images\\/Product\\/1627377941ANTIQ81459BLY537A_Web_1.jpg\"},{\"DesignID\":\"81460\",\"Description\":\"LR81460\",\"ImageName\":\"images\\/Product\\/1616846495ANTIQ81460BLY537A_Web.jpg\"},{\"DesignID\":\"81461\",\"Description\":\"LR81461\",\"ImageName\":\"images\\/Product\\/1616846567ANTIQ81461BLY537A_Web.jpg\"},{\"DesignID\":\"81462\",\"Description\":\"LR81462\",\"ImageName\":\"images\\/Product\\/1616846616ANTIQ81462BWE537A_Web.jpg\"},{\"DesignID\":\"81463\",\"Description\":\"LR81463\",\"ImageName\":\"images\\/Product\\/1616846675ANTIQ81463BWE537A_Web.jpg\"},{\"DesignID\":\"81464\",\"Description\":\"LR81464\",\"ImageName\":\"images\\/Product\\/1616846820ANTIQ81464BET537A_Web.jpg\"},{\"DesignID\":\"81474\",\"Description\":\"LR81474\",\"ImageName\":\"images\\/Product\\/1616846874ANTIQ81474CRN537A_Web.jpg\"},{\"DesignID\":\"81475\",\"Description\":\"LR81475\",\"ImageName\":\"images\\/Product\\/1616846940ANTIQ81475CAB537A_Web.jpg\"}]},\"description\":\"Intricate and eye-catching, our Antiquity collection aims to add a contemporary twist to the traditional Turkish design. Perfect for an indoor or outdoor space looking to complement a variety of d\\u00e9cor and colors. With a low pile height, this collection is ideal for homes with lots of traction.\",\"image\":\"http:\\/\\/lrhome.us\\/images\\/Product\\/1627377941ANTIQ81459BLY537A_Web_1.jpg\"},\"Vintage\":{\"title\":\"Vintage\",\"raw\":{\"CollectionID\":\"Vintage\",\"Description\":\"Vintage\",\"ImageName\":\"images\\/Product\\/1605162987VINTA81925SLV2030_HiRes.jpg\",\"NewArrivalExpiry\":\"True\",\"Clearence\":\"\",\"TopSeller\":\"False\",\"SpecialBuy\":\"\",\"DesignsList\":[{\"DesignID\":\"81921\",\"Description\":\"LR81921\",\"ImageName\":\"images\\/Product\\/1605162567VINTA81921IVO2030_HiRes.jpg\"},{\"DesignID\":\"81922\",\"Description\":\"LR81922\",\"ImageName\":\"images\\/Product\\/1605162666VINTA81922SLU2030_HiRes.jpg\"},{\"DesignID\":\"81923\",\"Description\":\"LR81923\",\"ImageName\":\"images\\/Product\\/1605162780VINTA81923SAG2030_HiRes.jpg\"},{\"DesignID\":\"81924\",\"Description\":\"LR81924\",\"ImageName\":\"images\\/Product\\/1605162876VINTA81924IVU2030_HiRes.jpg\"},{\"DesignID\":\"81925\",\"Description\":\"LR81925\",\"ImageName\":\"images\\/Product\\/1605162987VINTA81925SLV2030_HiRes.jpg\"}]},\"description\":\"A modest color palette and elements of garden motifs meld together to create this timeless vintage classic. Equally fitting in casual and formal spaces, this traditional-style area rug provides modest enrichments to your environment. Hand-tufted by skilled craftsmen in India, this piece is constructed using quality wool and detailed precision to satisfy your home for many years to come. Lay down a lasting foundation for your space with the Vintage Collection from LR Home.\",\"image\":\"http:\\/\\/lrhome.us\\/images\\/Product\\/1608613337SUNSH81250TLB3050_HiRes.jpg\"},\"Gala\":{\"title\":\"Gala\",\"raw\":{\"CollectionID\":\"Gala\",\"Description\":\"Gala\",\"ImageName\":\"images\\/Product\\/1611229120GALAC81384LWT5076_Web.jpg\",\"NewArrivalExpiry\":\"True\",\"Clearence\":\"\",\"TopSeller\":\"False\",\"SpecialBuy\":\"\",\"DesignsList\":[{\"DesignID\":\"81378\",\"Description\":\"LR81378\",\"ImageName\":\"images\\/Product\\/16067342101604902454GALAC81378RED5076_HiRes.jpg\"},{\"DesignID\":\"81380\",\"Description\":\"LR81380\",\"ImageName\":\"images\\/Product\\/1611228846GALAC81380CPL5076_Web.jpg\"},{\"DesignID\":\"81381\",\"Description\":\"LR81381\",\"ImageName\":\"images\\/Product\\/1611228900GALAC81381CRW5076_Web.jpg\"},{\"DesignID\":\"81382\",\"Description\":\"LR81382\",\"ImageName\":\"images\\/Product\\/1611228963GALAC81382CRW5076_Web.jpg\"},{\"DesignID\":\"81384\",\"Description\":\"LR81384\",\"ImageName\":\"images\\/Product\\/1611229120GALAC81384LWT5076_Web.jpg\"}]},\"description\":\"Spruce up your floors with the intricate Gala collection. Whether you place this in your master bedroom, foyer, or dining area, this piece is sure to bring enjoyment for many years to come. The faded detailing to this piece will allow for long term usage without the appearance of aging. The boarding edge also allows for a great transition from detailed design to hard wood or soft carpet. Bring this masterpiece home today.\",\"image\":\"http:\\/\\/lrhome.us\\/images\\/Product\\/1611229185GALAC81408CRW5076_Web.jpg\"},\"Nimbus\":{\"title\":\"Nimbus\",\"raw\":{\"CollectionID\":\"Nimbus\",\"Description\":\"Nimbus\",\"ImageName\":\"images\\/Product\\/1611228210NIMBS81834GYR5076_HiRes.jpg\",\"NewArrivalExpiry\":\"True\",\"Clearence\":\"\",\"TopSeller\":\"False\",\"SpecialBuy\":\"\",\"DesignsList\":[{\"DesignID\":\"81831\",\"Description\":\"LR81831\",\"ImageName\":\"images\\/Product\\/1611227662NIMBS81831BLM5076_HiRes.jpg\"},{\"DesignID\":\"81832\",\"Description\":\"LR81832\",\"ImageName\":\"images\\/Product\\/1611228063NIMBS81832GBU5076_HiRes.jpg\"},{\"DesignID\":\"81833\",\"Description\":\"LR81833\",\"ImageName\":\"images\\/Product\\/1611228142NIMBS81833GYB5076_HiRes.jpg\"},{\"DesignID\":\"81834\",\"Description\":\"LR81834\",\"ImageName\":\"images\\/Product\\/1611228210NIMBS81834GYR5076_HiRes.jpg\"}]},\"description\":\"Inspired by the natural formations of the Earth from above, the Nimbus Collection brings a tranquil oasis of hues and abstract imagery to your space. Displaying a balanced swirl of clay orange, rust brown, and chalky white, this rug is sure to catch the eye and satisfy your stylish needs. Perfectly fitting in a rustic, industrial, or modern home, this rug embodies versatility and creativity to elevate your living room, dining area, bedroom, or office space. Constructed by power-loom with a polypropylene blend, this area rug features a low pile height to avoid trip hazards and a light-weight framework for easy maintenance.\",\"image\":\"http:\\/\\/lrhome.us\\/images\\/Product\\/1611228210NIMBS81834GYR5076_HiRes.jpg\"},\"Impulse\":{\"title\":\"Impulse\",\"raw\":{\"CollectionID\":\"Impulse\",\"Description\":\"Impulse\",\"ImageName\":\"images\\/Product\\/1611226224IMPLS81854BLE7696_HiRes.jpg\",\"NewArrivalExpiry\":\"True\",\"Clearence\":\"\",\"TopSeller\":\"False\",\"SpecialBuy\":\"\",\"DesignsList\":[{\"DesignID\":\"81851\",\"Description\":\"LR81851\",\"ImageName\":\"images\\/Product\\/1611225958IMPLS81851CMD7696_HiRes.jpg\"},{\"DesignID\":\"81852\",\"Description\":\"LR81852\",\"ImageName\":\"images\\/Product\\/1611226048IMPLS81852BKG7696_HiRes.jpg\"},{\"DesignID\":\"81853\",\"Description\":\"LR81853\",\"ImageName\":\"images\\/Product\\/1611226146IMPLS81853PBG7696_HiRes.jpg\"},{\"DesignID\":\"81854\",\"Description\":\"LR81854\",\"ImageName\":\"images\\/Product\\/1611226224IMPLS81854BLE7696_HiRes.jpg\"}]},\"description\":\"Ignite a spark of transitional contemporary flare in your home or office space with our modish Impulse Collection. Inspired by the remnants of electric impulses, this area rug accentuates an exuberant abstract design with well-toned hues of charcoal gray and colorful, eye-catching undertones. Constructed by power-loom with a polypropylene blend, this collection features a low pile height to avoid trip hazards and a light-weight framework for easy maintenance.\",\"image\":\"http:\\/\\/lrhome.us\\/images\\/Product\\/1611233651Imagine-81521Hrm-Harbormis_Top.jpg\"},\"Revolution\":{\"title\":\"Revolution\",\"raw\":{\"CollectionID\":\"Revolution\",\"Description\":\"Revolution\",\"ImageName\":\"images\\/Product\\/1611228696REVOL81806GYB5376_HiRes.jpg\",\"NewArrivalExpiry\":\"True\",\"Clearence\":\"\",\"TopSeller\":\"False\",\"SpecialBuy\":\"\",\"DesignsList\":[{\"DesignID\":\"81801\",\"Description\":\"LR81801\",\"ImageName\":\"images\\/Product\\/1611228350REVOL81801GYR7996_HiRes.jpg\"},{\"DesignID\":\"81802\",\"Description\":\"LR81802\",\"ImageName\":\"images\\/Product\\/1611228423REVOL81802BGR7996_HiRes.jpg\"},{\"DesignID\":\"81803\",\"Description\":\"LR81803\",\"ImageName\":\"images\\/Product\\/1611228498REVOL81803BGR5376_HiRes.jpg\"},{\"DesignID\":\"81804\",\"Description\":\"LR81804\",\"ImageName\":\"images\\/Product\\/1611228564REVOL81804GCM5376_HiRes.jpg\"},{\"DesignID\":\"81805\",\"Description\":\"LR81805\",\"ImageName\":\"images\\/Product\\/1611228632REVOL81805GBU5376_HiRes.jpg\"},{\"DesignID\":\"81806\",\"Description\":\"LR81806\",\"ImageName\":\"images\\/Product\\/1611228696REVOL81806GYB5376_HiRes.jpg\"}]},\"description\":\"Renew your home with our trendsetting Revolution collection, this collection features intricate pops of colors that combine to perfectly create fresh depth and style to any space. This trendy piece features distressed gray and black cheetah print with intricate gold specks, which adds an extra chic accent and flair to a variety of spaces. Perfectly fitting in a contemporary, modern, or whimsical home, this rug embodies versatility and creativity to elevate your living room, kids\\u00e2\\u20ac\\u2122 area, bedroom, or office space. Constructed by power-loom with a polypropylene blend, this area rug features a low pile height to avoid trip hazards and a light-weight framework for easy maintenance.\",\"image\":\"http:\\/\\/lrhome.us\\/images\\/Product\\/1611228696REVOL81806GYB5376_HiRes.jpg\"},\"Calypso\":{\"title\":\"Calypso\",\"raw\":{\"CollectionID\":\"Calypso\",\"Description\":\"Calypso\",\"ImageName\":\"images\\/Product\\/1601568179CALYP81694CST90C0_HiRes.JPG\",\"NewArrivalExpiry\":\"True\",\"Clearence\":\"\",\"TopSeller\":\"False\",\"SpecialBuy\":\"\",\"DesignsList\":[{\"DesignID\":\"81691\",\"Description\":\"LR81691\",\"ImageName\":\"images\\/Product\\/1601567981CALYP81691ROS90C0_HiRes.JPG\"},{\"DesignID\":\"81692\",\"Description\":\"LR81692\",\"ImageName\":\"images\\/Product\\/1601568101CALYP81692GOL90C0_HiRes.JPG\"},{\"DesignID\":\"81693\",\"Description\":\"LR81693\",\"ImageName\":\"images\\/Product\\/1601568129CALYP81693BPK90C0_HiRes.JPG\"},{\"DesignID\":\"81694\",\"Description\":\"LR81694\",\"ImageName\":\"images\\/Product\\/1601568179CALYP81694CST90C0_HiRes.JPG\"},{\"DesignID\":\"81695\",\"Description\":\"LR81695\",\"ImageName\":\"images\\/Product\\/1601568152CALYP81695WBU90C0_HiRes.jpg\"}]},\"description\":\"Be transported to a tranquil oasis with the unique features of the Calypso Collection. Inspired by the mythical being of legend\'s past, this particular addition features delicate shades of blushing pink, taupe brown, and slate gray to accentuate the natural tones of fabled fantasy. Hand loomed in India, this abstract masterpiece will satisfy your style needs for many years to come. Easily placed in your home or office space, this rug is a must have for the modern and contemporary home.\",\"image\":\"http:\\/\\/lrhome.us\\/images\\/Product\\/1601568179CALYP81694CST90C0_HiRes.JPG\"},\"Sinuous\":{\"title\":\"Sinuous\",\"raw\":{\"CollectionID\":\"Sinuous\",\"Description\":\"Sinuous\",\"ImageName\":\"images\\/Product\\/1605161365SINUO54154IVD40RD_HiRes.jpg\",\"NewArrivalExpiry\":\"True\",\"Clearence\":\"\",\"TopSeller\":\"False\",\"SpecialBuy\":\"\",\"DesignsList\":[{\"DesignID\":\"54111\",\"Description\":\"LR54111\",\"ImageName\":\"images\\/Product\\/1598980729SINUO54111BLU40RD_HiRes.jpg\"},{\"DesignID\":\"54119\",\"Description\":\"LR54119\",\"ImageName\":\"images\\/Product\\/1603362255SINUO54119GYR40RD_HiRes.jpg\"},{\"DesignID\":\"54120\",\"Description\":\"LR54120\",\"ImageName\":\"images\\/Product\\/1598980965SINUO54120BEI60RD_HiRes.jpg\"},{\"DesignID\":\"54112\",\"Description\":\"LR54112\",\"ImageName\":\"images\\/Product\\/1598980760SINUO54112IVO40RD_HiRes.jpg\"},{\"DesignID\":\"54113\",\"Description\":\"LR54113\",\"ImageName\":\"images\\/Product\\/1598980797SINUO54113GRY40RD_HiRes.jpg\"},{\"DesignID\":\"54114\",\"Description\":\"LR54114\",\"ImageName\":\"images\\/Product\\/1598980834SINUO54114BLU40RD_HiRes.jpg\"},{\"DesignID\":\"54115\",\"Description\":\"LR54115\",\"ImageName\":\"images\\/Product\\/1598980877SINUO54115IVO40RD_HiRes.jpg\"},{\"DesignID\":\"54116\",\"Description\":\"LR54116\",\"ImageName\":\"images\\/Product\\/1598980919SINUO54116LTG40RD_HiRes.jpg\"},{\"DesignID\":\"54117\",\"Description\":\"LR54117\",\"ImageName\":\"images\\/Product\\/1603361614SINUO54117NTV40RD_HiRes.jpg\"},{\"DesignID\":\"54118\",\"Description\":\"LR54118\",\"ImageName\":\"images\\/Product\\/1603361762SINUO54118IVN40RD_HiRes.jpg\"},{\"DesignID\":\"54121\",\"Description\":\"LR54121\",\"ImageName\":\"images\\/Product\\/1603362354SINUO54121NMT40RD_HiRes.jpg\"},{\"DesignID\":\"54122\",\"Description\":\"LR54122\",\"ImageName\":\"images\\/Product\\/1603097383SINUO54122GML40RD_HiRes.jpg\"},{\"DesignID\":\"54161\",\"Description\":\"LR54161\",\"ImageName\":\"images\\/Product\\/1605160975SINUO54161IVO40RD_HiRes.jpg\"},{\"DesignID\":\"54162\",\"Description\":\"LR54162\",\"ImageName\":\"images\\/Product\\/1605160901SINUO54162GMI40RD_HiRes.jpg\"},{\"DesignID\":\"54151\",\"Description\":\"LR54151\",\"ImageName\":\"images\\/Product\\/1605161083SINUO54151TBU40RD_HiRes.jpg\"},{\"DesignID\":\"54152\",\"Description\":\"LR54152\",\"ImageName\":\"images\\/Product\\/1605161164SINUO54152TAU40RD_HiRes.jpg\"},{\"DesignID\":\"54153\",\"Description\":\"LR54153\",\"ImageName\":\"images\\/Product\\/1605161293SINUO54153RUI40RD_HiRes.jpg\"},{\"DesignID\":\"54154\",\"Description\":\"LR54154\",\"ImageName\":\"images\\/Product\\/1605161365SINUO54154IVD40RD_HiRes.jpg\"},{\"DesignID\":\"54155\",\"Description\":\"LR54155\",\"ImageName\":\"images\\/Product\\/1605161224SINUO54155BLO40RD_HiRes.jpg\"}]},\"description\":\"Handmade in India, our Sinuous Collection has undergone delicate craftsmanship to bring a high-quality piece into your home. Featuring multiple colorful designs and shapes, \\u00a0the artistic style of this collection is a wonderful addition to a variety of different home or office spaces. No matter where you decide to place a piece, it is sure to bring great style and happiness for many years to come.\",\"image\":\"http:\\/\\/lrhome.us\\/images\\/Product\\/1605161365SINUO54154IVD40RD_HiRes.jpg\"},\"Sunshower\":{\"title\":\"Sunshower\",\"raw\":{\"CollectionID\":\"Sunshower\",\"Description\":\"Sunshower\",\"ImageName\":\"images\\/Product\\/1608613337SUNSH81250TLB3050_HiRes.jpg\",\"NewArrivalExpiry\":\"True\",\"Clearence\":\"\",\"TopSeller\":\"False\",\"SpecialBuy\":\"\",\"DesignsList\":[{\"DesignID\":\"81250\",\"Description\":\"LR81250\",\"ImageName\":\"images\\/Product\\/1608613337SUNSH81250TLB3050_HiRes.jpg\"}]},\"description\":\"Our Sun Shower Collection is full of ornate and tasteful geometric designs. Adding one of these rugs to your indoor or outdoor space is sure to thrill you and your guests. The flat weave design makes this rug perfect for high traffic areas or even some sandy patios, as this piece is easily shaken out. Don\'t overlook the endless opportunities this indoor\\/outdoor collection has to offer for a variety of different spaces in your home.\",\"image\":\"http:\\/\\/lrhome.us\\/images\\/Product\\/1608613337SUNSH81250TLB3050_HiRes.jpg\"},\"Earth\":{\"title\":\"Earth\",\"raw\":{\"CollectionID\":\"Earth\",\"Description\":\"Earth\",\"ImageName\":\"images\\/Product\\/1603714038EARTH81892MCL5079_HiRes.jpg\",\"NewArrivalExpiry\":\"True\",\"Clearence\":\"\",\"TopSeller\":\"False\",\"SpecialBuy\":\"\",\"DesignsList\":[{\"DesignID\":\"81892\",\"Description\":\"LR81892\",\"ImageName\":\"images\\/Product\\/1603714038EARTH81892MCL5079_HiRes.jpg\"},{\"DesignID\":\"81893\",\"Description\":\"LR81893\",\"ImageName\":\"images\\/Product\\/1602648951EARTH81893IRG7999_HiRes.jpg\"},{\"DesignID\":\"81894\",\"Description\":\"LR81894\",\"ImageName\":\"images\\/Product\\/1602649000EARTH81894EGB7999_HiRes.jpg\"},{\"DesignID\":\"81895\",\"Description\":\"LR81895\",\"ImageName\":\"images\\/Product\\/1603705521EARTH81895BEU7999_HiRes.jpg\"},{\"DesignID\":\"81896\",\"Description\":\"LR81896\",\"ImageName\":\"images\\/Product\\/1603705860EARTH81896BKN5079_HiRes.jpg\"}]},\"description\":\"There is no need to sacrifice stylish design for sustainable materials with our natural fiber Earth Collection. Handwoven in India, this collection showcases detailed craftsmanship with organic materials to satisfy your flooring needs for many years to come. This particular collection features dyed fibers in an eye-catching geometric design against a woven jute backdrop. Easily placed in your home or office, this collection is a must have for your polished practical space.\",\"image\":\"http:\\/\\/lrhome.us\\/images\\/Product\\/1603714038EARTH81892MCL5079_HiRes.jpg\"},\"Bella Rose\":{\"title\":\"Bella Rose\",\"raw\":{\"CollectionID\":\"Bella Rose\",\"Description\":\"Bella Rose\",\"ImageName\":\"images\\/Product\\/1604045275BROSE21710GRY233A_HiRes.jpg\",\"NewArrivalExpiry\":\"True\",\"Clearence\":\"\",\"TopSeller\":\"False\",\"SpecialBuy\":\"\",\"DesignsList\":[{\"DesignID\":\"21706\",\"Description\":\"LR21706\",\"ImageName\":\"images\\/Product\\/1603100765BROSE21706BEI30RD_HiRes.jpg\"},{\"DesignID\":\"21708\",\"Description\":\"LR21708\",\"ImageName\":\"images\\/Product\\/1603100289BROSE21708MLT30RD_HiRes.jpg\"},{\"DesignID\":\"21709\",\"Description\":\"LR21709\",\"ImageName\":\"images\\/Product\\/1603100161BROSE21709BEI30RD_HiRes.jpg\"},{\"DesignID\":\"21710\",\"Description\":\"LR21710\",\"ImageName\":\"images\\/Product\\/1604045275BROSE21710GRY233A_HiRes.jpg\"}]},\"description\":\"With an eye-catching suzani design, this collection is perfect for the modern home looking to add some intricate designs without overwhelming a small space. The color combination on this collection is easy to combine with a variety of different palettes. There are endless possibilities of where this collection can be placed in your home or even in an office. Handmade in India, this collection has been made with intricate craftsmanship from hardworking hands to your home.\",\"image\":\"http:\\/\\/lrhome.us\\/images\\/Product\\/1604045275BROSE21710GRY233A_HiRes.jpg\"},\"Seaside\":{\"title\":\"Seaside\",\"raw\":{\"CollectionID\":\"Seaside\",\"Description\":\"Seaside\",\"ImageName\":\"images\\/Product\\/1601565886SEADE81879AQT5370_HiRes.jpg\",\"NewArrivalExpiry\":\"True\",\"Clearence\":\"\",\"TopSeller\":\"False\",\"SpecialBuy\":\"\",\"DesignsList\":[{\"DesignID\":\"81871\",\"Description\":\"LR81871\",\"ImageName\":\"images\\/Product\\/1601506508SEADE81871AWT5370_HiRes.jpg\"},{\"DesignID\":\"81872\",\"Description\":\"LR81872\",\"ImageName\":\"images\\/Product\\/1601506852SEADE81872AWT5370_HiRes.jpg\"},{\"DesignID\":\"81873\",\"Description\":\"LR81873\",\"ImageName\":\"images\\/Product\\/1601506883SEADE81873WAZ5370_HiRes.jpg\"},{\"DesignID\":\"81874\",\"Description\":\"LR81874\",\"ImageName\":\"images\\/Product\\/1601506942SEADE81874WAZ5370_HiRes.jpg\"},{\"DesignID\":\"81875\",\"Description\":\"LR81875\",\"ImageName\":\"images\\/Product\\/1601507018SEADE81875AWT5370_HiRes.jpg\"},{\"DesignID\":\"81876\",\"Description\":\"LR81876\",\"ImageName\":\"images\\/Product\\/1601565828SEADE81876AQT5370_HiRes.jpg\"},{\"DesignID\":\"81877\",\"Description\":\"LR81877\",\"ImageName\":\"images\\/Product\\/1601507169SEADE81877AQT5370_HiRes.jpg\"},{\"DesignID\":\"81878\",\"Description\":\"LR81878\",\"ImageName\":\"images\\/Product\\/1601507134SEADE81878WAQ5370_HiRes.jpg\"},{\"DesignID\":\"81879\",\"Description\":\"LR81879\",\"ImageName\":\"images\\/Product\\/1601565886SEADE81879AQT5370_HiRes.jpg\"}]},\"description\":\"This eye-catching nautical themed rug collection is a must have for your stylish and functional indoor outdoor space. This collection is an easy addition to a sun room, patio space, or dining area. The machine made construction allows this collection to be the perfect fit for high traffic area and sandy patio. This collection can be easily shaken out and cleaned. Don\'t overlook the endless opportunities this indoor outdoor collection has to offer for a variety of different spaces in your home.\",\"image\":\"http:\\/\\/lrhome.us\\/images\\/Product\\/16067343011604987948GALAC81379NCM5076_HiRes.jpg\"},\"Shapes\":{\"title\":\"Shapes\",\"raw\":{\"CollectionID\":\"Shapes\",\"Description\":\"Shapes\",\"ImageName\":\"images\\/Product\\/1598980010SHAPE50924RUN50RD_1000.jpg\",\"NewArrivalExpiry\":\"True\",\"Clearence\":\"\",\"TopSeller\":\"False\",\"SpecialBuy\":\"\",\"DesignsList\":[{\"DesignID\":\"50922\",\"Description\":\"LR50922\",\"ImageName\":\"images\\/Product\\/1598979956SHAPE50922BAM50RD_1000.jpg\"},{\"DesignID\":\"50923\",\"Description\":\"LR50923\",\"ImageName\":\"images\\/Product\\/1598979983SHAPE50923GDB50RD_1000.jpg\"},{\"DesignID\":\"50924\",\"Description\":\"LR50924\",\"ImageName\":\"images\\/Product\\/1598980010SHAPE50924RUN50RD_1000.jpg\"}]},\"description\":\"Handmade in India, this collection has undergone delicate craftsmanship to bring a high-quality piece into your home. The well-toned coloring will compliment a wide range of styles. No matter where you decide to place this piece it is sure to bring great style and happiness for many years to come.\",\"image\":\"http:\\/\\/lrhome.us\\/images\\/Product\\/1598980010SHAPE50924RUN50RD_1000.jpg\"},\"Michelle\":{\"title\":\"Michelle\",\"raw\":{\"CollectionID\":\"Michelle\",\"Description\":\"Michelle\",\"ImageName\":\"images\\/Product\\/1597329626IMAGI81519CMK_HiRes.jpg\",\"NewArrivalExpiry\":\"True\",\"Clearence\":\"\",\"TopSeller\":\"False\",\"SpecialBuy\":\"\",\"DesignsList\":[{\"DesignID\":\"81635\",\"Description\":\"LR81635\",\"ImageName\":\"images\\/Product\\/1597329626IMAGI81519CMK_HiRes.jpg\"},{\"DesignID\":\"81636\",\"Description\":\"LR81636\",\"ImageName\":\"images\\/Product\\/1597329626IMAGI81519CMK_HiRes.jpg\"},{\"DesignID\":\"81637\",\"Description\":\"LR81637\",\"ImageName\":\"images\\/Product\\/1597327356MICHELLE-81637CMK-COCONTMLK-SHARK.jpg\"},{\"DesignID\":\"81638\",\"Description\":\"LR81638\",\"ImageName\":\"images\\/Product\\/1597327441MICHELLE-81638CCO-CREAM-COCONUT.jpg\"},{\"DesignID\":\"81639\",\"Description\":\"LR81639\",\"ImageName\":\"images\\/Product\\/1597327534MICHELLE-81639CMK-COCONTMLK-SHARK.jpg\"},{\"DesignID\":\"81640\",\"Description\":\"LR81640\",\"ImageName\":\"images\\/Product\\/1597329626IMAGI81519CMK_HiRes.jpg\"}]},\"description\":\"Each rug in this collection is intricately \\u00a0designed with neutral colors and artful geometric shapes that make this collection the perfect finishing touch to your home or office.\",\"image\":\"http:\\/\\/lrhome.us\\/images\\/Product\\/1597329626IMAGI81519CMK_HiRes.jpg\"},\"Oceania\":{\"title\":\"Oceania\",\"raw\":{\"CollectionID\":\"Oceania\",\"Description\":\"Oceania\",\"ImageName\":\"images\\/Product\\/1595001664OCEAN81675BUC5376_HiRes.jpg\",\"NewArrivalExpiry\":\"True\",\"Clearence\":\"\",\"TopSeller\":\"False\",\"SpecialBuy\":\"\",\"DesignsList\":[{\"DesignID\":\"81671\",\"Description\":\"LR81671\",\"ImageName\":\"images\\/Product\\/1595001605OCEAN81671CRU5376_HiRes.jpg\"},{\"DesignID\":\"81672\",\"Description\":\"LR81672\",\"ImageName\":\"images\\/Product\\/1595001617OCEAN81672BUC5376_HiRes.jpg\"},{\"DesignID\":\"81673\",\"Description\":\"LR81673\",\"ImageName\":\"images\\/Product\\/1595001631OCEAN81673BUC5376_HiRes.jpg\"},{\"DesignID\":\"81674\",\"Description\":\"LR81674\",\"ImageName\":\"images\\/Product\\/1595001648OCEAN81674CRU5376_HiRes.jpg\"},{\"DesignID\":\"81675\",\"Description\":\"LR81675\",\"ImageName\":\"images\\/Product\\/1595001664OCEAN81675BUC5376_HiRes.jpg\"}]},\"description\":\"Our Oceania Collection is made to add a splash off the reef to any indoor or outdoor space. Tranquil blues and whimsical sea animals are sure to thrill you and your guests, its quirky charm is a standout alone. The flat weave design makes this rug perfect for high traffic areas or even some sandy patios, as this piece is easily shaken out. Don\'t overlook the endless opportunities this indoor\\/outdoor collection has to offer for a variety of different spaces in your home.\",\"image\":\"http:\\/\\/lrhome.us\\/images\\/Product\\/1595001664OCEAN81675BUC5376_HiRes.jpg\"},\"Vibrance\":{\"title\":\"Vibrance\",\"raw\":{\"CollectionID\":\"Vibrance\",\"Description\":\"Vibrance\",\"ImageName\":\"images\\/Product\\/1598979384VIBRA03570TAU50RD_HiRes.jpg\",\"NewArrivalExpiry\":\"True\",\"Clearence\":\"\",\"TopSeller\":\"False\",\"SpecialBuy\":\"\",\"DesignsList\":[{\"DesignID\":\"03562\",\"Description\":\"LR03562\",\"ImageName\":\"images\\/Product\\/1598978624VIBRA03562BLU50RD_HiRes.jpg\"},{\"DesignID\":\"03563\",\"Description\":\"LR03563\",\"ImageName\":\"images\\/Product\\/1598978677VIBRA03563CHA50RD_HiRes.jpg\"},{\"DesignID\":\"03564\",\"Description\":\"LR03564\",\"ImageName\":\"images\\/Product\\/1598978756VIBRA03564GRY50RD_HiRes.jpg\"},{\"DesignID\":\"03565\",\"Description\":\"LR03565\",\"ImageName\":\"images\\/Product\\/1598978907VIBRA03565IML50RD_HiRes.jpg\"},{\"DesignID\":\"03567\",\"Description\":\"LR03567\",\"ImageName\":\"images\\/Product\\/1598979114VIBRA03567IVU50RD_HiRes.jpg\"},{\"DesignID\":\"03566\",\"Description\":\"LR03566\",\"ImageName\":\"images\\/Product\\/1598978946VIBRA03566BEI50RD_HiRes.jpg\"},{\"DesignID\":\"03568\",\"Description\":\"LR03568\",\"ImageName\":\"images\\/Product\\/1598979199VIBRA03568IVD50RD_HiRes.jpg\"},{\"DesignID\":\"03569\",\"Description\":\"LR03569\",\"ImageName\":\"images\\/Product\\/1598979341VIBRA03569BLU50RD_HiRes.jpg\"},{\"DesignID\":\"03570\",\"Description\":\"LR03570\",\"ImageName\":\"images\\/Product\\/1598979384VIBRA03570TAU50RD_HiRes.jpg\"}]},\"description\":\"Featuring intricate bordering, this rug collection is the perfect centerpiece to your living room, bedroom, or office space. Hand-hooked in India, this collection is handmade with beautiful detailing for your home. This collection features many unique details such as a high-low pattern, rich colors and ornate geometric designs. The variety of colors and designs catch the eye and bring attention to this masterpiece\'s detailing.\",\"image\":\"http:\\/\\/lrhome.us\\/images\\/Product\\/1598979407VIBRA03571LBL50RD_HiRes.jpg\"},\"Boutique Jute\":{\"title\":\"Boutique Jute\",\"raw\":{\"CollectionID\":\"Boutique Jute\",\"Description\":\"Boutique Jute\",\"ImageName\":\"images\\/Product\\/1595009669NATUR12046NAT60RD_HiRes.jpg\",\"NewArrivalExpiry\":\"True\",\"Clearence\":\"\",\"TopSeller\":\"False\",\"SpecialBuy\":\"\",\"DesignsList\":[{\"DesignID\":\"12040\",\"Description\":\"LR12040\",\"ImageName\":\"images\\/Product\\/1595009427NATUR12040NAT76RD_HiRes.jpg\"},{\"DesignID\":\"12042\",\"Description\":\"LR12042\",\"ImageName\":\"images\\/Product\\/1595009492NATUR12042BHG60RD_HiRes.jpg\"},{\"DesignID\":\"12043\",\"Description\":\"LR12043\",\"ImageName\":\"images\\/Product\\/1595009586NATUR12043NAT60RD_HiRes.jpg\"},{\"DesignID\":\"12045\",\"Description\":\"LR12045\",\"ImageName\":\"images\\/Product\\/1595009619NATUR12045NAT76RD_HiRes.jpg\"},{\"DesignID\":\"12046\",\"Description\":\"LR12046\",\"ImageName\":\"images\\/Product\\/1595009669NATUR12046NAT60RD_HiRes.jpg\"},{\"DesignID\":\"12041\",\"Description\":\"LR12041\",\"ImageName\":\"images\\/Product\\/1595009462NATUR12041BHG40RD_HiRes.jpg\"},{\"DesignID\":\"03380\",\"Description\":\"LR03380\",\"ImageName\":\"images\\/Product\\/1595008352NATUR03380DEB36RD_HiRes.jpg\"},{\"DesignID\":\"03382\",\"Description\":\"LR03382\",\"ImageName\":\"images\\/Product\\/1595008570NATUR03382MLT36RD_HiRes.jpg\"},{\"DesignID\":\"03383\",\"Description\":\"LR03383\",\"ImageName\":\"images\\/Product\\/1595008614NATUR03383PES36RD_HiRes.jpg\"},{\"DesignID\":\"03384\",\"Description\":\"LR03384\",\"ImageName\":\"images\\/Product\\/1595008732NATUR03384DEB36RD_HiRes.jpg\"}]},\"description\":null,\"image\":\"http:\\/\\/lrhome.us\\/images\\/Product\\/1595009669NATUR12046NAT60RD_HiRes.jpg\"},\"Dune\":{\"title\":\"Dune\",\"raw\":{\"CollectionID\":\"Dune\",\"Description\":\"Dune\",\"ImageName\":\"images\\/Product\\/1595009959DUNEC81668SWH7995_HiRes.jpg\",\"NewArrivalExpiry\":\"True\",\"Clearence\":\"\",\"TopSeller\":\"False\",\"SpecialBuy\":\"\",\"DesignsList\":[{\"DesignID\":\"81661\",\"Description\":\"LR81661\",\"ImageName\":\"images\\/Product\\/1595009610DUNEC81661WLB7995_HiRes.jpg\"},{\"DesignID\":\"81663\",\"Description\":\"LR81663\",\"ImageName\":\"images\\/Product\\/1595009709DUNEC81663IVU5272_HiRes.jpg\"},{\"DesignID\":\"81667\",\"Description\":\"LR81667\",\"ImageName\":\"images\\/Product\\/1595009919DUNEC81667WSA7995_HiRes.jpg\"},{\"DesignID\":\"81668\",\"Description\":\"LR81668\",\"ImageName\":\"images\\/Product\\/1595009959DUNEC81668SWH7995_HiRes.jpg\"}]},\"description\":\"Our Dune collection incorporates hints of color and delightful designs without overwhelming your space. This Turkish masterpiece is the perfect addition to a variety of spaces. With a low pile height, this piece is ideal for customers who are afraid of a trip hazard. Bring this functional piece home today for your dining area, entryway, bedroom, or office space!\",\"image\":\"http:\\/\\/lrhome.us\\/images\\/Product\\/1595009959DUNEC81668SWH7995_HiRes.jpg\"},\"Sanibel\":{\"title\":\"Sanibel\",\"raw\":{\"CollectionID\":\"Sanibel\",\"Description\":\"Sanibel\",\"ImageName\":\"images\\/Product\\/1594997631SANIB81655OAS5070_HiRes.jpg\",\"NewArrivalExpiry\":\"True\",\"Clearence\":\"\",\"TopSeller\":\"False\",\"SpecialBuy\":\"\",\"DesignsList\":[{\"DesignID\":\"81646\",\"Description\":\"LR81646\",\"ImageName\":\"images\\/Product\\/1594997551SANIB81646NVG5070_HiRes.jpg\"},{\"DesignID\":\"81647\",\"Description\":\"LR81647\",\"ImageName\":\"images\\/Product\\/1594997565SANIB81647OAS5070_HiRes.jpg\"},{\"DesignID\":\"81648\",\"Description\":\"LR81648\",\"ImageName\":\"images\\/Product\\/1594997578SANIB81648NVG5070_HiRes.jpg\"},{\"DesignID\":\"81649\",\"Description\":\"LR81649\",\"ImageName\":\"images\\/Product\\/1594997596SANIB81649SPA5070_HiRes.jpg\"},{\"DesignID\":\"81650\",\"Description\":\"LR81650\",\"ImageName\":\"images\\/Product\\/1594997609SANIB81650OAS5070_HiRes.jpg\"},{\"DesignID\":\"81654\",\"Description\":\"LR81654\",\"ImageName\":\"images\\/Product\\/1594997619SANIB81654NVG5070_HiRes.jpg\"},{\"DesignID\":\"81655\",\"Description\":\"LR81655\",\"ImageName\":\"images\\/Product\\/1594997631SANIB81655OAS5070_HiRes.jpg\"}]},\"description\":\"The Sanibel Collection is a versatile coastal line that is made to bring our customers an ideal rug for their indoor or outdoor space. Beautiful blue, teal, and beige tones create a tranquil and soothing ambiance, that mixes well with many different styles! Bring this adaptable piece home today for your dining area, entryway, patio, or even sunroom!\",\"image\":\"http:\\/\\/lrhome.us\\/images\\/Product\\/1594997631SANIB81655OAS5070_HiRes.jpg\"},\"Modern Traditions\":{\"title\":\"Modern Traditions\",\"raw\":{\"CollectionID\":\"Modern Traditions\",\"Description\":\"Modern Traditions\",\"ImageName\":\"images\\/Product\\/1594930101MODTR81292IVO5079_HiRes.jpg\",\"NewArrivalExpiry\":\"True\",\"Clearence\":\"\",\"TopSeller\":\"False\",\"SpecialBuy\":\"\",\"DesignsList\":[{\"DesignID\":\"81285\",\"Description\":\"LR81285\",\"ImageName\":\"images\\/Product\\/1594928449MODTR81285IBE5079_HiRes.jpg\"},{\"DesignID\":\"81287\",\"Description\":\"LR81287\",\"ImageName\":\"images\\/Product\\/1594929339MODTR81287OGY5079_HiRes.jpg\"},{\"DesignID\":\"81288\",\"Description\":\"LR81288\",\"ImageName\":\"images\\/Product\\/1594929525MODTR81288TUG5079_HiRes.jpg\"},{\"DesignID\":\"81289\",\"Description\":\"LR81289\",\"ImageName\":\"images\\/Product\\/1594929641MODTR81289SGG5079_HiRes.jpg\"},{\"DesignID\":\"81290\",\"Description\":\"LR81290\",\"ImageName\":\"images\\/Product\\/1594929758MODTR81290BEI5079_HiRes.jpg\"},{\"DesignID\":\"81291\",\"Description\":\"LR81291\",\"ImageName\":\"images\\/Product\\/1594929951MODTR81291BEO5079_HiRes.jpg\"},{\"DesignID\":\"81292\",\"Description\":\"LR81292\",\"ImageName\":\"images\\/Product\\/1594930101MODTR81292IVO5079_HiRes.jpg\"}]},\"description\":\"The Modern Traditions collection offers a lovely style no matter what room you place it in. If you\'re searching for a piece that combines traditional style with a well toned palette than look no further! Perfect in the foyer, dining area, or even office space, this intricate piece is ready to thrill you and your guests. The bordered edge also provides a beautiful transition from detailed patterns to carpet or hardwood flooring. Bring a masterpiece home today!\",\"image\":\"http:\\/\\/lrhome.us\\/images\\/Product\\/1594930101MODTR81292IVO5079_HiRes.jpg\"}}\";','2022-06-24 22:53:47','2022-10-07 04:18:40',NULL),(3,1,'00a2c7e380b513959ccf6f23775dd973','Get_Collections','s:134:\"{\"MainCollectionID\":\"Rugs\",\"Filters\":\"eyJGaWx0ZXJzIjogW3siRmlsdGVySUQiOiAiTkFUVVJBTFMiLCJWYWx1ZXMiOiBbIk5BVFVSQUxTIl19XX0=\"}\";','s:4275:\"{\"Collections\":[{\"CollectionID\":\"Accent\",\"Description\":\"Accent\",\"ImageName\":\"images\\/Product\\/1594319441ACCEN70153TNV2639_Web.jpg\",\"NewArrivalExpiry\":\"False\",\"Clearence\":\"False\",\"TopSeller\":\"False\",\"SpecialBuy\":\"False\",\"DesignsList\":[{\"DesignID\":\"70151\",\"Description\":\"LR70151\",\"ImageName\":\"images\\/Product\\/1594319232ACCEN70151ABL2639_Web.jpg\"},{\"DesignID\":\"70152\",\"Description\":\"LR70152\",\"ImageName\":\"images\\/Product\\/1594319394ACCEN70152MNB2639_Web.jpg\"},{\"DesignID\":\"70153\",\"Description\":\"LR70153\",\"ImageName\":\"images\\/Product\\/1594319441ACCEN70153TNV2639_Web.jpg\"}]},{\"CollectionID\":\"Classic Jute\",\"Description\":\"Classic Jute\",\"ImageName\":\"images\\/Product\\/1594327958CLASS81206GYN3656_Web.jpg\",\"NewArrivalExpiry\":\"False\",\"Clearence\":\"False\",\"TopSeller\":\"False\",\"SpecialBuy\":\"False\",\"DesignsList\":[{\"DesignID\":\"81206\",\"Description\":\"LR81206\",\"ImageName\":\"images\\/Product\\/1594327958CLASS81206GYN3656_Web.jpg\"},{\"DesignID\":\"81207\",\"Description\":\"LR81207\",\"ImageName\":\"images\\/Product\\/1594327907CLASS81207GRY3656_Web.jpg\"},{\"DesignID\":\"81208\",\"Description\":\"LR81208\",\"ImageName\":\"images\\/Product\\/1594327926CLASS81208GAB3656_Web.jpg\"},{\"DesignID\":\"81209\",\"Description\":\"LR81209\",\"ImageName\":\"images\\/Product\\/1594327860CLASS81209NAT3656_Web.jpg\"}]},{\"CollectionID\":\"Kilimanjaro\",\"Description\":\"Kilimanjaro\",\"ImageName\":\"images\\/Product\\/1595009057NATUR12032NGY40RD_HiRes.jpg\",\"NewArrivalExpiry\":\"False\",\"Clearence\":\"False\",\"TopSeller\":\"False\",\"SpecialBuy\":\"False\",\"DesignsList\":[{\"DesignID\":\"12032\",\"Description\":\"LR12032\",\"ImageName\":\"images\\/Product\\/1595009057NATUR12032NGY40RD_HiRes.jpg\"}]},{\"CollectionID\":\"Natural Jute\",\"Description\":\"Natural Jute\",\"ImageName\":\"images\\/Product\\/1595014974NATUR50135NAT2030.jpg\",\"NewArrivalExpiry\":\"False\",\"Clearence\":\"False\",\"TopSeller\":\"False\",\"SpecialBuy\":\"False\",\"DesignsList\":[{\"DesignID\":\"50134\",\"Description\":\"LR50134 - JUTE ROUND BRAID\",\"ImageName\":\"images\\/Product\\/1595009709NATUR50134NAT40RD_HiRes.jpg\"},{\"DesignID\":\"50135\",\"Description\":\"LR50135 - JUTE OVAL BRAID\",\"ImageName\":\"images\\/Product\\/1595014974NATUR50135NAT2030.jpg\"},{\"DesignID\":\"50136\",\"Description\":\"LR50136 - JUTE BREADED\",\"ImageName\":\"images\\/Product\\/1595009740NATUR50136NAT40RD_HiRes.jpg\"},{\"DesignID\":\"12029\",\"Description\":\"LR12029\",\"ImageName\":\"images\\/Product\\/1595008831NATUR12029NAT40RD_HiRes.jpg\"},{\"DesignID\":\"12030\",\"Description\":\"LR12030\",\"ImageName\":\"images\\/Product\\/1595008975NATUR12030NAT40RD_HiRes.jpg\"},{\"DesignID\":\"12031\",\"Description\":\"LR12031\",\"ImageName\":\"images\\/Product\\/1595009032NATUR12031NAT40RD_HiRes.jpg\"},{\"DesignID\":\"12032\",\"Description\":\"LR12032\",\"ImageName\":\"images\\/Product\\/1595009057NATUR12032NGY40RD_HiRes.jpg\"},{\"DesignID\":\"12033\",\"Description\":\"LR12033\",\"ImageName\":\"images\\/Product\\/1595009082NATUR12033GRY40RD_HiRes.jpg\"},{\"DesignID\":\"12034\",\"Description\":\"LR12034\",\"ImageName\":\"images\\/Product\\/1595009136NATUR12034GRY40RD_HiRes.jpg\"},{\"DesignID\":\"12035\",\"Description\":\"LR12035\",\"ImageName\":\"images\\/Product\\/1595009169NATUR12035NGY57OV_HiRes.jpg\"},{\"DesignID\":\"12036\",\"Description\":\"LR12036\",\"ImageName\":\"images\\/Product\\/1595009242NATUR12036NGY57OV_HiRes.jpg\"},{\"DesignID\":\"12038\",\"Description\":\"LR12038\",\"ImageName\":\"images\\/Product\\/1595009283NATUR12038BHG57OV_HiRes.jpg\"},{\"DesignID\":\"12039\",\"Description\":\"LR12039\",\"ImageName\":\"images\\/Product\\/1595009393NATUR12039BHG40RD_HiRes.jpg\"}]},{\"CollectionID\":\"Nimroz\",\"Description\":\"Nimroz\",\"ImageName\":\"images\\/Product\\/1642749879NMROZ81983MLT2030_HiRes.jpg\",\"NewArrivalExpiry\":\"True\",\"Clearence\":\"False\",\"TopSeller\":\"False\",\"SpecialBuy\":\"False\",\"DesignsList\":[{\"DesignID\":\"81980\",\"Description\":\"LR81980\",\"ImageName\":\"images\\/Product\\/1628681240NMROZ81980BMU7999_HiRes.jpg\"},{\"DesignID\":\"81981\",\"Description\":\"LR81981\",\"ImageName\":\"images\\/Product\\/1628681465NMROZ81981BMU7999_HiRes.jpg\"},{\"DesignID\":\"81982\",\"Description\":\"LR81982\",\"ImageName\":\"images\\/Product\\/1628681557NMROZ81982BEM7999_HiRes.jpg\"},{\"DesignID\":\"81983\",\"Description\":\"LR81983\",\"ImageName\":\"images\\/Product\\/1642749879NMROZ81983MLT2030_HiRes.jpg\"},{\"DesignID\":\"81984\",\"Description\":\"LR81984\",\"ImageName\":\"images\\/Product\\/1628681748NMROZ81984NML7999_HiRes.jpg\"},{\"DesignID\":\"81985\",\"Description\":\"LR81985\",\"ImageName\":\"images\\/Product\\/1628681820NMROZ81985BMU7999_HiRes.jpg\"}]}],\"Success\":true}\";','s:7246:\"{\"Accent\":{\"title\":\"Accent\",\"raw\":{\"CollectionID\":\"Accent\",\"Description\":\"Accent\",\"ImageName\":\"images\\/Product\\/1594319441ACCEN70153TNV2639_Web.jpg\",\"NewArrivalExpiry\":\"False\",\"Clearence\":\"False\",\"TopSeller\":\"False\",\"SpecialBuy\":\"False\",\"DesignsList\":[{\"DesignID\":\"70151\",\"Description\":\"LR70151\",\"ImageName\":\"images\\/Product\\/1594319232ACCEN70151ABL2639_Web.jpg\"},{\"DesignID\":\"70152\",\"Description\":\"LR70152\",\"ImageName\":\"images\\/Product\\/1594319394ACCEN70152MNB2639_Web.jpg\"},{\"DesignID\":\"70153\",\"Description\":\"LR70153\",\"ImageName\":\"images\\/Product\\/1594319441ACCEN70153TNV2639_Web.jpg\"}]},\"description\":\"Full of lovely tones and designs, our Accent collection is sure to thrill you and your guests. These rugs are perfect for needed pops of color or add textures to a variety of spaces. Easily improve your space today with our accent collection!\",\"image\":\"http:\\/\\/lrhome.us\\/images\\/Product\\/1594319441ACCEN70153TNV2639_Web.jpg\"},\"Classic Jute\":{\"title\":\"Classic Jute\",\"raw\":{\"CollectionID\":\"Classic Jute\",\"Description\":\"Classic Jute\",\"ImageName\":\"images\\/Product\\/1594327958CLASS81206GYN3656_Web.jpg\",\"NewArrivalExpiry\":\"False\",\"Clearence\":\"False\",\"TopSeller\":\"False\",\"SpecialBuy\":\"False\",\"DesignsList\":[{\"DesignID\":\"81206\",\"Description\":\"LR81206\",\"ImageName\":\"images\\/Product\\/1594327958CLASS81206GYN3656_Web.jpg\"},{\"DesignID\":\"81207\",\"Description\":\"LR81207\",\"ImageName\":\"images\\/Product\\/1594327907CLASS81207GRY3656_Web.jpg\"},{\"DesignID\":\"81208\",\"Description\":\"LR81208\",\"ImageName\":\"images\\/Product\\/1594327926CLASS81208GAB3656_Web.jpg\"},{\"DesignID\":\"81209\",\"Description\":\"LR81209\",\"ImageName\":\"images\\/Product\\/1594327860CLASS81209NAT3656_Web.jpg\"}]},\"description\":\"Jute is the perfect addition for today\'s contemporary home. This collection truly highlights a lovely, natural feel in the home and merges with a variety of different decor and styles. Braided jute construction exhibits naturally anti-static, insulating and moisture regulating properties. Whether it is in a living area, entryway, or even dining area, this collection is sure to please you and your guests.\",\"image\":\"http:\\/\\/lrhome.us\\/images\\/Product\\/1594327958CLASS81206GYN3656_Web.jpg\"},\"Kilimanjaro\":{\"title\":\"Kilimanjaro\",\"raw\":{\"CollectionID\":\"Kilimanjaro\",\"Description\":\"Kilimanjaro\",\"ImageName\":\"images\\/Product\\/1595009057NATUR12032NGY40RD_HiRes.jpg\",\"NewArrivalExpiry\":\"False\",\"Clearence\":\"False\",\"TopSeller\":\"False\",\"SpecialBuy\":\"False\",\"DesignsList\":[{\"DesignID\":\"12032\",\"Description\":\"LR12032\",\"ImageName\":\"images\\/Product\\/1595009057NATUR12032NGY40RD_HiRes.jpg\"}]},\"description\":\"The Kilimanjaro rug collection transcends traditional geometric motifs of the past and establishes new summits of cutting-edge elegance within indoor and outdoor spaces. This neutral addition features a minimal Greek key bordering to frame your room and bring a sophisticated flair to your atmosphere. This rug features a balanced blend of modern monochromatic shades. From afar, this floor covering appears gray and white; however, the closer you look, the more intricate this inviting assortment of anthracite, gray, white, and cream tones becomes.\",\"image\":\"http:\\/\\/lrhome.us\\/images\\/Product\\/1595009057NATUR12032NGY40RD_HiRes.jpg\"},\"Natural Jute\":{\"title\":\"Natural Jute\",\"raw\":{\"CollectionID\":\"Natural Jute\",\"Description\":\"Natural Jute\",\"ImageName\":\"images\\/Product\\/1595014974NATUR50135NAT2030.jpg\",\"NewArrivalExpiry\":\"False\",\"Clearence\":\"False\",\"TopSeller\":\"False\",\"SpecialBuy\":\"False\",\"DesignsList\":[{\"DesignID\":\"50134\",\"Description\":\"LR50134 - JUTE ROUND BRAID\",\"ImageName\":\"images\\/Product\\/1595009709NATUR50134NAT40RD_HiRes.jpg\"},{\"DesignID\":\"50135\",\"Description\":\"LR50135 - JUTE OVAL BRAID\",\"ImageName\":\"images\\/Product\\/1595014974NATUR50135NAT2030.jpg\"},{\"DesignID\":\"50136\",\"Description\":\"LR50136 - JUTE BREADED\",\"ImageName\":\"images\\/Product\\/1595009740NATUR50136NAT40RD_HiRes.jpg\"},{\"DesignID\":\"12029\",\"Description\":\"LR12029\",\"ImageName\":\"images\\/Product\\/1595008831NATUR12029NAT40RD_HiRes.jpg\"},{\"DesignID\":\"12030\",\"Description\":\"LR12030\",\"ImageName\":\"images\\/Product\\/1595008975NATUR12030NAT40RD_HiRes.jpg\"},{\"DesignID\":\"12031\",\"Description\":\"LR12031\",\"ImageName\":\"images\\/Product\\/1595009032NATUR12031NAT40RD_HiRes.jpg\"},{\"DesignID\":\"12032\",\"Description\":\"LR12032\",\"ImageName\":\"images\\/Product\\/1595009057NATUR12032NGY40RD_HiRes.jpg\"},{\"DesignID\":\"12033\",\"Description\":\"LR12033\",\"ImageName\":\"images\\/Product\\/1595009082NATUR12033GRY40RD_HiRes.jpg\"},{\"DesignID\":\"12034\",\"Description\":\"LR12034\",\"ImageName\":\"images\\/Product\\/1595009136NATUR12034GRY40RD_HiRes.jpg\"},{\"DesignID\":\"12035\",\"Description\":\"LR12035\",\"ImageName\":\"images\\/Product\\/1595009169NATUR12035NGY57OV_HiRes.jpg\"},{\"DesignID\":\"12036\",\"Description\":\"LR12036\",\"ImageName\":\"images\\/Product\\/1595009242NATUR12036NGY57OV_HiRes.jpg\"},{\"DesignID\":\"12038\",\"Description\":\"LR12038\",\"ImageName\":\"images\\/Product\\/1595009283NATUR12038BHG57OV_HiRes.jpg\"},{\"DesignID\":\"12039\",\"Description\":\"LR12039\",\"ImageName\":\"images\\/Product\\/1595009393NATUR12039BHG40RD_HiRes.jpg\"}]},\"description\":\"Hand braided from the jute of India, the Natural Jute Collection is handcrafted for your home with delicate and unique skill found in every piece. These pieces features a boutique style with a floral flare design, created by intricate braiding and weaving throughout every piece. The natural tone to the jute makes this piece an easy addition to a variety of spaces. Bring it home today for a spectacular new addition to your home!\",\"image\":\"http:\\/\\/lrhome.us\\/images\\/Product\\/1595014974NATUR50135NAT2030.jpg\"},\"Nimroz\":{\"title\":\"Nimroz\",\"raw\":{\"CollectionID\":\"Nimroz\",\"Description\":\"Nimroz\",\"ImageName\":\"images\\/Product\\/1642749879NMROZ81983MLT2030_HiRes.jpg\",\"NewArrivalExpiry\":\"True\",\"Clearence\":\"False\",\"TopSeller\":\"False\",\"SpecialBuy\":\"False\",\"DesignsList\":[{\"DesignID\":\"81980\",\"Description\":\"LR81980\",\"ImageName\":\"images\\/Product\\/1628681240NMROZ81980BMU7999_HiRes.jpg\"},{\"DesignID\":\"81981\",\"Description\":\"LR81981\",\"ImageName\":\"images\\/Product\\/1628681465NMROZ81981BMU7999_HiRes.jpg\"},{\"DesignID\":\"81982\",\"Description\":\"LR81982\",\"ImageName\":\"images\\/Product\\/1628681557NMROZ81982BEM7999_HiRes.jpg\"},{\"DesignID\":\"81983\",\"Description\":\"LR81983\",\"ImageName\":\"images\\/Product\\/1642749879NMROZ81983MLT2030_HiRes.jpg\"},{\"DesignID\":\"81984\",\"Description\":\"LR81984\",\"ImageName\":\"images\\/Product\\/1628681748NMROZ81984NML7999_HiRes.jpg\"},{\"DesignID\":\"81985\",\"Description\":\"LR81985\",\"ImageName\":\"images\\/Product\\/1628681820NMROZ81985BMU7999_HiRes.jpg\"}]},\"description\":\"Combining centuries of traditional textile techniques with contemporary customer needs, this boho-chic diamond dynasty geometric striped area rug is an innovative blend of classic dhurrie construction and a secondary cotton backing for extra support and durability. This flatwoven rug is handmade by artisan weavers using natural jute and cotton fibers for a sustainable, stylish look and feel. The vivid natural colors and rejuvenated mix of geometry motifs showcase time-tested weaving techniques while preserving the traditional craft of dhurrie area rug construction. Trimmed with a natural loom fringe, this finishing border adds a touch of texture to your space.\",\"image\":\"http:\\/\\/lrhome.us\\/images\\/Product\\/1642749879NMROZ81983MLT2030_HiRes.jpg\"}}\";','2022-06-24 22:58:32','2022-06-24 22:59:23',NULL),(4,1,'a349c03bc3bd0e552167144eb41abe4e','Get_Collections','s:150:\"{\"MainCollectionID\":\"Rugs\",\"Filters\":\"eyJGaWx0ZXJzIjogW3siRmlsdGVySUQiOiAiSW5kb29yX091dGRvb3IiLCJWYWx1ZXMiOiBbIkluZG9vcl9PdXRkb29yIl19XX0=\"}\";','s:13120:\"{\"Collections\":[{\"CollectionID\":\"Veranda\",\"Description\":\"Veranda\",\"ImageName\":\"images\\/Product\\/1642575400VERND82109SGR5070_HiRes.jpg\",\"NewArrivalExpiry\":\"True\",\"Clearence\":\"\",\"TopSeller\":\"False\",\"SpecialBuy\":\"\",\"DesignsList\":[{\"DesignID\":\"82101\",\"Description\":\"LR82101\",\"ImageName\":\"images\\/Product\\/1642573220VERND82101BEB7999_HiRes.jpg\"},{\"DesignID\":\"82102\",\"Description\":\"LR82102\",\"ImageName\":\"images\\/Product\\/1642573533VERND82102NBL7999_HiRes.jpg\"},{\"DesignID\":\"82103\",\"Description\":\"LR82103\",\"ImageName\":\"images\\/Product\\/1642573729VERND82103AMT5070_HiRes.jpg\"},{\"DesignID\":\"82104\",\"Description\":\"LR82104\",\"ImageName\":\"images\\/Product\\/1642573934VERND82104BEM5070_HiRes.jpg\"},{\"DesignID\":\"82105\",\"Description\":\"LR82105\",\"ImageName\":\"images\\/Product\\/1642574295VERND82105BEM5070_HiRes.jpg\"},{\"DesignID\":\"82106\",\"Description\":\"LR82106\",\"ImageName\":\"images\\/Product\\/1642574474VERND82106NMT5070_HiRes.jpg\"},{\"DesignID\":\"82107\",\"Description\":\"LR82107\",\"ImageName\":\"images\\/Product\\/1642574667VERND82107SGR7999_HiRes.jpg\"},{\"DesignID\":\"82108\",\"Description\":\"LR82108\",\"ImageName\":\"images\\/Product\\/1642574855VERND82108NSL5070_HiRes.jpg\"},{\"DesignID\":\"82109\",\"Description\":\"LR82109\",\"ImageName\":\"images\\/Product\\/1642575400VERND82109SGR5070_HiRes.jpg\"}]},{\"CollectionID\":\"Copa Cabana\",\"Description\":\"Copa Cabana\",\"ImageName\":\"images\\/Product\\/1632388198COPAC81820ORG_Alt_HiResMain.jpg\",\"NewArrivalExpiry\":\"True\",\"Clearence\":\"\",\"TopSeller\":\"False\",\"SpecialBuy\":\"\",\"DesignsList\":[{\"DesignID\":\"81811\",\"Description\":\"LR81811\",\"ImageName\":\"images\\/Product\\/1632387809COPAC81811TML_Alt_HiResMain.jpg\"},{\"DesignID\":\"81812\",\"Description\":\"LR81812\",\"ImageName\":\"images\\/Product\\/1632387845COPAC81812GRN_Alt_HiResMain.jpg\"},{\"DesignID\":\"81813\",\"Description\":\"LR81813\",\"ImageName\":\"images\\/Product\\/1632387872COPAC81813BLU_Alt_HiResMain.jpg\"},{\"DesignID\":\"81814\",\"Description\":\"LR81814\",\"ImageName\":\"images\\/Product\\/1632387896COPAC81814ORA_Alt_HiResMain.jpg\"},{\"DesignID\":\"81815\",\"Description\":\"LR81815\",\"ImageName\":\"images\\/Product\\/1632387926COPAC81815MLT_Alt_HiResMain.jpg\"},{\"DesignID\":\"81816\",\"Description\":\"LR81816\",\"ImageName\":\"images\\/Product\\/1632388057COPAC81816TML_Alt_HiResMian.jpg\"},{\"DesignID\":\"81817\",\"Description\":\"LR81817\",\"ImageName\":\"images\\/Product\\/1632388100COPAC81817MLT_Alt_HiResMain.jpg\"},{\"DesignID\":\"81818\",\"Description\":\"LR81818\",\"ImageName\":\"images\\/Product\\/1632388131COPAC81818MLT_Alt_HiResMain.jpg\"},{\"DesignID\":\"81819\",\"Description\":\"LR81819\",\"ImageName\":\"images\\/Product\\/1632388166COPAC81819GRY_Alt_HiResMain.jpg\"},{\"DesignID\":\"81820\",\"Description\":\"LR81820\",\"ImageName\":\"images\\/Product\\/1632388198COPAC81820ORG_Alt_HiResMain.jpg\"}]},{\"CollectionID\":\"Kilimanjaro\",\"Description\":\"Kilimanjaro\",\"ImageName\":\"images\\/Product\\/1616656693KILIM81760WAN3050_HiRes.jpg\",\"NewArrivalExpiry\":\"True\",\"Clearence\":\"\",\"TopSeller\":\"False\",\"SpecialBuy\":\"\",\"DesignsList\":[{\"DesignID\":\"81751\",\"Description\":\"LR81751\",\"ImageName\":\"images\\/Product\\/1616656209KILIM81751AWH3050_HiRes.jpg\"},{\"DesignID\":\"81752\",\"Description\":\"LR81752\",\"ImageName\":\"images\\/Product\\/1616656297KILIM81752WAN5370_HiRes.jpg\"},{\"DesignID\":\"81753\",\"Description\":\"LR81753\",\"ImageName\":\"images\\/Product\\/1616656345KILIM81753AWH3050_HiRes.jpg\"},{\"DesignID\":\"81754\",\"Description\":\"LR81754\",\"ImageName\":\"images\\/Product\\/1616656410KILIM81754WAN5370_HiRes.jpg\"},{\"DesignID\":\"81755\",\"Description\":\"LR81755\",\"ImageName\":\"images\\/Product\\/1616656446KILIM81755AWH3050_HiRes.jpg\"},{\"DesignID\":\"81756\",\"Description\":\"LR81756\",\"ImageName\":\"images\\/Product\\/1616656496KILIM81756WAN3050_HiRes.jpg\"},{\"DesignID\":\"81757\",\"Description\":\"LR81757\",\"ImageName\":\"images\\/Product\\/1616656550KILIM81757AWH3050_HiRes.jpg\"},{\"DesignID\":\"81758\",\"Description\":\"LR81758\",\"ImageName\":\"images\\/Product\\/1616656578KILIM81758AWH3050_HiRes.jpg\"},{\"DesignID\":\"81759\",\"Description\":\"LR81759\",\"ImageName\":\"images\\/Product\\/1616656641KILIM81759WAN3050_HiRes.jpg\"},{\"DesignID\":\"81760\",\"Description\":\"LR81760\",\"ImageName\":\"images\\/Product\\/1616656693KILIM81760WAN3050_HiRes.jpg\"}]},{\"CollectionID\":\"Antiquity\",\"Description\":\"Antiquity\",\"ImageName\":\"images\\/Product\\/1627377941ANTIQ81459BLY537A_Web_1.jpg\",\"NewArrivalExpiry\":\"True\",\"Clearence\":\"\",\"TopSeller\":\"False\",\"SpecialBuy\":\"\",\"DesignsList\":[{\"DesignID\":\"81451\",\"Description\":\"LR81451\",\"ImageName\":\"images\\/Product\\/1617441090ANTIQ81451CRM537A_Web_1.jpg\"},{\"DesignID\":\"81452\",\"Description\":\"LR81452\",\"ImageName\":\"images\\/Product\\/1617440694ANTIQ81452CAB537A_Web_1.jpg\"},{\"DesignID\":\"81453\",\"Description\":\"LR81453\",\"ImageName\":\"images\\/Product\\/1617441436ANTIQ81453CAB537A_Web.jpg\"},{\"DesignID\":\"81455\",\"Description\":\"LR81455\",\"ImageName\":\"images\\/Product\\/1617441861ANTIQ81455BLM2330_Web_1.jpg\"},{\"DesignID\":\"81457\",\"Description\":\"LR81457\",\"ImageName\":\"images\\/Product\\/1617442237ANTIQ81457BEC537A_Web_1.jpg\"},{\"DesignID\":\"81458\",\"Description\":\"LR81458\",\"ImageName\":\"images\\/Product\\/1617440191ANTIQ81458BEC537A_Web_1.jpg\"},{\"DesignID\":\"81459\",\"Description\":\"LR81459\",\"ImageName\":\"images\\/Product\\/1627377941ANTIQ81459BLY537A_Web_1.jpg\"},{\"DesignID\":\"81460\",\"Description\":\"LR81460\",\"ImageName\":\"images\\/Product\\/1616846495ANTIQ81460BLY537A_Web.jpg\"},{\"DesignID\":\"81461\",\"Description\":\"LR81461\",\"ImageName\":\"images\\/Product\\/1616846567ANTIQ81461BLY537A_Web.jpg\"},{\"DesignID\":\"81462\",\"Description\":\"LR81462\",\"ImageName\":\"images\\/Product\\/1616846616ANTIQ81462BWE537A_Web.jpg\"},{\"DesignID\":\"81463\",\"Description\":\"LR81463\",\"ImageName\":\"images\\/Product\\/1616846675ANTIQ81463BWE537A_Web.jpg\"},{\"DesignID\":\"81464\",\"Description\":\"LR81464\",\"ImageName\":\"images\\/Product\\/1616846820ANTIQ81464BET537A_Web.jpg\"},{\"DesignID\":\"81474\",\"Description\":\"LR81474\",\"ImageName\":\"images\\/Product\\/1616846874ANTIQ81474CRN537A_Web.jpg\"},{\"DesignID\":\"81475\",\"Description\":\"LR81475\",\"ImageName\":\"images\\/Product\\/1616846940ANTIQ81475CAB537A_Web.jpg\"}]},{\"CollectionID\":\"Sun Shower\",\"Description\":\"Sun Shower\",\"ImageName\":\"images\\/Product\\/1618308790SUNSH81249NVG5080_HiRes_1.jpg\",\"NewArrivalExpiry\":\"True\",\"Clearence\":\"\",\"TopSeller\":\"False\",\"SpecialBuy\":\"\",\"DesignsList\":[{\"DesignID\":\"81250\",\"Description\":\"LR81250\",\"ImageName\":\"images\\/Product\\/1608613337SUNSH81250TLB3050_HiRes.jpg\"},{\"DesignID\":\"81241\",\"Description\":\"LR81241\",\"ImageName\":\"images\\/Product\\/1594996406SUNSH81241BLN5080_HiRes.jpg\"},{\"DesignID\":\"81242\",\"Description\":\"LR81242\",\"ImageName\":\"images\\/Product\\/1594996413SUNSH81242BGN5080_HiRes.jpg\"},{\"DesignID\":\"81244\",\"Description\":\"LR81244\",\"ImageName\":\"images\\/Product\\/1594996423SUNSH81244BER5080_HiRes.jpg\"},{\"DesignID\":\"81247\",\"Description\":\"LR81247\",\"ImageName\":\"images\\/Product\\/1594996448SUNSH81247BGR5080_HiRes.jpg\"},{\"DesignID\":\"81248\",\"Description\":\"LR81248\",\"ImageName\":\"images\\/Product\\/1594996453SUNSH81248BGR5080_HiRes.jpg\"},{\"DesignID\":\"81249\",\"Description\":\"LR81249\",\"ImageName\":\"images\\/Product\\/1618308790SUNSH81249NVG5080_HiRes_1.jpg\"},{\"DesignID\":\"81246\",\"Description\":\"LR81246\",\"ImageName\":\"images\\/Product\\/1594996443SUNSH81246GYB5080_HiRes.jpg\"}]},{\"CollectionID\":\"Captiva\",\"Description\":\"Captiva\",\"ImageName\":\"images\\/Product\\/1594326636CAPTI81021GBU5070_Web.jpg\",\"NewArrivalExpiry\":\"False\",\"Clearence\":\"\",\"TopSeller\":\"False\",\"SpecialBuy\":\"\",\"DesignsList\":[{\"DesignID\":\"81016\",\"Description\":\"LR81016\",\"ImageName\":\"images\\/Product\\/1594324299CAPTI81016BEL5070_Web.jpg\"},{\"DesignID\":\"81017\",\"Description\":\"LR81017\",\"ImageName\":\"images\\/Product\\/1594324274CAPTI81017NVG5070_Web.jpg\"},{\"DesignID\":\"81019\",\"Description\":\"LR81019\",\"ImageName\":\"images\\/Product\\/1594325498CAPTI81019GNY5070_Web.jpg\"},{\"DesignID\":\"81020\",\"Description\":\"LR81020\",\"ImageName\":\"images\\/Product\\/1594325472CAPTI81020CBG5070_Web.jpg\"},{\"DesignID\":\"81021\",\"Description\":\"LR81021\",\"ImageName\":\"images\\/Product\\/1594326636CAPTI81021GBU5070_Web.jpg\"},{\"DesignID\":\"81022\",\"Description\":\"LR81022\",\"ImageName\":\"images\\/Product\\/1594326603CAPTI81022BGR5070_Web.jpg\"},{\"DesignID\":\"81023\",\"Description\":\"LR81023\",\"ImageName\":\"images\\/Product\\/1594326367CAPTI81023REE5070_Web.jpg\"},{\"DesignID\":\"81024\",\"Description\":\"LR81024\",\"ImageName\":\"images\\/Product\\/1594326307CAPTI81024BEP5070_Web.jpg\"},{\"DesignID\":\"81025\",\"Description\":\"LR81025\",\"ImageName\":\"images\\/Product\\/1594326254CAPTI81025NVG5070_Web.jpg\"}]},{\"CollectionID\":\"Seaside\",\"Description\":\"Seaside\",\"ImageName\":\"images\\/Product\\/1601565886SEADE81879AQT5370_HiRes.jpg\",\"NewArrivalExpiry\":\"True\",\"Clearence\":\"\",\"TopSeller\":\"False\",\"SpecialBuy\":\"\",\"DesignsList\":[{\"DesignID\":\"81871\",\"Description\":\"LR81871\",\"ImageName\":\"images\\/Product\\/1601506508SEADE81871AWT5370_HiRes.jpg\"},{\"DesignID\":\"81872\",\"Description\":\"LR81872\",\"ImageName\":\"images\\/Product\\/1601506852SEADE81872AWT5370_HiRes.jpg\"},{\"DesignID\":\"81873\",\"Description\":\"LR81873\",\"ImageName\":\"images\\/Product\\/1601506883SEADE81873WAZ5370_HiRes.jpg\"},{\"DesignID\":\"81874\",\"Description\":\"LR81874\",\"ImageName\":\"images\\/Product\\/1601506942SEADE81874WAZ5370_HiRes.jpg\"},{\"DesignID\":\"81875\",\"Description\":\"LR81875\",\"ImageName\":\"images\\/Product\\/1601507018SEADE81875AWT5370_HiRes.jpg\"},{\"DesignID\":\"81876\",\"Description\":\"LR81876\",\"ImageName\":\"images\\/Product\\/1601565828SEADE81876AQT5370_HiRes.jpg\"},{\"DesignID\":\"81877\",\"Description\":\"LR81877\",\"ImageName\":\"images\\/Product\\/1601507169SEADE81877AQT5370_HiRes.jpg\"},{\"DesignID\":\"81878\",\"Description\":\"LR81878\",\"ImageName\":\"images\\/Product\\/1601507134SEADE81878WAQ5370_HiRes.jpg\"},{\"DesignID\":\"81879\",\"Description\":\"LR81879\",\"ImageName\":\"images\\/Product\\/1601565886SEADE81879AQT5370_HiRes.jpg\"}]},{\"CollectionID\":\"Oceania\",\"Description\":\"Oceania\",\"ImageName\":\"images\\/Product\\/1595001664OCEAN81675BUC5376_HiRes.jpg\",\"NewArrivalExpiry\":\"True\",\"Clearence\":\"\",\"TopSeller\":\"False\",\"SpecialBuy\":\"\",\"DesignsList\":[{\"DesignID\":\"81671\",\"Description\":\"LR81671\",\"ImageName\":\"images\\/Product\\/1595001605OCEAN81671CRU5376_HiRes.jpg\"},{\"DesignID\":\"81672\",\"Description\":\"LR81672\",\"ImageName\":\"images\\/Product\\/1595001617OCEAN81672BUC5376_HiRes.jpg\"},{\"DesignID\":\"81673\",\"Description\":\"LR81673\",\"ImageName\":\"images\\/Product\\/1595001631OCEAN81673BUC5376_HiRes.jpg\"},{\"DesignID\":\"81674\",\"Description\":\"LR81674\",\"ImageName\":\"images\\/Product\\/1595001648OCEAN81674CRU5376_HiRes.jpg\"},{\"DesignID\":\"81675\",\"Description\":\"LR81675\",\"ImageName\":\"images\\/Product\\/1595001664OCEAN81675BUC5376_HiRes.jpg\"}]},{\"CollectionID\":\"Sanibel\",\"Description\":\"Sanibel\",\"ImageName\":\"images\\/Product\\/1594997631SANIB81655OAS5070_HiRes.jpg\",\"NewArrivalExpiry\":\"True\",\"Clearence\":\"\",\"TopSeller\":\"False\",\"SpecialBuy\":\"\",\"DesignsList\":[{\"DesignID\":\"81646\",\"Description\":\"LR81646\",\"ImageName\":\"images\\/Product\\/1594997551SANIB81646NVG5070_HiRes.jpg\"},{\"DesignID\":\"81647\",\"Description\":\"LR81647\",\"ImageName\":\"images\\/Product\\/1594997565SANIB81647OAS5070_HiRes.jpg\"},{\"DesignID\":\"81648\",\"Description\":\"LR81648\",\"ImageName\":\"images\\/Product\\/1594997578SANIB81648NVG5070_HiRes.jpg\"},{\"DesignID\":\"81649\",\"Description\":\"LR81649\",\"ImageName\":\"images\\/Product\\/1594997596SANIB81649SPA5070_HiRes.jpg\"},{\"DesignID\":\"81650\",\"Description\":\"LR81650\",\"ImageName\":\"images\\/Product\\/1594997609SANIB81650OAS5070_HiRes.jpg\"},{\"DesignID\":\"81654\",\"Description\":\"LR81654\",\"ImageName\":\"images\\/Product\\/1594997619SANIB81654NVG5070_HiRes.jpg\"},{\"DesignID\":\"81655\",\"Description\":\"LR81655\",\"ImageName\":\"images\\/Product\\/1594997631SANIB81655OAS5070_HiRes.jpg\"}]},{\"CollectionID\":\"Catalina\",\"Description\":\"Catalina\",\"ImageName\":\"images\\/Product\\/1594327629CATAL81503BEG5070_Web.jpg\",\"NewArrivalExpiry\":\"False\",\"Clearence\":\"\",\"TopSeller\":\"False\",\"SpecialBuy\":\"\",\"DesignsList\":[{\"DesignID\":\"81500\",\"Description\":\"LR81500\",\"ImageName\":\"images\\/Product\\/1594327565CATAL81500GRB5070_Web.jpg\"},{\"DesignID\":\"81502\",\"Description\":\"LR81502\",\"ImageName\":\"images\\/Product\\/1594327167CATAL81502GNY5070_Web.jpg\"},{\"DesignID\":\"81503\",\"Description\":\"LR81503\",\"ImageName\":\"images\\/Product\\/1594327629CATAL81503BEG5070_Web.jpg\"},{\"DesignID\":\"81504\",\"Description\":\"LR81504\",\"ImageName\":\"images\\/Product\\/1594327620CATAL81504NVG5070_Web.jpg\"},{\"DesignID\":\"81505\",\"Description\":\"LR81505\",\"ImageName\":\"images\\/Product\\/1594327553CATAL81505GNY5070_Web.jpg\"},{\"DesignID\":\"81501\",\"Description\":\"LR81501\",\"ImageName\":\"images\\/Product\\/1594327509CATAL81501BEI5070_Web.jpg\"}]},{\"CollectionID\":\"Retreat\",\"Description\":\"Retreat\",\"ImageName\":\"images\\/Product\\/1594998437RETRE81608BKG5070_HiRes.jpg\",\"NewArrivalExpiry\":\"False\",\"Clearence\":\"\",\"TopSeller\":\"False\",\"SpecialBuy\":\"\",\"DesignsList\":[{\"DesignID\":\"81605\",\"Description\":\"LR81605\",\"ImageName\":\"images\\/Product\\/1594998409RETRE81605GRN7999_HiRes.jpg\"},{\"DesignID\":\"81606\",\"Description\":\"LR81606\",\"ImageName\":\"images\\/Product\\/1594998419RETRE81606GRN5070_HiRes.jpg\"},{\"DesignID\":\"81607\",\"Description\":\"LR81607\",\"ImageName\":\"images\\/Product\\/1594998428RETRE81607SBL5070_HiRes.jpg\"},{\"DesignID\":\"81600\",\"Description\":\"LR81600\",\"ImageName\":\"images\\/Product\\/1594998378RETRE81600NAT7999_HiRes.jpg\"},{\"DesignID\":\"81603\",\"Description\":\"LR81603\",\"ImageName\":\"images\\/Product\\/1594998392RETRE81603PEB7999_HiRes.jpg\"},{\"DesignID\":\"81599\",\"Description\":\"LR81599\",\"ImageName\":\"images\\/Product\\/1594998368RETRE81599NAT7999_HiRes.jpg\"},{\"DesignID\":\"81608\",\"Description\":\"LR81608\",\"ImageName\":\"images\\/Product\\/1594998437RETRE81608BKG5070_HiRes.jpg\"}]}],\"Success\":true}\";','s:18784:\"{\"Veranda\":{\"title\":\"Veranda\",\"raw\":{\"CollectionID\":\"Veranda\",\"Description\":\"Veranda\",\"ImageName\":\"images\\/Product\\/1642575400VERND82109SGR5070_HiRes.jpg\",\"NewArrivalExpiry\":\"True\",\"Clearence\":\"\",\"TopSeller\":\"False\",\"SpecialBuy\":\"\",\"DesignsList\":[{\"DesignID\":\"82101\",\"Description\":\"LR82101\",\"ImageName\":\"images\\/Product\\/1642573220VERND82101BEB7999_HiRes.jpg\"},{\"DesignID\":\"82102\",\"Description\":\"LR82102\",\"ImageName\":\"images\\/Product\\/1642573533VERND82102NBL7999_HiRes.jpg\"},{\"DesignID\":\"82103\",\"Description\":\"LR82103\",\"ImageName\":\"images\\/Product\\/1642573729VERND82103AMT5070_HiRes.jpg\"},{\"DesignID\":\"82104\",\"Description\":\"LR82104\",\"ImageName\":\"images\\/Product\\/1642573934VERND82104BEM5070_HiRes.jpg\"},{\"DesignID\":\"82105\",\"Description\":\"LR82105\",\"ImageName\":\"images\\/Product\\/1642574295VERND82105BEM5070_HiRes.jpg\"},{\"DesignID\":\"82106\",\"Description\":\"LR82106\",\"ImageName\":\"images\\/Product\\/1642574474VERND82106NMT5070_HiRes.jpg\"},{\"DesignID\":\"82107\",\"Description\":\"LR82107\",\"ImageName\":\"images\\/Product\\/1642574667VERND82107SGR7999_HiRes.jpg\"},{\"DesignID\":\"82108\",\"Description\":\"LR82108\",\"ImageName\":\"images\\/Product\\/1642574855VERND82108NSL5070_HiRes.jpg\"},{\"DesignID\":\"82109\",\"Description\":\"LR82109\",\"ImageName\":\"images\\/Product\\/1642575400VERND82109SGR5070_HiRes.jpg\"}]},\"description\":\"Colorful yarns with a high low pile lend an appealing elegance to this durable outdoor safe rug. With an easy to clean flat pile base and a raised palm frond and fern pattern, this piece looks just as home in a suburban breakfast nook as a south Florida lanai\",\"image\":\"http:\\/\\/lrhome.us\\/images\\/Product\\/1642575400VERND82109SGR5070_HiRes.jpg\"},\"Copa Cabana\":{\"title\":\"Copa Cabana\",\"raw\":{\"CollectionID\":\"Copa Cabana\",\"Description\":\"Copa Cabana\",\"ImageName\":\"images\\/Product\\/1632388198COPAC81820ORG_Alt_HiResMain.jpg\",\"NewArrivalExpiry\":\"True\",\"Clearence\":\"\",\"TopSeller\":\"False\",\"SpecialBuy\":\"\",\"DesignsList\":[{\"DesignID\":\"81811\",\"Description\":\"LR81811\",\"ImageName\":\"images\\/Product\\/1632387809COPAC81811TML_Alt_HiResMain.jpg\"},{\"DesignID\":\"81812\",\"Description\":\"LR81812\",\"ImageName\":\"images\\/Product\\/1632387845COPAC81812GRN_Alt_HiResMain.jpg\"},{\"DesignID\":\"81813\",\"Description\":\"LR81813\",\"ImageName\":\"images\\/Product\\/1632387872COPAC81813BLU_Alt_HiResMain.jpg\"},{\"DesignID\":\"81814\",\"Description\":\"LR81814\",\"ImageName\":\"images\\/Product\\/1632387896COPAC81814ORA_Alt_HiResMain.jpg\"},{\"DesignID\":\"81815\",\"Description\":\"LR81815\",\"ImageName\":\"images\\/Product\\/1632387926COPAC81815MLT_Alt_HiResMain.jpg\"},{\"DesignID\":\"81816\",\"Description\":\"LR81816\",\"ImageName\":\"images\\/Product\\/1632388057COPAC81816TML_Alt_HiResMian.jpg\"},{\"DesignID\":\"81817\",\"Description\":\"LR81817\",\"ImageName\":\"images\\/Product\\/1632388100COPAC81817MLT_Alt_HiResMain.jpg\"},{\"DesignID\":\"81818\",\"Description\":\"LR81818\",\"ImageName\":\"images\\/Product\\/1632388131COPAC81818MLT_Alt_HiResMain.jpg\"},{\"DesignID\":\"81819\",\"Description\":\"LR81819\",\"ImageName\":\"images\\/Product\\/1632388166COPAC81819GRY_Alt_HiResMain.jpg\"},{\"DesignID\":\"81820\",\"Description\":\"LR81820\",\"ImageName\":\"images\\/Product\\/1632388198COPAC81820ORG_Alt_HiResMain.jpg\"}]},\"description\":null,\"image\":\"http:\\/\\/lrhome.us\\/images\\/Product\\/1632388198COPAC81820ORG_Alt_HiResMain.jpg\"},\"Kilimanjaro\":{\"title\":\"Kilimanjaro\",\"raw\":{\"CollectionID\":\"Kilimanjaro\",\"Description\":\"Kilimanjaro\",\"ImageName\":\"images\\/Product\\/1616656693KILIM81760WAN3050_HiRes.jpg\",\"NewArrivalExpiry\":\"True\",\"Clearence\":\"\",\"TopSeller\":\"False\",\"SpecialBuy\":\"\",\"DesignsList\":[{\"DesignID\":\"81751\",\"Description\":\"LR81751\",\"ImageName\":\"images\\/Product\\/1616656209KILIM81751AWH3050_HiRes.jpg\"},{\"DesignID\":\"81752\",\"Description\":\"LR81752\",\"ImageName\":\"images\\/Product\\/1616656297KILIM81752WAN5370_HiRes.jpg\"},{\"DesignID\":\"81753\",\"Description\":\"LR81753\",\"ImageName\":\"images\\/Product\\/1616656345KILIM81753AWH3050_HiRes.jpg\"},{\"DesignID\":\"81754\",\"Description\":\"LR81754\",\"ImageName\":\"images\\/Product\\/1616656410KILIM81754WAN5370_HiRes.jpg\"},{\"DesignID\":\"81755\",\"Description\":\"LR81755\",\"ImageName\":\"images\\/Product\\/1616656446KILIM81755AWH3050_HiRes.jpg\"},{\"DesignID\":\"81756\",\"Description\":\"LR81756\",\"ImageName\":\"images\\/Product\\/1616656496KILIM81756WAN3050_HiRes.jpg\"},{\"DesignID\":\"81757\",\"Description\":\"LR81757\",\"ImageName\":\"images\\/Product\\/1616656550KILIM81757AWH3050_HiRes.jpg\"},{\"DesignID\":\"81758\",\"Description\":\"LR81758\",\"ImageName\":\"images\\/Product\\/1616656578KILIM81758AWH3050_HiRes.jpg\"},{\"DesignID\":\"81759\",\"Description\":\"LR81759\",\"ImageName\":\"images\\/Product\\/1616656641KILIM81759WAN3050_HiRes.jpg\"},{\"DesignID\":\"81760\",\"Description\":\"LR81760\",\"ImageName\":\"images\\/Product\\/1616656693KILIM81760WAN3050_HiRes.jpg\"}]},\"description\":\"The Kilimanjaro rug collection transcends traditional geometric motifs of the past and establishes new summits of cutting-edge elegance within indoor and outdoor spaces. This neutral addition features a minimal Greek key bordering to frame your room and bring a sophisticated flair to your atmosphere. This rug features a balanced blend of modern monochromatic shades. From afar, this floor covering appears gray and white; however, the closer you look, the more intricate this inviting assortment of anthracite, gray, white, and cream tones becomes.\",\"image\":\"http:\\/\\/lrhome.us\\/images\\/Product\\/1616656693KILIM81760WAN3050_HiRes.jpg\"},\"Antiquity\":{\"title\":\"Antiquity\",\"raw\":{\"CollectionID\":\"Antiquity\",\"Description\":\"Antiquity\",\"ImageName\":\"images\\/Product\\/1627377941ANTIQ81459BLY537A_Web_1.jpg\",\"NewArrivalExpiry\":\"True\",\"Clearence\":\"\",\"TopSeller\":\"False\",\"SpecialBuy\":\"\",\"DesignsList\":[{\"DesignID\":\"81451\",\"Description\":\"LR81451\",\"ImageName\":\"images\\/Product\\/1617441090ANTIQ81451CRM537A_Web_1.jpg\"},{\"DesignID\":\"81452\",\"Description\":\"LR81452\",\"ImageName\":\"images\\/Product\\/1617440694ANTIQ81452CAB537A_Web_1.jpg\"},{\"DesignID\":\"81453\",\"Description\":\"LR81453\",\"ImageName\":\"images\\/Product\\/1617441436ANTIQ81453CAB537A_Web.jpg\"},{\"DesignID\":\"81455\",\"Description\":\"LR81455\",\"ImageName\":\"images\\/Product\\/1617441861ANTIQ81455BLM2330_Web_1.jpg\"},{\"DesignID\":\"81457\",\"Description\":\"LR81457\",\"ImageName\":\"images\\/Product\\/1617442237ANTIQ81457BEC537A_Web_1.jpg\"},{\"DesignID\":\"81458\",\"Description\":\"LR81458\",\"ImageName\":\"images\\/Product\\/1617440191ANTIQ81458BEC537A_Web_1.jpg\"},{\"DesignID\":\"81459\",\"Description\":\"LR81459\",\"ImageName\":\"images\\/Product\\/1627377941ANTIQ81459BLY537A_Web_1.jpg\"},{\"DesignID\":\"81460\",\"Description\":\"LR81460\",\"ImageName\":\"images\\/Product\\/1616846495ANTIQ81460BLY537A_Web.jpg\"},{\"DesignID\":\"81461\",\"Description\":\"LR81461\",\"ImageName\":\"images\\/Product\\/1616846567ANTIQ81461BLY537A_Web.jpg\"},{\"DesignID\":\"81462\",\"Description\":\"LR81462\",\"ImageName\":\"images\\/Product\\/1616846616ANTIQ81462BWE537A_Web.jpg\"},{\"DesignID\":\"81463\",\"Description\":\"LR81463\",\"ImageName\":\"images\\/Product\\/1616846675ANTIQ81463BWE537A_Web.jpg\"},{\"DesignID\":\"81464\",\"Description\":\"LR81464\",\"ImageName\":\"images\\/Product\\/1616846820ANTIQ81464BET537A_Web.jpg\"},{\"DesignID\":\"81474\",\"Description\":\"LR81474\",\"ImageName\":\"images\\/Product\\/1616846874ANTIQ81474CRN537A_Web.jpg\"},{\"DesignID\":\"81475\",\"Description\":\"LR81475\",\"ImageName\":\"images\\/Product\\/1616846940ANTIQ81475CAB537A_Web.jpg\"}]},\"description\":\"Intricate and eye-catching, our Antiquity collection aims to add a contemporary twist to the traditional Turkish design. Perfect for an indoor or outdoor space looking to complement a variety of d\\u00e9cor and colors. With a low pile height, this collection is ideal for homes with lots of traction.\",\"image\":\"http:\\/\\/lrhome.us\\/images\\/Product\\/1627377941ANTIQ81459BLY537A_Web_1.jpg\"},\"Sun Shower\":{\"title\":\"Sun Shower\",\"raw\":{\"CollectionID\":\"Sun Shower\",\"Description\":\"Sun Shower\",\"ImageName\":\"images\\/Product\\/1618308790SUNSH81249NVG5080_HiRes_1.jpg\",\"NewArrivalExpiry\":\"True\",\"Clearence\":\"\",\"TopSeller\":\"False\",\"SpecialBuy\":\"\",\"DesignsList\":[{\"DesignID\":\"81241\",\"Description\":\"LR81241\",\"ImageName\":\"images\\/Product\\/1594996406SUNSH81241BLN5080_HiRes.jpg\"},{\"DesignID\":\"81242\",\"Description\":\"LR81242\",\"ImageName\":\"images\\/Product\\/1594996413SUNSH81242BGN5080_HiRes.jpg\"},{\"DesignID\":\"81244\",\"Description\":\"LR81244\",\"ImageName\":\"images\\/Product\\/1594996423SUNSH81244BER5080_HiRes.jpg\"},{\"DesignID\":\"81247\",\"Description\":\"LR81247\",\"ImageName\":\"images\\/Product\\/1594996448SUNSH81247BGR5080_HiRes.jpg\"},{\"DesignID\":\"81248\",\"Description\":\"LR81248\",\"ImageName\":\"images\\/Product\\/1594996453SUNSH81248BGR5080_HiRes.jpg\"},{\"DesignID\":\"81249\",\"Description\":\"LR81249\",\"ImageName\":\"images\\/Product\\/1618308790SUNSH81249NVG5080_HiRes_1.jpg\"},{\"DesignID\":\"81246\",\"Description\":\"LR81246\",\"ImageName\":\"images\\/Product\\/1594996443SUNSH81246GYB5080_HiRes.jpg\"},{\"DesignID\":\"81250\",\"Description\":\"LR81250\",\"ImageName\":\"images\\/Product\\/1608613337SUNSH81250TLB3050_HiRes.jpg\"}]},\"description\":\"Our Sun Shower Collection is full of ornate and tasteful geometric designs. \\u00a0Adding one of these rugs to your indoor or outdoor space is sure to thrill you and your guests. The flat weave design makes this rug perfect for high traffic areas or even some sandy patios, as this piece is easily shaken out. Don\'t overlook the endless opportunities this indoor\\/outdoor collection has to offer for a variety of different spaces in your home.\",\"image\":\"http:\\/\\/lrhome.us\\/images\\/Product\\/1618308790SUNSH81249NVG5080_HiRes_1.jpg\"},\"Captiva\":{\"title\":\"Captiva\",\"raw\":{\"CollectionID\":\"Captiva\",\"Description\":\"Captiva\",\"ImageName\":\"images\\/Product\\/1594326636CAPTI81021GBU5070_Web.jpg\",\"NewArrivalExpiry\":\"False\",\"Clearence\":\"\",\"TopSeller\":\"False\",\"SpecialBuy\":\"\",\"DesignsList\":[{\"DesignID\":\"81016\",\"Description\":\"LR81016\",\"ImageName\":\"images\\/Product\\/1594324299CAPTI81016BEL5070_Web.jpg\"},{\"DesignID\":\"81017\",\"Description\":\"LR81017\",\"ImageName\":\"images\\/Product\\/1594324274CAPTI81017NVG5070_Web.jpg\"},{\"DesignID\":\"81019\",\"Description\":\"LR81019\",\"ImageName\":\"images\\/Product\\/1594325498CAPTI81019GNY5070_Web.jpg\"},{\"DesignID\":\"81020\",\"Description\":\"LR81020\",\"ImageName\":\"images\\/Product\\/1594325472CAPTI81020CBG5070_Web.jpg\"},{\"DesignID\":\"81021\",\"Description\":\"LR81021\",\"ImageName\":\"images\\/Product\\/1594326636CAPTI81021GBU5070_Web.jpg\"},{\"DesignID\":\"81022\",\"Description\":\"LR81022\",\"ImageName\":\"images\\/Product\\/1594326603CAPTI81022BGR5070_Web.jpg\"},{\"DesignID\":\"81023\",\"Description\":\"LR81023\",\"ImageName\":\"images\\/Product\\/1594326367CAPTI81023REE5070_Web.jpg\"},{\"DesignID\":\"81024\",\"Description\":\"LR81024\",\"ImageName\":\"images\\/Product\\/1594326307CAPTI81024BEP5070_Web.jpg\"},{\"DesignID\":\"81025\",\"Description\":\"LR81025\",\"ImageName\":\"images\\/Product\\/1594326254CAPTI81025NVG5070_Web.jpg\"}]},\"description\":\"This collection is sure to catch your eye with beautiful colors and the variety of coastal designs. The indoor\\/outdoor flexibility of this collection makes it a great addition to a patio area, living room, or even sunroom. The flat weave design makes this rug perfect for high traffic areas or even some sandy patios, as this piece is easily shaken out. Don\'t overlook the endless opportunities this indoor\\/outdoor collection has to offer for a variety of different spaces in your home.\",\"image\":\"http:\\/\\/lrhome.us\\/images\\/Product\\/1594326922CAPTI81018REE5070_Web.jpg\"},\"Seaside\":{\"title\":\"Seaside\",\"raw\":{\"CollectionID\":\"Seaside\",\"Description\":\"Seaside\",\"ImageName\":\"images\\/Product\\/1601565886SEADE81879AQT5370_HiRes.jpg\",\"NewArrivalExpiry\":\"True\",\"Clearence\":\"\",\"TopSeller\":\"False\",\"SpecialBuy\":\"\",\"DesignsList\":[{\"DesignID\":\"81871\",\"Description\":\"LR81871\",\"ImageName\":\"images\\/Product\\/1601506508SEADE81871AWT5370_HiRes.jpg\"},{\"DesignID\":\"81872\",\"Description\":\"LR81872\",\"ImageName\":\"images\\/Product\\/1601506852SEADE81872AWT5370_HiRes.jpg\"},{\"DesignID\":\"81873\",\"Description\":\"LR81873\",\"ImageName\":\"images\\/Product\\/1601506883SEADE81873WAZ5370_HiRes.jpg\"},{\"DesignID\":\"81874\",\"Description\":\"LR81874\",\"ImageName\":\"images\\/Product\\/1601506942SEADE81874WAZ5370_HiRes.jpg\"},{\"DesignID\":\"81875\",\"Description\":\"LR81875\",\"ImageName\":\"images\\/Product\\/1601507018SEADE81875AWT5370_HiRes.jpg\"},{\"DesignID\":\"81876\",\"Description\":\"LR81876\",\"ImageName\":\"images\\/Product\\/1601565828SEADE81876AQT5370_HiRes.jpg\"},{\"DesignID\":\"81877\",\"Description\":\"LR81877\",\"ImageName\":\"images\\/Product\\/1601507169SEADE81877AQT5370_HiRes.jpg\"},{\"DesignID\":\"81878\",\"Description\":\"LR81878\",\"ImageName\":\"images\\/Product\\/1601507134SEADE81878WAQ5370_HiRes.jpg\"},{\"DesignID\":\"81879\",\"Description\":\"LR81879\",\"ImageName\":\"images\\/Product\\/1601565886SEADE81879AQT5370_HiRes.jpg\"}]},\"description\":\"This eye-catching nautical themed rug collection is a must have for your stylish and functional indoor outdoor space. This collection is an easy addition to a sun room, patio space, or dining area. The machine made construction allows this collection to be the perfect fit for high traffic area and sandy patio. This collection can be easily shaken out and cleaned. Don\'t overlook the endless opportunities this indoor outdoor collection has to offer for a variety of different spaces in your home.\",\"image\":\"http:\\/\\/lrhome.us\\/images\\/Product\\/16067343011604987948GALAC81379NCM5076_HiRes.jpg\"},\"Oceania\":{\"title\":\"Oceania\",\"raw\":{\"CollectionID\":\"Oceania\",\"Description\":\"Oceania\",\"ImageName\":\"images\\/Product\\/1595001664OCEAN81675BUC5376_HiRes.jpg\",\"NewArrivalExpiry\":\"True\",\"Clearence\":\"\",\"TopSeller\":\"False\",\"SpecialBuy\":\"\",\"DesignsList\":[{\"DesignID\":\"81671\",\"Description\":\"LR81671\",\"ImageName\":\"images\\/Product\\/1595001605OCEAN81671CRU5376_HiRes.jpg\"},{\"DesignID\":\"81672\",\"Description\":\"LR81672\",\"ImageName\":\"images\\/Product\\/1595001617OCEAN81672BUC5376_HiRes.jpg\"},{\"DesignID\":\"81673\",\"Description\":\"LR81673\",\"ImageName\":\"images\\/Product\\/1595001631OCEAN81673BUC5376_HiRes.jpg\"},{\"DesignID\":\"81674\",\"Description\":\"LR81674\",\"ImageName\":\"images\\/Product\\/1595001648OCEAN81674CRU5376_HiRes.jpg\"},{\"DesignID\":\"81675\",\"Description\":\"LR81675\",\"ImageName\":\"images\\/Product\\/1595001664OCEAN81675BUC5376_HiRes.jpg\"}]},\"description\":\"Our Oceania Collection is made to add a splash off the reef to any indoor or outdoor space. Tranquil blues and whimsical sea animals are sure to thrill you and your guests, its quirky charm is a standout alone. The flat weave design makes this rug perfect for high traffic areas or even some sandy patios, as this piece is easily shaken out. Don\'t overlook the endless opportunities this indoor\\/outdoor collection has to offer for a variety of different spaces in your home.\",\"image\":\"http:\\/\\/lrhome.us\\/images\\/Product\\/1595001664OCEAN81675BUC5376_HiRes.jpg\"},\"Sanibel\":{\"title\":\"Sanibel\",\"raw\":{\"CollectionID\":\"Sanibel\",\"Description\":\"Sanibel\",\"ImageName\":\"images\\/Product\\/1594997631SANIB81655OAS5070_HiRes.jpg\",\"NewArrivalExpiry\":\"True\",\"Clearence\":\"\",\"TopSeller\":\"False\",\"SpecialBuy\":\"\",\"DesignsList\":[{\"DesignID\":\"81646\",\"Description\":\"LR81646\",\"ImageName\":\"images\\/Product\\/1594997551SANIB81646NVG5070_HiRes.jpg\"},{\"DesignID\":\"81647\",\"Description\":\"LR81647\",\"ImageName\":\"images\\/Product\\/1594997565SANIB81647OAS5070_HiRes.jpg\"},{\"DesignID\":\"81648\",\"Description\":\"LR81648\",\"ImageName\":\"images\\/Product\\/1594997578SANIB81648NVG5070_HiRes.jpg\"},{\"DesignID\":\"81649\",\"Description\":\"LR81649\",\"ImageName\":\"images\\/Product\\/1594997596SANIB81649SPA5070_HiRes.jpg\"},{\"DesignID\":\"81650\",\"Description\":\"LR81650\",\"ImageName\":\"images\\/Product\\/1594997609SANIB81650OAS5070_HiRes.jpg\"},{\"DesignID\":\"81654\",\"Description\":\"LR81654\",\"ImageName\":\"images\\/Product\\/1594997619SANIB81654NVG5070_HiRes.jpg\"},{\"DesignID\":\"81655\",\"Description\":\"LR81655\",\"ImageName\":\"images\\/Product\\/1594997631SANIB81655OAS5070_HiRes.jpg\"}]},\"description\":\"The Sanibel Collection is a versatile coastal line that is made to bring our customers an ideal rug for their indoor or outdoor space. Beautiful blue, teal, and beige tones create a tranquil and soothing ambiance, that mixes well with many different styles! Bring this adaptable piece home today for your dining area, entryway, patio, or even sunroom!\",\"image\":\"http:\\/\\/lrhome.us\\/images\\/Product\\/1594997631SANIB81655OAS5070_HiRes.jpg\"},\"Catalina\":{\"title\":\"Catalina\",\"raw\":{\"CollectionID\":\"Catalina\",\"Description\":\"Catalina\",\"ImageName\":\"images\\/Product\\/1594327629CATAL81503BEG5070_Web.jpg\",\"NewArrivalExpiry\":\"False\",\"Clearence\":\"\",\"TopSeller\":\"False\",\"SpecialBuy\":\"\",\"DesignsList\":[{\"DesignID\":\"81500\",\"Description\":\"LR81500\",\"ImageName\":\"images\\/Product\\/1594327565CATAL81500GRB5070_Web.jpg\"},{\"DesignID\":\"81502\",\"Description\":\"LR81502\",\"ImageName\":\"images\\/Product\\/1594327167CATAL81502GNY5070_Web.jpg\"},{\"DesignID\":\"81503\",\"Description\":\"LR81503\",\"ImageName\":\"images\\/Product\\/1594327629CATAL81503BEG5070_Web.jpg\"},{\"DesignID\":\"81504\",\"Description\":\"LR81504\",\"ImageName\":\"images\\/Product\\/1594327620CATAL81504NVG5070_Web.jpg\"},{\"DesignID\":\"81505\",\"Description\":\"LR81505\",\"ImageName\":\"images\\/Product\\/1594327553CATAL81505GNY5070_Web.jpg\"},{\"DesignID\":\"81501\",\"Description\":\"LR81501\",\"ImageName\":\"images\\/Product\\/1594327509CATAL81501BEI5070_Web.jpg\"}]},\"description\":\"Full of colorful tropical designs, the Catalina collection makes a great addition to a variety of spaces. This collection could easily be added to a sun room, patio space, or dining area. The machine-made construction allows this rug to be the perfect fit for high traffic area or even some sandy patio, as this piece is easily shaken out. Don\'t overlook the endless opportunities this indoor\\/outdoor collection has to offer for a variety of different spaces in your home.\",\"image\":\"http:\\/\\/lrhome.us\\/images\\/Product\\/1594327629CATAL81503BEG5070_Web.jpg\"},\"Retreat\":{\"title\":\"Retreat\",\"raw\":{\"CollectionID\":\"Retreat\",\"Description\":\"Retreat\",\"ImageName\":\"images\\/Product\\/1594998437RETRE81608BKG5070_HiRes.jpg\",\"NewArrivalExpiry\":\"False\",\"Clearence\":\"\",\"TopSeller\":\"False\",\"SpecialBuy\":\"\",\"DesignsList\":[{\"DesignID\":\"81605\",\"Description\":\"LR81605\",\"ImageName\":\"images\\/Product\\/1594998409RETRE81605GRN7999_HiRes.jpg\"},{\"DesignID\":\"81606\",\"Description\":\"LR81606\",\"ImageName\":\"images\\/Product\\/1594998419RETRE81606GRN5070_HiRes.jpg\"},{\"DesignID\":\"81607\",\"Description\":\"LR81607\",\"ImageName\":\"images\\/Product\\/1594998428RETRE81607SBL5070_HiRes.jpg\"},{\"DesignID\":\"81600\",\"Description\":\"LR81600\",\"ImageName\":\"images\\/Product\\/1594998378RETRE81600NAT7999_HiRes.jpg\"},{\"DesignID\":\"81603\",\"Description\":\"LR81603\",\"ImageName\":\"images\\/Product\\/1594998392RETRE81603PEB7999_HiRes.jpg\"},{\"DesignID\":\"81599\",\"Description\":\"LR81599\",\"ImageName\":\"images\\/Product\\/1594998368RETRE81599NAT7999_HiRes.jpg\"},{\"DesignID\":\"81608\",\"Description\":\"LR81608\",\"ImageName\":\"images\\/Product\\/1594998437RETRE81608BKG5070_HiRes.jpg\"}]},\"description\":\"The Retreat Collection is a versatile line that is made to bring our customers an ideal rug for your indoor or outdoor space. Full of eye-catching geometric design that goes well with many different styles! Bring this adaptable piece home today for your dining area, entryway, patio, or even sunroom!\",\"image\":\"http:\\/\\/lrhome.us\\/images\\/Product\\/1594998437RETRE81608BKG5070_HiRes.jpg\"}}\";','2022-06-24 22:59:35','2022-09-08 21:48:06',NULL),(5,1,'823331ed33add65c3885f7d34fedd678','Get_Favourities','s:32:\"{\"MainCollectionID\":\"Furniture\"}\";','s:1235:\"{\"Favourities\":[{\"Title\":\"BENCHES\",\"LinkTag\":\"Get_Designs\",\"LinkFilter\":\"{\\\"Filters\\\": [{\\\"FilterID\\\": \\\"BENCHES\\\",\\\"Values\\\": [\\\"BENCHES\\\"]}]}\",\"LinkPage\":\"Designs\",\"Image\":\"images\\/furniture_benches.jpg\"},{\"Title\":\"STOOLS\",\"LinkTag\":\"Get_Designs\",\"LinkFilter\":\"{\\\"Filters\\\": [{\\\"FilterID\\\": \\\"STOOLS\\\",\\\"Values\\\": [\\\"STOOLS\\\"]}]}\",\"LinkPage\":\"Designs\",\"Image\":\"images\\/furniture_stools.jpg\"},{\"Title\":\"SIDE TABLES\",\"LinkTag\":\"Get_Designs\",\"LinkFilter\":\"{\\\"Filters\\\": [{\\\"FilterID\\\": \\\"Side_Tables\\\",\\\"Values\\\": [\\\"Side_Tables\\\"]}]}\",\"LinkPage\":\"Designs\",\"Image\":\"images\\/furniture_sidetables.jpg\"},{\"Title\":\"CHAIRS\",\"LinkTag\":\"Get_Designs\",\"LinkFilter\":\"{\\\"Filters\\\": [{\\\"FilterID\\\": \\\"Chairs\\\",\\\"Values\\\": [\\\"Chairs\\\"]}]}\",\"LinkPage\":\"Designs\",\"Image\":\"images\\/furniture_chairs.jpg\"},{\"Title\":\"DINING TABLE\",\"LinkTag\":\"Get_Designs\",\"LinkFilter\":\"{\\\"Filters\\\": [{\\\"FilterID\\\": \\\"Dining_Tables\\\",\\\"Values\\\": [\\\"Dining_Tables\\\"]}]}\",\"LinkPage\":\"Designs\",\"Image\":\"images\\/furniture_dining_table.jpg\"},{\"Title\":\"DINING BENCHES\",\"LinkTag\":\"Get_Designs\",\"LinkFilter\":\"{\\\"Filters\\\": [{\\\"FilterID\\\": \\\"DINING_BENCHES\\\",\\\"Values\\\": [\\\"DINING_BENCHES\\\"]}]}\",\"LinkPage\":\"Designs\",\"Image\":\"images\\/furniture_dining_benches.jpg\"}],\"Success\":true}\";','s:1863:\"{\"BENCHES\":{\"title\":\"BENCHES\",\"raw\":{\"Title\":\"BENCHES\",\"LinkTag\":\"Get_Designs\",\"LinkFilter\":\"{\\\"Filters\\\": [{\\\"FilterID\\\": \\\"BENCHES\\\",\\\"Values\\\": [\\\"BENCHES\\\"]}]}\",\"LinkPage\":\"Designs\",\"Image\":\"images\\/furniture_benches.jpg\"},\"image\":\"https:\\/\\/media.lrhome.us\\/images\\/furniture_benches.jpg\"},\"STOOLS\":{\"title\":\"STOOLS\",\"raw\":{\"Title\":\"STOOLS\",\"LinkTag\":\"Get_Designs\",\"LinkFilter\":\"{\\\"Filters\\\": [{\\\"FilterID\\\": \\\"STOOLS\\\",\\\"Values\\\": [\\\"STOOLS\\\"]}]}\",\"LinkPage\":\"Designs\",\"Image\":\"images\\/furniture_stools.jpg\"},\"image\":\"https:\\/\\/media.lrhome.us\\/images\\/furniture_stools.jpg\"},\"SIDE TABLES\":{\"title\":\"SIDE TABLES\",\"raw\":{\"Title\":\"SIDE TABLES\",\"LinkTag\":\"Get_Designs\",\"LinkFilter\":\"{\\\"Filters\\\": [{\\\"FilterID\\\": \\\"Side_Tables\\\",\\\"Values\\\": [\\\"Side_Tables\\\"]}]}\",\"LinkPage\":\"Designs\",\"Image\":\"images\\/furniture_sidetables.jpg\"},\"image\":\"https:\\/\\/media.lrhome.us\\/images\\/furniture_sidetables.jpg\"},\"CHAIRS\":{\"title\":\"CHAIRS\",\"raw\":{\"Title\":\"CHAIRS\",\"LinkTag\":\"Get_Designs\",\"LinkFilter\":\"{\\\"Filters\\\": [{\\\"FilterID\\\": \\\"Chairs\\\",\\\"Values\\\": [\\\"Chairs\\\"]}]}\",\"LinkPage\":\"Designs\",\"Image\":\"images\\/furniture_chairs.jpg\"},\"image\":\"https:\\/\\/media.lrhome.us\\/images\\/furniture_chairs.jpg\"},\"DINING TABLE\":{\"title\":\"DINING TABLE\",\"raw\":{\"Title\":\"DINING TABLE\",\"LinkTag\":\"Get_Designs\",\"LinkFilter\":\"{\\\"Filters\\\": [{\\\"FilterID\\\": \\\"Dining_Tables\\\",\\\"Values\\\": [\\\"Dining_Tables\\\"]}]}\",\"LinkPage\":\"Designs\",\"Image\":\"images\\/furniture_dining_table.jpg\"},\"image\":\"https:\\/\\/media.lrhome.us\\/images\\/furniture_dining_table.jpg\"},\"DINING BENCHES\":{\"title\":\"DINING BENCHES\",\"raw\":{\"Title\":\"DINING BENCHES\",\"LinkTag\":\"Get_Designs\",\"LinkFilter\":\"{\\\"Filters\\\": [{\\\"FilterID\\\": \\\"DINING_BENCHES\\\",\\\"Values\\\": [\\\"DINING_BENCHES\\\"]}]}\",\"LinkPage\":\"Designs\",\"Image\":\"images\\/furniture_dining_benches.jpg\"},\"image\":\"https:\\/\\/media.lrhome.us\\/images\\/furniture_dining_benches.jpg\"}}\";','2022-08-29 23:36:03','2022-12-06 12:39:38',NULL),(6,1,'8156b93ec1468d8b1fa367ee2c6c3629','Get_Favourities','s:37:\"{\"MainCollectionID\":\"Rugs\"}\";','s:1112:\"{\"Favourities\":[{\"Title\":\"NEW ADDITIONS\",\"LinkTag\":\"Get_Collections\",\"LinkFilter\":\"{\\\"Filters\\\": [{\\\"FilterID\\\": \\\"New_Arrivals\\\",\\\"Values\\\": [\\\"New_Arrivals\\\"]}]}\",\"LinkPage\":\"Collections\",\"Image\":\"images\\/rugs_new_additions.jpg\"},{\"Title\":\"SHOP ALL\",\"LinkTag\":\"Get_Collections\",\"LinkFilter\":\"\",\"LinkPage\":\"Collections\",\"Image\":\"images\\/rugs_shop_all.jpg\"},{\"Title\":\"COLLECTIONS\",\"LinkTag\":\"Get_Collections\",\"LinkFilter\":\"\",\"LinkPage\":\"Collections\",\"Image\":\"images\\/rugs_collections.jpg\"},{\"Title\":\"NATURALS\",\"LinkTag\":\"Get_Collections\",\"LinkFilter\":\"{\\\"Filters\\\": [{\\\"FilterID\\\": \\\"NATURALS\\\",\\\"Values\\\": [\\\"NATURALS\\\"]}]}\",\"LinkPage\":\"Collections\",\"Image\":\"images\\/rugs_naturals.jpg\"},{\"Title\":\"INDOOR\\/OUTDOOR\",\"LinkTag\":\"Get_Collections\",\"LinkFilter\":\"{\\\"Filters\\\": [{\\\"FilterID\\\": \\\"Indoor_Outdoor\\\",\\\"Values\\\": [\\\"Indoor_Outdoor\\\"]}]}\",\"LinkPage\":\"Collections\",\"Image\":\"images\\/rugs_indoor_outdoor.jpg\"},{\"Title\":\"ACCENTS\",\"LinkTag\":\"Get_Designs\",\"LinkFilter\":\"{\\\"Filters\\\": [{\\\"FilterID\\\": \\\"ACCENTS\\\",\\\"Values\\\": [\\\"ACCENTS\\\"]}]}\",\"LinkPage\":\"Designs\",\"Image\":\"images\\/rugs_ascent.jpg\"}],\"Success\":true}\";','s:1685:\"{\"NEW ADDITIONS\":{\"title\":\"NEW ADDITIONS\",\"image\":\"http:\\/\\/lrhome.us\\/images\\/rugs_new_additions.jpg\",\"raw\":{\"Title\":\"NEW ADDITIONS\",\"LinkTag\":\"Get_Collections\",\"LinkFilter\":\"{\\\"Filters\\\": [{\\\"FilterID\\\": \\\"New_Arrivals\\\",\\\"Values\\\": [\\\"New_Arrivals\\\"]}]}\",\"LinkPage\":\"Collections\",\"Image\":\"images\\/rugs_new_additions.jpg\"}},\"SHOP ALL\":{\"title\":\"SHOP ALL\",\"image\":\"http:\\/\\/lrhome.us\\/images\\/rugs_shop_all.jpg\",\"raw\":{\"Title\":\"SHOP ALL\",\"LinkTag\":\"Get_Collections\",\"LinkFilter\":\"\",\"LinkPage\":\"Collections\",\"Image\":\"images\\/rugs_shop_all.jpg\"}},\"COLLECTIONS\":{\"title\":\"COLLECTIONS\",\"image\":\"http:\\/\\/lrhome.us\\/images\\/rugs_collections.jpg\",\"raw\":{\"Title\":\"COLLECTIONS\",\"LinkTag\":\"Get_Collections\",\"LinkFilter\":\"\",\"LinkPage\":\"Collections\",\"Image\":\"images\\/rugs_collections.jpg\"}},\"NATURALS\":{\"title\":\"NATURALS\",\"image\":\"http:\\/\\/lrhome.us\\/images\\/rugs_naturals.jpg\",\"raw\":{\"Title\":\"NATURALS\",\"LinkTag\":\"Get_Collections\",\"LinkFilter\":\"{\\\"Filters\\\": [{\\\"FilterID\\\": \\\"NATURALS\\\",\\\"Values\\\": [\\\"NATURALS\\\"]}]}\",\"LinkPage\":\"Collections\",\"Image\":\"images\\/rugs_naturals.jpg\"}},\"INDOOR\\/OUTDOOR\":{\"title\":\"INDOOR\\/OUTDOOR\",\"image\":\"http:\\/\\/lrhome.us\\/images\\/rugs_indoor_outdoor.jpg\",\"raw\":{\"Title\":\"INDOOR\\/OUTDOOR\",\"LinkTag\":\"Get_Collections\",\"LinkFilter\":\"{\\\"Filters\\\": [{\\\"FilterID\\\": \\\"Indoor_Outdoor\\\",\\\"Values\\\": [\\\"Indoor_Outdoor\\\"]}]}\",\"LinkPage\":\"Collections\",\"Image\":\"images\\/rugs_indoor_outdoor.jpg\"}},\"ACCENTS\":{\"title\":\"ACCENTS\",\"image\":\"http:\\/\\/lrhome.us\\/images\\/rugs_ascent.jpg\",\"raw\":{\"Title\":\"ACCENTS\",\"LinkTag\":\"Get_Designs\",\"LinkFilter\":\"{\\\"Filters\\\": [{\\\"FilterID\\\": \\\"ACCENTS\\\",\\\"Values\\\": [\\\"ACCENTS\\\"]}]}\",\"LinkPage\":\"Designs\",\"Image\":\"images\\/rugs_ascent.jpg\"}}}\";','2022-10-07 03:46:54','2022-10-07 03:46:54',NULL),(7,1,'09081e48dbcbf53eba535855923bbb11','Get_Favourities','s:38:\"{\"MainCollectionID\":\"Pillows & Decor\"}\";','s:1575:\"{\"Favourities\":[{\"Title\":\"PILLOWS\",\"LinkTag\":\"Get_Designs\",\"LinkFilter\":\"{\\\"Filters\\\": [{\\\"FilterID\\\": \\\"PILLOWS\\\",\\\"Values\\\": [\\\"PILLOWS\\\"]}]}\",\"LinkPage\":\"Designs\",\"Image\":\"images\\/pillows_pillows.jpg\"},{\"Title\":\"POUFS\",\"LinkTag\":\"Get_Designs\",\"LinkFilter\":\"{\\\"Filters\\\": [{\\\"FilterID\\\": \\\"POUFS\\\",\\\"Values\\\": [\\\"POUFS\\\"]}]}\",\"LinkPage\":\"Designs\",\"Image\":\"images\\/pillows_poufs.jpg\"},{\"Title\":\"THROWS\",\"LinkTag\":\"Get_Designs\",\"LinkFilter\":\"{\\\"Filters\\\": [{\\\"FilterID\\\": \\\"Throws\\\",\\\"Values\\\": [\\\"Throws\\\"]}]}\",\"LinkPage\":\"Designs\",\"Image\":\"images\\/pillows_throws.jpg\"},{\"Title\":\"Baskets\",\"LinkTag\":\"Get_Designs\",\"LinkFilter\":\"{\\\"Filters\\\": [{\\\"FilterID\\\": \\\"Baskets\\\",\\\"Values\\\": [\\\"Baskets\\\"]}]}\",\"LinkPage\":\"Designs\",\"Image\":\"images\\/pillows_baskets.jpg\"},{\"Title\":\"CHAIR PADS\",\"LinkTag\":\"Get_Designs\",\"LinkFilter\":\"{\\\"Filters\\\": [{\\\"FilterID\\\": \\\"Chair_Pads\\\",\\\"Values\\\": [\\\"Chair_Pads\\\"]}]}\",\"LinkPage\":\"Designs\",\"Image\":\"images\\/pillows_chair_pads.jpg\"},{\"Title\":\"TABLE TOPS\",\"LinkTag\":\"Get_Designs\",\"LinkFilter\":\"{\\\"Filters\\\": [{\\\"FilterID\\\": \\\"TABLE_TOPS\\\",\\\"Values\\\": [\\\"TABLE_TOPS\\\"]}]}\",\"LinkPage\":\"Designs\",\"Image\":\"images\\/pillows_table_tops.jpg\"},{\"Title\":\"COVERLETS\",\"LinkTag\":\"Get_Designs\",\"LinkFilter\":\"{\\\"Filters\\\": [{\\\"FilterID\\\": \\\"COVERLETS\\\",\\\"Values\\\": [\\\"COVERLETS\\\"]}]}\",\"LinkPage\":\"Designs\",\"Image\":\"images\\/pillows_coverlets.jpg\"},{\"Title\":\"WALL HANGINGS\",\"LinkTag\":\"Get_Designs\",\"LinkFilter\":\"{\\\"Filters\\\": [{\\\"FilterID\\\": \\\"PILLOWS\\\",\\\"Values\\\": [\\\"PILLOWS\\\"]}]}\",\"LinkPage\":\"Designs\",\"Image\":\"images\\/pillows_wall_hanging.jpg\"}],\"Success\":true}\";','s:2384:\"{\"PILLOWS\":{\"title\":\"PILLOWS\",\"raw\":{\"Title\":\"PILLOWS\",\"LinkTag\":\"Get_Designs\",\"LinkFilter\":\"{\\\"Filters\\\": [{\\\"FilterID\\\": \\\"PILLOWS\\\",\\\"Values\\\": [\\\"PILLOWS\\\"]}]}\",\"LinkPage\":\"Designs\",\"Image\":\"images\\/pillows_pillows.jpg\"},\"image\":\"https:\\/\\/media.lrhome.us\\/images\\/pillows_pillows.jpg\"},\"POUFS\":{\"title\":\"POUFS\",\"raw\":{\"Title\":\"POUFS\",\"LinkTag\":\"Get_Designs\",\"LinkFilter\":\"{\\\"Filters\\\": [{\\\"FilterID\\\": \\\"POUFS\\\",\\\"Values\\\": [\\\"POUFS\\\"]}]}\",\"LinkPage\":\"Designs\",\"Image\":\"images\\/pillows_poufs.jpg\"},\"image\":\"https:\\/\\/media.lrhome.us\\/images\\/pillows_poufs.jpg\"},\"THROWS\":{\"title\":\"THROWS\",\"raw\":{\"Title\":\"THROWS\",\"LinkTag\":\"Get_Designs\",\"LinkFilter\":\"{\\\"Filters\\\": [{\\\"FilterID\\\": \\\"Throws\\\",\\\"Values\\\": [\\\"Throws\\\"]}]}\",\"LinkPage\":\"Designs\",\"Image\":\"images\\/pillows_throws.jpg\"},\"image\":\"https:\\/\\/media.lrhome.us\\/images\\/pillows_throws.jpg\"},\"Baskets\":{\"title\":\"Baskets\",\"raw\":{\"Title\":\"Baskets\",\"LinkTag\":\"Get_Designs\",\"LinkFilter\":\"{\\\"Filters\\\": [{\\\"FilterID\\\": \\\"Baskets\\\",\\\"Values\\\": [\\\"Baskets\\\"]}]}\",\"LinkPage\":\"Designs\",\"Image\":\"images\\/pillows_baskets.jpg\"},\"image\":\"https:\\/\\/media.lrhome.us\\/images\\/pillows_baskets.jpg\"},\"CHAIR PADS\":{\"title\":\"CHAIR PADS\",\"raw\":{\"Title\":\"CHAIR PADS\",\"LinkTag\":\"Get_Designs\",\"LinkFilter\":\"{\\\"Filters\\\": [{\\\"FilterID\\\": \\\"Chair_Pads\\\",\\\"Values\\\": [\\\"Chair_Pads\\\"]}]}\",\"LinkPage\":\"Designs\",\"Image\":\"images\\/pillows_chair_pads.jpg\"},\"image\":\"https:\\/\\/media.lrhome.us\\/images\\/pillows_chair_pads.jpg\"},\"TABLE TOPS\":{\"title\":\"TABLE TOPS\",\"raw\":{\"Title\":\"TABLE TOPS\",\"LinkTag\":\"Get_Designs\",\"LinkFilter\":\"{\\\"Filters\\\": [{\\\"FilterID\\\": \\\"TABLE_TOPS\\\",\\\"Values\\\": [\\\"TABLE_TOPS\\\"]}]}\",\"LinkPage\":\"Designs\",\"Image\":\"images\\/pillows_table_tops.jpg\"},\"image\":\"https:\\/\\/media.lrhome.us\\/images\\/pillows_table_tops.jpg\"},\"COVERLETS\":{\"title\":\"COVERLETS\",\"raw\":{\"Title\":\"COVERLETS\",\"LinkTag\":\"Get_Designs\",\"LinkFilter\":\"{\\\"Filters\\\": [{\\\"FilterID\\\": \\\"COVERLETS\\\",\\\"Values\\\": [\\\"COVERLETS\\\"]}]}\",\"LinkPage\":\"Designs\",\"Image\":\"images\\/pillows_coverlets.jpg\"},\"image\":\"https:\\/\\/media.lrhome.us\\/images\\/pillows_coverlets.jpg\"},\"WALL HANGINGS\":{\"title\":\"WALL HANGINGS\",\"raw\":{\"Title\":\"WALL HANGINGS\",\"LinkTag\":\"Get_Designs\",\"LinkFilter\":\"{\\\"Filters\\\": [{\\\"FilterID\\\": \\\"PILLOWS\\\",\\\"Values\\\": [\\\"PILLOWS\\\"]}]}\",\"LinkPage\":\"Designs\",\"Image\":\"images\\/pillows_wall_hanging.jpg\"},\"image\":\"https:\\/\\/media.lrhome.us\\/images\\/pillows_wall_hanging.jpg\"}}\";','2022-10-07 03:49:08','2022-12-06 12:38:58',NULL),(8,1,'bf9d5d6641846ef1230e75c0a7fc064d','Get_Favourities','s:27:\"{\"MainCollectionID\":\"Rugs\"}\";','s:1112:\"{\"Favourities\":[{\"Title\":\"NEW ADDITIONS\",\"LinkTag\":\"Get_Collections\",\"LinkFilter\":\"{\\\"Filters\\\": [{\\\"FilterID\\\": \\\"New_Arrivals\\\",\\\"Values\\\": [\\\"New_Arrivals\\\"]}]}\",\"LinkPage\":\"Collections\",\"Image\":\"images\\/rugs_new_additions.jpg\"},{\"Title\":\"SHOP ALL\",\"LinkTag\":\"Get_Collections\",\"LinkFilter\":\"\",\"LinkPage\":\"Collections\",\"Image\":\"images\\/rugs_shop_all.jpg\"},{\"Title\":\"COLLECTIONS\",\"LinkTag\":\"Get_Collections\",\"LinkFilter\":\"\",\"LinkPage\":\"Collections\",\"Image\":\"images\\/rugs_collections.jpg\"},{\"Title\":\"NATURALS\",\"LinkTag\":\"Get_Collections\",\"LinkFilter\":\"{\\\"Filters\\\": [{\\\"FilterID\\\": \\\"NATURALS\\\",\\\"Values\\\": [\\\"NATURALS\\\"]}]}\",\"LinkPage\":\"Collections\",\"Image\":\"images\\/rugs_naturals.jpg\"},{\"Title\":\"INDOOR\\/OUTDOOR\",\"LinkTag\":\"Get_Collections\",\"LinkFilter\":\"{\\\"Filters\\\": [{\\\"FilterID\\\": \\\"Indoor_Outdoor\\\",\\\"Values\\\": [\\\"Indoor_Outdoor\\\"]}]}\",\"LinkPage\":\"Collections\",\"Image\":\"images\\/rugs_indoor_outdoor.jpg\"},{\"Title\":\"ACCENTS\",\"LinkTag\":\"Get_Designs\",\"LinkFilter\":\"{\\\"Filters\\\": [{\\\"FilterID\\\": \\\"ACCENTS\\\",\\\"Values\\\": [\\\"ACCENTS\\\"]}]}\",\"LinkPage\":\"Designs\",\"Image\":\"images\\/rugs_ascent.jpg\"}],\"Success\":true}\";','s:1727:\"{\"NEW ADDITIONS\":{\"title\":\"NEW ADDITIONS\",\"image\":\"https:\\/\\/media.lrhome.us\\/images\\/rugs_new_additions.jpg\",\"raw\":{\"Title\":\"NEW ADDITIONS\",\"LinkTag\":\"Get_Collections\",\"LinkFilter\":\"{\\\"Filters\\\": [{\\\"FilterID\\\": \\\"New_Arrivals\\\",\\\"Values\\\": [\\\"New_Arrivals\\\"]}]}\",\"LinkPage\":\"Collections\",\"Image\":\"images\\/rugs_new_additions.jpg\"}},\"SHOP ALL\":{\"title\":\"SHOP ALL\",\"image\":\"https:\\/\\/media.lrhome.us\\/images\\/rugs_shop_all.jpg\",\"raw\":{\"Title\":\"SHOP ALL\",\"LinkTag\":\"Get_Collections\",\"LinkFilter\":\"\",\"LinkPage\":\"Collections\",\"Image\":\"images\\/rugs_shop_all.jpg\"}},\"COLLECTIONS\":{\"title\":\"COLLECTIONS\",\"image\":\"https:\\/\\/media.lrhome.us\\/images\\/rugs_collections.jpg\",\"raw\":{\"Title\":\"COLLECTIONS\",\"LinkTag\":\"Get_Collections\",\"LinkFilter\":\"\",\"LinkPage\":\"Collections\",\"Image\":\"images\\/rugs_collections.jpg\"}},\"NATURALS\":{\"title\":\"NATURALS\",\"image\":\"https:\\/\\/media.lrhome.us\\/images\\/rugs_naturals.jpg\",\"raw\":{\"Title\":\"NATURALS\",\"LinkTag\":\"Get_Collections\",\"LinkFilter\":\"{\\\"Filters\\\": [{\\\"FilterID\\\": \\\"NATURALS\\\",\\\"Values\\\": [\\\"NATURALS\\\"]}]}\",\"LinkPage\":\"Collections\",\"Image\":\"images\\/rugs_naturals.jpg\"}},\"INDOOR\\/OUTDOOR\":{\"title\":\"INDOOR\\/OUTDOOR\",\"image\":\"https:\\/\\/media.lrhome.us\\/images\\/rugs_indoor_outdoor.jpg\",\"raw\":{\"Title\":\"INDOOR\\/OUTDOOR\",\"LinkTag\":\"Get_Collections\",\"LinkFilter\":\"{\\\"Filters\\\": [{\\\"FilterID\\\": \\\"Indoor_Outdoor\\\",\\\"Values\\\": [\\\"Indoor_Outdoor\\\"]}]}\",\"LinkPage\":\"Collections\",\"Image\":\"images\\/rugs_indoor_outdoor.jpg\"}},\"ACCENTS\":{\"title\":\"ACCENTS\",\"image\":\"https:\\/\\/media.lrhome.us\\/images\\/rugs_ascent.jpg\",\"raw\":{\"Title\":\"ACCENTS\",\"LinkTag\":\"Get_Designs\",\"LinkFilter\":\"{\\\"Filters\\\": [{\\\"FilterID\\\": \\\"ACCENTS\\\",\\\"Values\\\": [\\\"ACCENTS\\\"]}]}\",\"LinkPage\":\"Designs\",\"Image\":\"images\\/rugs_ascent.jpg\"}}}\";','2022-12-06 12:39:46','2022-12-06 12:39:46',NULL);
/*!40000 ALTER TABLE `api_content_management` ENABLE KEYS */;
UNLOCK TABLES;

--
-- Table structure for table `basic_settings`
--

DROP TABLE IF EXISTS `basic_settings`;
/*!40101 SET @saved_cs_client     = @@character_set_client */;
/*!50503 SET character_set_client = utf8mb4 */;
CREATE TABLE `basic_settings` (
  `id` bigint unsigned NOT NULL AUTO_INCREMENT,
  `theme_id` bigint DEFAULT NULL,
  `name` varchar(255) CHARACTER SET utf8mb4 COLLATE utf8mb4_unicode_ci DEFAULT NULL,
  `logo_light` varchar(255) CHARACTER SET utf8mb4 COLLATE utf8mb4_unicode_ci DEFAULT NULL,
  `logo_dark` varchar(255) CHARACTER SET utf8mb4 COLLATE utf8mb4_unicode_ci DEFAULT NULL,
  `contact` varchar(255) CHARACTER SET utf8mb4 COLLATE utf8mb4_unicode_ci DEFAULT NULL,
  `email` varchar(255) CHARACTER SET utf8mb4 COLLATE utf8mb4_unicode_ci DEFAULT NULL,
  `address` varchar(255) CHARACTER SET utf8mb4 COLLATE utf8mb4_unicode_ci DEFAULT NULL,
  `website` varchar(255) CHARACTER SET utf8mb4 COLLATE utf8mb4_unicode_ci DEFAULT NULL,
  `created_at` timestamp NULL DEFAULT NULL,
  `updated_at` timestamp NULL DEFAULT NULL,
  `deleted_at` timestamp NULL DEFAULT NULL,
  PRIMARY KEY (`id`)
) ENGINE=InnoDB AUTO_INCREMENT=3 DEFAULT CHARSET=utf8mb4 COLLATE=utf8mb4_unicode_ci;
/*!40101 SET character_set_client = @saved_cs_client */;

--
-- Dumping data for table `basic_settings`
--

LOCK TABLES `basic_settings` WRITE;
/*!40000 ALTER TABLE `basic_settings` DISABLE KEYS */;
INSERT INTO `basic_settings` VALUES (2,1,'LR Home','storage/RlJqyHAnCBrVDq5CGPLgfQsS3fQ4qi0DjEwdrhUf.png','storage/Gh36qvlXPylRqy1GR2oK9bx76OrPq0rsznpRzBov.png','(706)-259-0155','orderdesk@lrhome.us','3432 S Dug Gap Road, Dalton, GA 30720','http://uat.lrhome.us/','2021-12-12 19:33:04','2022-08-03 17:19:39',NULL);
/*!40000 ALTER TABLE `basic_settings` ENABLE KEYS */;
UNLOCK TABLES;

--
-- Table structure for table `carts`
--

DROP TABLE IF EXISTS `carts`;
/*!40101 SET @saved_cs_client     = @@character_set_client */;
/*!50503 SET character_set_client = utf8mb4 */;
CREATE TABLE `carts` (
  `id` bigint unsigned NOT NULL AUTO_INCREMENT,
  `user_id` int NOT NULL,
  `customer_id` varchar(255) CHARACTER SET utf8mb4 COLLATE utf8mb4_unicode_ci DEFAULT NULL,
  `item_id` varchar(255) CHARACTER SET utf8mb4 COLLATE utf8mb4_unicode_ci NOT NULL,
  `item_name` varchar(1000) CHARACTER SET utf8mb4 COLLATE utf8mb4_unicode_ci DEFAULT NULL,
  `item_quantity` int NOT NULL,
  `item_price` double DEFAULT NULL,
  `item_color` varchar(255) CHARACTER SET utf8mb4 COLLATE utf8mb4_unicode_ci DEFAULT NULL,
  `item_size` varchar(255) CHARACTER SET utf8mb4 COLLATE utf8mb4_unicode_ci DEFAULT NULL,
  `item_currency` varchar(45) CHARACTER SET utf8mb4 COLLATE utf8mb4_unicode_ci DEFAULT NULL,
  `discount_price` int DEFAULT NULL,
  `item_image` varchar(1000) CHARACTER SET utf8mb4 COLLATE utf8mb4_unicode_ci DEFAULT NULL,
  `item_eta` varchar(255) CHARACTER SET utf8mb4 COLLATE utf8mb4_unicode_ci DEFAULT NULL,
  `item_data` longtext CHARACTER SET utf8mb4 COLLATE utf8mb4_unicode_ci,
  `whsid` varchar(255) CHARACTER SET utf8mb4 COLLATE utf8mb4_unicode_ci DEFAULT NULL,
  `remarks` varchar(1000) CHARACTER SET utf8mb4 COLLATE utf8mb4_unicode_ci DEFAULT NULL,
  `created_at` timestamp NULL DEFAULT NULL,
  `updated_at` timestamp NULL DEFAULT NULL,
  `deleted_at` timestamp NULL DEFAULT NULL,
  PRIMARY KEY (`id`)
) ENGINE=InnoDB AUTO_INCREMENT=45 DEFAULT CHARSET=utf8mb4 COLLATE=utf8mb4_unicode_ci;
/*!40101 SET character_set_client = @saved_cs_client */;

--
-- Dumping data for table `carts`
--

LOCK TABLES `carts` WRITE;
/*!40000 ALTER TABLE `carts` DISABLE KEYS */;
INSERT INTO `carts` VALUES (1,19,'000005','NATUR03301GRN90C0','DESIGN: 03301',1,419,'Green','9\'0\" x 12\'0\"','$',NULL,'http://lrhome.us/images/Product/1595014686NATUR03301GRN80A0_HiRes.jpg','2023-01-30',NULL,NULL,NULL,'2022-08-03 18:28:22','2022-08-03 18:32:30','2022-08-03 18:32:30'),(2,19,'000032','BROSE21706BEI30RD','DESIGN: 21706',33,35,'Beige','3\'0\" Round','$',NULL,'http://lrhome.us/images/Product/1603100765BROSE21706BEI30RD_HiRes.jpg','2023-01-30',NULL,NULL,NULL,'2022-08-03 18:36:53','2022-08-03 18:58:17','2022-08-03 18:58:17'),(3,19,'000005','BROSE21706BEI233A','DESIGN: 21706',1,30,'Beige','2\'3\" x 3\'10\"','$',NULL,'http://lrhome.us/images/Product/1603100765BROSE21706BEI30RD_HiRes.jpg','2023-01-30',NULL,NULL,NULL,'2022-08-03 19:43:11','2022-08-03 19:44:44','2022-08-03 19:44:44'),(4,19,'000005','PILLO99494BLKIIPL','DESIGN: 99494',1,21,'Black','18\" x 18\"','$',NULL,'http://lrhome.us/images/Pillows/1611144020PILLO99494BLKIIPL_HiRes_1.jpg','2023-01-30',NULL,NULL,NULL,'2022-08-03 19:44:02','2022-08-03 19:44:37','2022-08-03 19:44:37'),(5,19,'000005','BROSE21706BEI233A','DESIGN: 21706',1,1,'Beige','2\'3\" x 3\'10\"','$',NULL,'http://lrhome.us/images/Product/1603100765BROSE21706BEI30RD_HiRes.jpg','2023-01-30',NULL,NULL,NULL,'2022-08-03 19:45:35','2022-08-03 19:45:42','2022-08-03 19:45:42'),(6,20,'000836','BROSE21706BEI233A','DESIGN: 21706',1,30,'Beige','2\'3\" x 3\'10\"','$',NULL,'http://lrhome.us/images/Product/1603100765BROSE21706BEI30RD_HiRes.jpg','2023-01-30',NULL,NULL,NULL,'2022-08-03 19:46:51','2022-08-03 19:58:52','2022-08-03 19:58:52'),(7,20,'000836','PILLO99494BLKIIPL','DESIGN: 99494',1,21,'Black','18\" x 18\"','$',NULL,'http://lrhome.us/images/Pillows/1611144020PILLO99494BLKIIPL_HiRes_1.jpg','2023-01-30',NULL,NULL,NULL,'2022-08-03 19:47:24','2022-08-03 19:58:52','2022-08-03 19:58:52'),(8,19,'000005','STOOL99783NBK1324','DESIGN: 99783',1,1,'Natural / Black','13\" x 13\" x 24\"','$',NULL,'http://lrhome.us/images/Stools/1597152938STOOL99783NBK1324_HiRes.jpg','2022-09-07',NULL,NULL,NULL,'2022-08-04 13:08:46','2022-08-04 13:14:13','2022-08-04 13:14:13'),(9,19,'000005','BROSE21706BEI233A','DESIGN: 21706',2,30,'Beige','2\'3\" x 3\'10\"','$',NULL,'http://lrhome.us/images/Product/1603100765BROSE21706BEI30RD_HiRes.jpg','2023-01-31',NULL,NULL,NULL,'2022-08-04 14:50:08','2022-08-04 14:50:43','2022-08-04 14:50:43'),(10,19,'000005','BROSE21706BEI233A','DESIGN: 21706',2,30,'Beige','2\'3\" x 3\'10\"','$',NULL,'http://lrhome.us/images/Product/1603100765BROSE21706BEI30RD_HiRes.jpg','2023-01-31',NULL,NULL,NULL,'2022-08-04 14:51:15','2022-08-04 16:00:01','2022-08-04 16:00:01'),(11,19,'000005','BROSE21706BEI233A','DESIGN: 21706',1,1,'Beige','2\'3\" x 3\'10\"','$',NULL,'http://lrhome.us/images/Product/1603100765BROSE21706BEI30RD_HiRes.jpg','2023-01-31',NULL,NULL,NULL,'2022-08-04 16:00:54','2022-08-04 16:30:46','2022-08-04 16:30:46'),(12,19,'000005','BROSE21706BEI30RD','DESIGN: 21706',6,35,'Beige','3\'0\" Round','$',NULL,'http://lrhome.us/images/Product/1603100765BROSE21706BEI30RD_HiRes.jpg','2023-01-31',NULL,NULL,NULL,'2022-08-04 16:31:52','2022-08-04 17:13:26','2022-08-04 17:13:26'),(13,19,'000005','COPAC81818MLT2030','DESIGN: 81818',1,15,'Multi','2\' X 3\'','$',NULL,'http://lrhome.us/images/Product/1632388131COPAC81818MLT_Alt_HiResMain.jpg','2023-01-31',NULL,NULL,NULL,'2022-08-04 17:13:56','2022-08-04 17:15:36','2022-08-04 17:15:36'),(14,19,'000005','COPAC81816TML2030','DESIGN: 81816',1,15,'Teal / Multi','2\' X 3\'','$',NULL,'http://lrhome.us/images/Product/1632388057COPAC81816TML_Alt_HiResMian.jpg','2022-08-14',NULL,NULL,NULL,'2022-08-04 17:16:04','2022-08-04 17:20:33','2022-08-04 17:20:33'),(15,19,'000005','COPAC81817MLT2030','DESIGN: 81817',1,15,'Multi','2\' X 3\'','$',NULL,'http://lrhome.us/images/Product/1632388100COPAC81817MLT_Alt_HiResMain.jpg','2023-01-31',NULL,NULL,NULL,'2022-08-04 17:16:14','2022-08-04 17:20:39','2022-08-04 17:20:39'),(16,19,'000005','COPAC81820ORG2030','DESIGN: 81820',1,15,'Orange','2\' X 3\'','$',NULL,'http://lrhome.us/images/Product/1632388198COPAC81820ORG_Alt_HiResMain.jpg','2023-01-31',NULL,NULL,NULL,'2022-08-04 17:26:42','2022-08-04 17:27:52','2022-08-04 17:27:52'),(17,19,'000005','COPAC81817MLT2030','DESIGN: 81817',1,15,'Multi','2\' X 3\'','$',NULL,'http://lrhome.us/images/Product/1632388100COPAC81817MLT_Alt_HiResMain.jpg','2023-01-31',NULL,NULL,NULL,'2022-08-04 17:28:20','2022-08-04 17:29:57','2022-08-04 17:29:57'),(18,19,'000005','COPAC81820ORG2030','DESIGN: 81820',1,15,'Orange','2\' X 3\'','$',NULL,'http://lrhome.us/images/Product/1632388198COPAC81820ORG_Alt_HiResMain.jpg','2023-01-31',NULL,NULL,NULL,'2022-08-04 17:28:39','2022-08-04 17:30:03','2022-08-04 17:30:03'),(19,19,'000005','SEADE81877AQT1A30','DESIGN: 81877',1,15,'Aqua / White','1\'10\" x 3\'0\"','$',NULL,'http://lrhome.us/images/Product/1601507169SEADE81877AQT5370_HiRes.jpg','2023-01-31',NULL,NULL,NULL,'2022-08-04 17:30:47','2022-08-04 17:33:22','2022-08-04 17:33:22'),(20,19,'000005','SEADE81875AWT1A30','DESIGN: 81875',1,15,'Azure / White','1\'10\" x 3\'0\"','$',NULL,'http://lrhome.us/images/Product/1601507018SEADE81875AWT5370_HiRes.jpg','2023-01-31',NULL,NULL,NULL,'2022-08-04 17:31:05','2022-08-04 17:33:30','2022-08-04 17:33:30'),(21,19,'000005','SEADE81878WAQ1A30','DESIGN: 81878',1,15,'White / Aqua','1\'10\" x 3\'0\"','$',NULL,'http://lrhome.us/images/Product/1601507134SEADE81878WAQ5370_HiRes.jpg','2023-01-31',NULL,NULL,NULL,'2022-08-04 17:31:20','2022-08-04 17:33:35','2022-08-04 17:33:35'),(22,19,'000005','SEADE81871AWT1A30','DESIGN: 81871',1,15,'Azure / White','1\'10\" x 3\'0\"','$',NULL,'http://lrhome.us/images/Product/1601506508SEADE81871AWT5370_HiRes.jpg','2022-08-19',NULL,NULL,NULL,'2022-08-04 17:31:31','2022-08-04 17:33:40','2022-08-04 17:33:40'),(23,19,'000005','ANTIQ81475CAB537A','DESIGN: 81475',2,79,'Cream / Beige','5\'3\" x 7\'10\"','$',NULL,'http://lrhome.us/images/Product/1616846940ANTIQ81475CAB537A_Web.jpg','2023-01-31',NULL,NULL,NULL,'2022-08-04 19:43:25','2022-08-04 20:05:32','2022-08-04 20:05:32'),(24,19,'000005','ANTIQ81475CAB537A','DESIGN: 81475',1,79,'Cream / Beige','5\'3\" x 7\'10\"','$',NULL,'http://lrhome.us/images/Product/1616846940ANTIQ81475CAB537A_Web.jpg','2023-01-31',NULL,NULL,NULL,'2022-08-04 20:06:17','2022-08-04 20:06:28','2022-08-04 20:06:28'),(25,19,'000005','ANTIQ81462BWE537A','DESIGN: 81462',1,79,'Brown / Beige','5\'3\" x 7\'10\"','$',NULL,'http://lrhome.us/images/Product/1616846616ANTIQ81462BWE537A_Web.jpg','2023-01-31',NULL,NULL,NULL,'2022-08-04 20:07:41','2022-08-04 20:10:09','2022-08-04 20:10:09'),(26,19,'000005','ANTIQ81463BWE537A','DESIGN: 81463',1,79,'Brown / Beige','5\'3\" x 7\'10\"','$',NULL,'http://lrhome.us/images/Product/1616846675ANTIQ81463BWE537A_Web.jpg','2023-01-31',NULL,NULL,NULL,'2022-08-04 20:08:01','2022-08-04 20:10:15','2022-08-04 20:10:15'),(27,19,'000005','BENCH99732GYW3B14','DESIGN: 99732',1,149,'Gray / White','47\" x 16\" x 18\"','$',NULL,'http://lrhome.us/images/Benches/1597078764BENCH99732GYW3B14_HiRes.jpg','2023-02-06',NULL,NULL,NULL,'2022-08-10 19:11:28','2022-08-10 19:25:18','2022-08-10 19:25:18'),(28,19,'001281','NATUR03337SPA7999','DESIGN: 03337',1,309,'Spa Blue','7\'9\" x 9\'9\"','$',NULL,'http://lrhome.us/images/Product/1606733432160612663306_topshot_2_03337SPA.jpg','2022-09-15',NULL,NULL,NULL,'2022-09-08 01:33:36','2022-09-08 01:35:42','2022-09-08 01:35:42'),(29,19,'001281','NATUR03337SPA7999','DESIGN: 03337',1,309,'Spa Blue','7\'9\" x 9\'9\"','$',NULL,'http://lrhome.us/images/Product/1606733432160612663306_topshot_2_03337SPA.jpg','2022-09-15',NULL,NULL,NULL,'2022-09-08 01:37:41','2022-11-16 12:20:49','2022-11-16 12:20:49'),(30,21,'B2BTES','IMAGI81524IVO2277','DESIGN: 81524',1,98,'Ivory','2\'2\" x 7\'7\"','$',NULL,'http://lrhome.us/images/Product/1634307948IMAGI81524IVO_96D0_HiRes.jpg','2023-04-09',NULL,NULL,NULL,'2022-10-11 13:03:45','2022-10-11 13:03:45',NULL),(31,19,'001271','ABBEY82075IVU3050','DESIGN: 82075',2,49,'Ivory Blue','3\' x 5\'','$',NULL,'http://lrhome.us/B2BImages/Full_Images/1651257218ABBEY-82075-IVORY-BLUE-TOP.jpg','2023-05-15',NULL,NULL,NULL,'2022-11-16 12:24:20','2022-11-16 14:52:53','2022-11-16 14:52:53'),(32,19,'000005','CHESH82127BEI5080','DESIGN: 82127',1,299,'Beige / Gray','5\' x 8\'','$',NULL,'http://lrhome.us/B2BImages/Full_Images/1651300753CHESHIRE-82127-BEIGE-GRAY-TOP.jpg','2023-05-16',NULL,NULL,NULL,'2022-11-17 13:38:02','2022-11-18 07:36:22','2022-11-18 07:36:22'),(33,19,'000005','CHESH82127BEI5080','DESIGN: 82127',1,299,'Beige / Gray','5\' x 8\'','$',NULL,'http://lrhome.us/B2BImages/Full_Images/1651300753CHESHIRE-82127-BEIGE-GRAY-TOP.jpg','2023-05-17',NULL,NULL,NULL,'2022-11-18 07:36:42','2022-11-18 07:43:15','2022-11-18 07:43:15'),(34,19,'000005','CHESH82127BEI5080','DESIGN: 82127',1,299,'Beige / Gray','5\' x 8\'','$',NULL,'http://lrhome.us/B2BImages/Full_Images/1651300753CHESHIRE-82127-BEIGE-GRAY-TOP.jpg','2023-05-17',NULL,NULL,NULL,'2022-11-18 07:43:30','2022-11-18 07:48:55','2022-11-18 07:48:55'),(35,19,'000005','CHESH82127BEI5080','DESIGN: 82127',1,299,'Beige / Gray','5\' x 8\'','$',NULL,'http://lrhome.us/B2BImages/Full_Images/1651300753CHESHIRE-82127-BEIGE-GRAY-TOP.jpg','2023-05-17',NULL,NULL,NULL,'2022-11-18 07:49:15','2022-11-18 07:57:20','2022-11-18 07:57:20'),(36,19,'000005','CHESH82127BEI5080','DESIGN: 82127',1,299,'Beige / Gray','5\' x 8\'','$',NULL,'http://lrhome.us/B2BImages/Full_Images/1651300753CHESHIRE-82127-BEIGE-GRAY-TOP.jpg','2023-05-17',NULL,NULL,NULL,'2022-11-18 07:57:39','2022-12-06 11:01:10','2022-12-06 11:01:10'),(37,19,'000005','PETMS20004MLT0903','DESIGN: 20004',6,20,'Multi','9\" x 9\" x 3\"','$',NULL,'http://lrhome.us/B2BImages/Full_Images/1601557830PETMS20004MLT0903_HiRes.jpg','2023-05-17',NULL,NULL,NULL,'2022-11-18 07:57:56','2022-12-06 11:01:16','2022-12-06 11:01:16'),(38,19,'001271','NATUR03368BKJ5079','DESIGN: 03367',1,223.5,'Jet Black','5\' x 7\'9\"','$',NULL,'https://media.lrhome.us/B2BImages/Full_Images/1598885118NATUR03368BKJ5079_HiRes.jpg','2023-06-12',NULL,NULL,NULL,'2022-12-14 10:15:43','2022-12-14 10:42:06','2022-12-14 10:42:06'),(39,19,'001271','NATUR03368BKJ7999','DESIGN: 03367',1,463.5,'Jet Black','7\'9\" X 9\'9\"','$',NULL,'https://media.lrhome.us/B2BImages/Full_Images/1598885118NATUR03368BKJ5079_HiRes.jpg','2023-06-12',NULL,NULL,NULL,'2022-12-14 10:15:49','2022-12-14 10:41:58','2022-12-14 10:41:58'),(40,26,'TESTCU','CLASS81209NAT3656','DESIGN: 81206',2,75,'Natural','3\'6\" x 5\'6\"','$',NULL,'https://media.lrhome.us/B2BImages/Full_Images/1594327860CLASS81209NAT3656_Web.jpg','2023-06-13',NULL,NULL,NULL,'2022-12-15 21:14:06','2022-12-15 21:16:00','2022-12-15 21:16:00'),(41,26,'TESTCU','CNSOL31070BRW5814','DESIGN: 02930',1,229,'Brown','68\" W x 15\" D x 30\" H','$',NULL,'https://media.lrhome.us/B2BImages/Full_Images/1642591798CNSOL31070BRW5814_HiRes_02.jpg','2023-06-13',NULL,NULL,NULL,'2022-12-15 21:14:22','2022-12-15 21:16:04','2022-12-15 21:16:04'),(42,26,'TESTCU','CNSOL31070BRW5814','DESIGN: 02930',4,229,'Brown','68\" W x 15\" D x 30\" H','$',NULL,'https://media.lrhome.us/B2BImages/Full_Images/1642591798CNSOL31070BRW5814_HiRes_02.jpg','2023-06-13',NULL,NULL,NULL,'2022-12-15 21:16:18','2022-12-15 21:16:48','2022-12-15 21:16:48'),(43,26,'TESTCU','BLEAC81432BKJ7999','DESIGN: 81432',1,309,'Jet Black','7\'9\" x 9\'9\"','$',NULL,'https://media.lrhome.us/B2BImages/Full_Images/1594323159BLEAC81432BKJ5079_Web.jpg','2023-06-13',NULL,NULL,NULL,'2022-12-15 21:20:51','2022-12-15 21:23:08','2022-12-15 21:23:08'),(44,24,'002836','NATUR03368BKJ5079','DESIGN: 03367',1,149,'Jet Black','5\' x 7\'9\"','$',NULL,'https://media.lrhome.us/B2BImages/Full_Images/1598885118NATUR03368BKJ5079_HiRes.jpg','2023-06-17',NULL,NULL,NULL,'2022-12-19 06:26:35','2022-12-19 06:27:13','2022-12-19 06:27:13');
/*!40000 ALTER TABLE `carts` ENABLE KEYS */;
UNLOCK TABLES;

--
-- Table structure for table `form_entries`
--

DROP TABLE IF EXISTS `form_entries`;
/*!40101 SET @saved_cs_client     = @@character_set_client */;
/*!50503 SET character_set_client = utf8mb4 */;
CREATE TABLE `form_entries` (
  `id` bigint unsigned NOT NULL AUTO_INCREMENT,
  `form_id` bigint unsigned DEFAULT NULL,
  `data` longtext CHARACTER SET utf8mb4 COLLATE utf8mb4_unicode_ci,
  `created_at` timestamp NULL DEFAULT NULL,
  `updated_at` timestamp NULL DEFAULT NULL,
  `deleted_at` timestamp NULL DEFAULT NULL,
  PRIMARY KEY (`id`)
) ENGINE=InnoDB AUTO_INCREMENT=24 DEFAULT CHARSET=utf8mb4 COLLATE=utf8mb4_unicode_ci;
/*!40101 SET character_set_client = @saved_cs_client */;

--
-- Dumping data for table `form_entries`
--

LOCK TABLES `form_entries` WRITE;
/*!40000 ALTER TABLE `form_entries` DISABLE KEYS */;
INSERT INTO `form_entries` VALUES (1,2,'{\"_token\":\"KWcPusgDIWw7vRCG8gnDNUdIkL4jWvouKOVQYPPM\",\"email\":\"admin@admin.com\"}','2022-05-09 03:05:50','2022-05-09 03:05:50',NULL),(2,2,'{\"_token\":\"jZ0bx7SO4f6nqc5mXzQLx6zXLjJ3hXZRTSfhKLVm\",\"email\":\"nothing@no.com\"}','2022-05-13 12:10:46','2022-05-13 12:10:46',NULL),(3,1,'{\"_token\":\"BsLjF58WihwKHGiGNSFmZVUYJRrsiOrieL0hqBTx\",\"name\":\"Shahid Iqbal Baig\",\"subject\":\"test\",\"email\":\"sibaig@gmail.com\",\"phone\":\"03214417888\",\"company\":\"www.b2c.com\",\"city\":\"Lahore\",\"state\":\"Punjab\",\"message\":\"This is a test\"}','2022-05-17 17:14:28','2022-05-17 17:14:28',NULL),(4,2,'{\"_token\":\"B0LbqKawAha6S8TSZWupx7RTCEKTmuE2unQD2s81\",\"email\":\"nothing@no.com.pk\"}','2022-08-03 17:46:00','2022-08-03 17:46:00',NULL),(5,3,'{\"_token\":\"ZYb9NVqdQjdIMoF3qnw4J26CMwVyaebkuLyfoPqA\",\"business_type\":\"E-commerce Only\",\"entity_type\":\"Proprietorship\",\"DUNS\":\"123456789\",\"company\":\"Owner Name\",\"business_email\":\"lrvivekp@gmail.com\",\"business_contact\":\"1234567890\",\"firstname\":\"Test\",\"reg-email\":\"Ref@email.com\",\"phone\":\"12121212\",\"acknowledgement_recipient_contact_name\":\"SO\",\"acknowledgement_recipient_email\":\"Ref@email.com\",\"acknowledgement_recipient_contact\":\"12121212\",\"accounts_payable_name\":\"ACC\",\"accounts_payable_email\":\"Ref@email.com\",\"accounts_payable_phone\":\"12121212\",\"sales_rep\":\"Sales Rep Name\",\"tax_id\":\"Tax\\/EIN\",\"dba_certificate\":\"dba certificate\",\"duns_certificate\":\"duns certificate\",\"billing_buisname\":\"Billing Name\",\"billing_dba\":\"DBA\",\"billing_address\":\"Add 1\",\"billing_address_two\":\"Add 2\",\"billing_cntry\":\"United States\",\"billing_state\":\"Georgia\",\"billing_city\":\"Acworth\",\"billing_zip\":\"22022\",\"billing_phone\":\"12121212\",\"billing_email\":\"Ref@email.com\",\"chk_sameshipping\":\"Yes\",\"shipping_buisname\":\"Billing Name\",\"shipping_dba\":\"DBA\",\"shipping_address\":\"Add 1\",\"shipping_address_two\":\"Add 2\",\"shipping_cntry\":\"United States\",\"shipping_state\":\"Georgia\",\"shipping_city\":\"Acworth\",\"shipping_zip\":\"22022\",\"shipping_phone\":\"12121212\",\"shipping_email\":\"Ref@email.com\",\"payment_method\":\"Payment on Terms\",\"bank_name\":\"Bank Am\",\"bank_type\":\"Checking\",\"bank_address\":\"Add 1\",\"bank_phone\":\"12121212\",\"bank_accnt_number\":\"Acc Cr Card no\",\"bank_routing_number\":\"routing numebr\",\"cdt_refname_one\":\"Ref 1\",\"cdt_refaddress_one\":\"Add 1\",\"cdt_refphne_one\":\"12121212\",\"cdt_refemail_one\":\"Ref@email.com\",\"cdt_refname_two\":\"Ref 2\",\"cdt_refaddress_two\":\"Add 1\",\"cdt_refphne_two\":\"12121212\",\"cdt_refemail_two\":\"Ref@email.com\",\"cdt_refname_three\":\"Ref 3\",\"cdt_refaddress_three\":\"Add 1\",\"cdt_refphne_three\":\"12121212\",\"cdt_refemail_three\":\"Ref@email.com\",\"cdt_billing_address\":\"Add 1\",\"cdt_billing_address_two\":\"Add 2\",\"cdt_cntry\":\"United States\",\"cdt_state\":\"Georgia\",\"cdt_phone\":\"12121212\",\"cdt_email\":\"Ref@email.com\",\"chk_terms\":\"form-name\",\"attachment\":\"storage\\/f2ZGugCbL1AGtu5cHOz2hoPQxZD4qNE67ZSrv9nM.jpg\"}','2022-08-05 16:09:21','2022-08-05 16:09:21',NULL),(6,2,'{\"_token\":\"BUF32UpcH7nHX8u07HZUqaC7MWeHNLQ6Or1PcjLx\",\"email\":\"admin@admin.com\"}','2022-08-05 18:14:19','2022-08-05 18:14:19',NULL),(7,2,'{\"_token\":\"BUF32UpcH7nHX8u07HZUqaC7MWeHNLQ6Or1PcjLx\",\"email\":\"admin@gmail.com\"}','2022-08-05 18:17:02','2022-08-05 18:17:02',NULL),(8,2,'{\"_token\":\"IDNAL5NeXfkcWfNNfPOblLCmrtv2iwnv6w59U8wa\",\"email\":\"afzal@ashtexsolutions.com\"}','2022-08-05 18:19:33','2022-08-05 18:19:33',NULL),(9,2,'{\"_token\":\"BUF32UpcH7nHX8u07HZUqaC7MWeHNLQ6Or1PcjLx\",\"email\":\"admin@gmail.com\"}','2022-08-05 18:24:20','2022-08-05 18:24:20',NULL),(10,2,'{\"_token\":\"IDNAL5NeXfkcWfNNfPOblLCmrtv2iwnv6w59U8wa\",\"email\":\"test@test.com\"}','2022-08-05 18:24:29','2022-08-05 18:24:29',NULL),(11,2,'{\"_token\":\"BUF32UpcH7nHX8u07HZUqaC7MWeHNLQ6Or1PcjLx\",\"email\":\"admin@gmail.com\"}','2022-08-05 18:25:49','2022-08-05 18:25:49',NULL),(12,2,'{\"_token\":\"BUF32UpcH7nHX8u07HZUqaC7MWeHNLQ6Or1PcjLx\",\"email\":\"admin@gmail.com\"}','2022-08-05 18:27:01','2022-08-05 18:27:01',NULL),(13,2,'{\"_token\":\"BUF32UpcH7nHX8u07HZUqaC7MWeHNLQ6Or1PcjLx\",\"email\":\"admin@gmail.com\"}','2022-08-05 18:28:47','2022-08-05 18:28:47',NULL),(14,2,'{\"_token\":\"BUF32UpcH7nHX8u07HZUqaC7MWeHNLQ6Or1PcjLx\",\"email\":\"admin@gmail.com\"}','2022-08-05 18:29:54','2022-08-05 18:29:54',NULL),(15,2,'{\"_token\":\"BUF32UpcH7nHX8u07HZUqaC7MWeHNLQ6Or1PcjLx\",\"email\":\"admin@gmail.com\"}','2022-08-05 18:30:37','2022-08-05 18:30:37',NULL),(16,2,'{\"_token\":\"BUF32UpcH7nHX8u07HZUqaC7MWeHNLQ6Or1PcjLx\",\"email\":\"admin@gmail.com\"}','2022-08-05 18:32:17','2022-08-05 18:32:17',NULL),(17,2,'{\"_token\":\"BUF32UpcH7nHX8u07HZUqaC7MWeHNLQ6Or1PcjLx\",\"email\":\"admin@gmail.com\"}','2022-08-05 18:36:11','2022-08-05 18:36:11',NULL),(18,2,'{\"_token\":\"BUF32UpcH7nHX8u07HZUqaC7MWeHNLQ6Or1PcjLx\",\"email\":\"admin@admin.com\"}','2022-08-05 18:37:58','2022-08-05 18:37:58',NULL),(19,2,'{\"_token\":\"IDNAL5NeXfkcWfNNfPOblLCmrtv2iwnv6w59U8wa\",\"email\":\"test1@test.com\"}','2022-08-05 18:39:24','2022-08-05 18:39:24',NULL),(20,3,'{\"_token\":\"IDNAL5NeXfkcWfNNfPOblLCmrtv2iwnv6w59U8wa\",\"business_type\":\"E-commerce Only\",\"entity_type\":\"Limited Partnership\",\"DUNS\":\"test\",\"company\":\"Patterson Mathis Associates\",\"business_email\":\"test@mailinator.com\",\"business_contact\":\"Ullam ut autem perfe\",\"firstname\":\"Tad\",\"reg-email\":\"fijojijufe@mailinator.com\",\"phone\":\"+1 (948) 324-6653\",\"acknowledgement_recipient_contact_name\":\"Keelie Garner\",\"acknowledgement_recipient_email\":\"soxixigu@mailinator.com\",\"acknowledgement_recipient_contact\":\"Minim sequi quas ad\",\"accounts_payable_name\":\"Maile Henry\",\"accounts_payable_email\":\"muwumosivo@mailinator.com\",\"accounts_payable_phone\":\"+1 (401) 693-5024\",\"sales_rep\":\"Rerum et ut neque qu\",\"tax_id\":\"Quia id commodi dolo\",\"dba_certificate\":\"dba certificate\",\"duns_certificate\":\"duns certificate\",\"billing_buisname\":\"Magee Crawford\",\"billing_dba\":\"Architecto aliquid v\",\"billing_address\":\"Saepe qui iure nesci\",\"billing_address_two\":\"Voluptatum qui quibu\",\"billing_cntry\":\"United States\",\"billing_state\":\"Mississippi\",\"billing_city\":\"Ashland\",\"billing_zip\":\"25914\",\"billing_phone\":\"+1 (972) 276-2777\",\"billing_email\":\"miqowamep@mailinator.com\",\"shipping_buisname\":\"Lacey Dyer\",\"shipping_dba\":\"Voluptatem Fuga Co\",\"shipping_address\":\"Deserunt ea aspernat\",\"shipping_address_two\":\"Ut eum labore quas n\",\"shipping_cntry\":\"United States\",\"shipping_state\":\"California\",\"shipping_city\":\"Agua Dulce\",\"shipping_zip\":\"82244\",\"shipping_phone\":\"+1 (791) 207-8669\",\"shipping_email\":\"xasaryn@mailinator.com\",\"payment_method\":\"Payment By Card\",\"bank_name\":\"Paki Harrington\",\"bank_type\":\"Saving\",\"bank_address\":\"Adipisci officia adi\",\"bank_phone\":\"+1 (999) 287-8252\",\"bank_accnt_number\":\"207\",\"bank_routing_number\":\"routing numebr\",\"cdt_refname_one\":\"Erich Durham\",\"cdt_refaddress_one\":\"Rerum eligendi corru\",\"cdt_refphne_one\":\"Iure tempor ut sit a\",\"cdt_refemail_one\":\"syguseryj@mailinator.com\",\"cdt_refname_two\":\"Shelby Sosa\",\"cdt_refaddress_two\":\"Natus qui fugiat cum\",\"cdt_refphne_two\":\"Est nisi doloremque\",\"cdt_refemail_two\":\"sexatary@mailinator.com\",\"cdt_refname_three\":\"Leo Kent\",\"cdt_refaddress_three\":\"Est eos ratione iur\",\"cdt_refphne_three\":\"Proident voluptatem\",\"cdt_refemail_three\":\"fuqahuxe@mailinator.com\",\"cdt_billing_address\":\"Error consequatur vo\",\"cdt_billing_address_two\":\"Voluptas architecto\",\"cdt_cntry\":\"United States\",\"cdt_state\":\"Nevada\",\"cdt_phone\":\"+1 (581) 824-7661\",\"cdt_email\":\"qarecotopu@mailinator.com\",\"chk_terms\":\"form-name\",\"attachment\":\"storage\\/0P72xrCxC072JBJRhrxFc35XOlhz5M2THlCrRJ0P.jpg\"}','2022-08-05 18:43:03','2022-08-05 18:43:03',NULL),(21,1,'{\"_token\":\"IDNAL5NeXfkcWfNNfPOblLCmrtv2iwnv6w59U8wa\",\"name\":\"Jade Cervantes\",\"subject\":\"Harum nisi optio ex\",\"email\":\"labalyj@mailinator.com\",\"phone\":\"22\",\"company\":\"Gilmore and Gaines Plc\",\"city\":\"Laudantium asperior\",\"state\":\"Non in ut dicta eaqu\",\"message\":\"testing. testing. testing. testing. testing. testing. testing. testing.\"}','2022-08-05 18:44:28','2022-08-05 18:44:28',NULL),(22,2,'{\"_token\":\"GWRWDVGxrLVUWuLYpZfRQVex5sQwsHRaE6f8t2My\",\"email\":\"testing.demo.as@gmail.com\"}','2022-11-16 11:13:19','2022-11-16 11:13:19',NULL),(23,2,'{\"_token\":\"GWRWDVGxrLVUWuLYpZfRQVex5sQwsHRaE6f8t2My\",\"email\":\"testing.demo.as@gmail.com\"}','2022-11-16 11:31:24','2022-11-16 11:31:24',NULL);
/*!40000 ALTER TABLE `form_entries` ENABLE KEYS */;
UNLOCK TABLES;

--
-- Table structure for table `forms`
--

DROP TABLE IF EXISTS `forms`;
/*!40101 SET @saved_cs_client     = @@character_set_client */;
/*!50503 SET character_set_client = utf8mb4 */;
CREATE TABLE `forms` (
  `id` bigint unsigned NOT NULL AUTO_INCREMENT,
  `theme_id` int NOT NULL,
  `name` varchar(1000) CHARACTER SET utf8mb4 COLLATE utf8mb4_unicode_ci NOT NULL,
  `slug` varchar(1000) CHARACTER SET utf8mb4 COLLATE utf8mb4_unicode_ci DEFAULT NULL,
  `metas` longtext CHARACTER SET utf8mb4 COLLATE utf8mb4_unicode_ci,
  `is_active` int DEFAULT '1',
  `created_at` timestamp NULL DEFAULT NULL,
  `updated_at` timestamp NULL DEFAULT NULL,
  `deleted_at` timestamp NULL DEFAULT NULL,
  PRIMARY KEY (`id`)
) ENGINE=InnoDB AUTO_INCREMENT=4 DEFAULT CHARSET=utf8mb4 COLLATE=utf8mb4_unicode_ci;
/*!40101 SET character_set_client = @saved_cs_client */;

--
-- Dumping data for table `forms`
--

LOCK TABLES `forms` WRITE;
/*!40000 ALTER TABLE `forms` DISABLE KEYS */;
INSERT INTO `forms` VALUES (1,1,'Contact Us','contact_us','a:8:{s:8:\"fullname\";s:4:\"text\";s:7:\"subject\";s:4:\"text\";s:5:\"email\";s:4:\"text\";s:7:\"company\";s:4:\"text\";s:5:\"phone\";s:6:\"number\";s:4:\"city\";s:4:\"text\";s:5:\"state\";s:4:\"text\";s:7:\"inquiry\";s:4:\"para\";}',1,'2022-05-09 02:00:52','2022-05-09 02:00:52',NULL),(2,1,'Newsletter','newsletter','a:1:{s:5:\"email\";s:4:\"text\";}',1,'2022-05-09 02:00:52','2022-05-09 02:00:52',NULL),(3,1,'Partner Requests','partner_requests','a:0:{}',1,'2022-06-17 06:29:19','2022-06-17 06:29:19',NULL);
/*!40000 ALTER TABLE `forms` ENABLE KEYS */;
UNLOCK TABLES;

--
-- Table structure for table `jobs`
--

DROP TABLE IF EXISTS `jobs`;
/*!40101 SET @saved_cs_client     = @@character_set_client */;
/*!50503 SET character_set_client = utf8mb4 */;
CREATE TABLE `jobs` (
  `id` bigint unsigned NOT NULL AUTO_INCREMENT,
  `queue` varchar(255) CHARACTER SET utf8mb4 COLLATE utf8mb4_unicode_ci NOT NULL,
  `payload` longtext CHARACTER SET utf8mb4 COLLATE utf8mb4_unicode_ci NOT NULL,
  `attempts` tinyint unsigned NOT NULL,
  `reserved_at` int unsigned DEFAULT NULL,
  `available_at` int unsigned NOT NULL,
  `created_at` int unsigned NOT NULL,
  PRIMARY KEY (`id`),
  KEY `jobs_queue_index` (`queue`(191))
) ENGINE=InnoDB DEFAULT CHARSET=utf8mb4 COLLATE=utf8mb4_unicode_ci;
/*!40101 SET character_set_client = @saved_cs_client */;

--
-- Dumping data for table `jobs`
--

LOCK TABLES `jobs` WRITE;
/*!40000 ALTER TABLE `jobs` DISABLE KEYS */;
/*!40000 ALTER TABLE `jobs` ENABLE KEYS */;
UNLOCK TABLES;

--
-- Table structure for table `menu_metas`
--

DROP TABLE IF EXISTS `menu_metas`;
/*!40101 SET @saved_cs_client     = @@character_set_client */;
/*!50503 SET character_set_client = utf8mb4 */;
CREATE TABLE `menu_metas` (
  `id` bigint unsigned NOT NULL AUTO_INCREMENT,
  `menu_id` bigint unsigned DEFAULT NULL,
  `meta_key` varchar(255) CHARACTER SET utf8mb4 COLLATE utf8mb4_unicode_ci DEFAULT NULL,
  `meta_title` varchar(1000) CHARACTER SET utf8mb4 COLLATE utf8mb4_unicode_ci DEFAULT NULL,
  `meta_url` varchar(255) CHARACTER SET utf8mb4 COLLATE utf8mb4_unicode_ci DEFAULT NULL,
  `meta_image` varchar(1000) CHARACTER SET utf8mb4 COLLATE utf8mb4_unicode_ci DEFAULT NULL,
  `meta_parent_key` varchar(255) CHARACTER SET utf8mb4 COLLATE utf8mb4_unicode_ci DEFAULT NULL,
  `is_active` int NOT NULL DEFAULT '1',
  `created_at` timestamp NULL DEFAULT NULL,
  `updated_at` timestamp NULL DEFAULT NULL,
  `deleted_at` timestamp NULL DEFAULT NULL,
  PRIMARY KEY (`id`)
) ENGINE=InnoDB AUTO_INCREMENT=1037 DEFAULT CHARSET=utf8mb4 COLLATE=utf8mb4_unicode_ci;
/*!40101 SET character_set_client = @saved_cs_client */;

--
-- Dumping data for table `menu_metas`
--

LOCK TABLES `menu_metas` WRITE;
/*!40000 ALTER TABLE `menu_metas` DISABLE KEYS */;
INSERT INTO `menu_metas` VALUES (404,1,'rugs','Rugs','http://uat.lrhome.us/favourites/1','https://vcs-images.botguys.ai/RizzyHome_B2BImages/Images/Full_Img/home-image-1.jpg',NULL,1,NULL,NULL,NULL),(405,1,'pillows','Pillows','http://uat.lrhome.us/favourites/2','https://vcs-images.botguys.ai/RizzyHome_B2BImages/Images/Full_Img/home-image-2.jpg',NULL,1,NULL,NULL,NULL),(406,1,'bedding','Bedding','http://uat.lrhome.us/favourites/3','https://vcs-images.botguys.ai/RizzyHome_B2BImages/Images/Full_Img/home-image-3.jpg',NULL,1,NULL,NULL,NULL),(407,1,'throws','Throws','http://uat.lrhome.us/favourites/8','https://vcs-images.botguys.ai/RizzyHome_B2BImages/Images/Full_Img/HomePage_CategoryImage_Throws.jpg',NULL,1,NULL,NULL,NULL),(408,2,'new_additions','New Additions','http://uat.lrhome.us/filters/NewArrivals',NULL,NULL,1,NULL,NULL,NULL),(409,2,'catalog','Catalogue','javascript:void(0);',NULL,NULL,1,NULL,NULL,NULL),(410,2,'become_a_dealer','Become A Dealer','http://uat.lrhome.us/register/',NULL,NULL,1,NULL,NULL,NULL),(411,2,'e_catalogue_rugs','E-Catalogue Rugs','https://online.flippingbook.com/view/83369/',NULL,'catalog',1,NULL,NULL,NULL),(412,2,'e_catalogue_textile','E-Catalogue Textile','https://online.flippingbook.com/view/140475/',NULL,'catalog',1,NULL,NULL,NULL),(413,2,'supplement','2021 Supplement','https://online.flippingbook.com/view/338052495/',NULL,'catalog',1,NULL,NULL,NULL),(414,3,'rugs','Rugs','http://uat.lrhome.us/favourites/1',NULL,NULL,1,NULL,NULL,NULL),(415,3,'bedding','Bedding','http://uat.lrhome.us/favourites/3',NULL,NULL,1,NULL,NULL,NULL),(416,3,'pillows','Pillows','http://uat.lrhome.us/favourites/2',NULL,NULL,1,NULL,NULL,NULL),(417,3,'throws','Throws','http://uat.lrhome.us/favourites/8',NULL,NULL,1,NULL,NULL,NULL),(418,4,'new_additions','New Arrivals','http://uat.lrhome.us/filters/NewArrivals',NULL,NULL,1,NULL,NULL,NULL),(419,4,'top_sellers','Top Sellers','http://uat.lrhome.us/filters/TopSellers',NULL,NULL,1,NULL,NULL,NULL),(420,4,'special_buys','Special Buys','http://uat.lrhome.us/filters/SpecialBuys',NULL,NULL,1,NULL,NULL,NULL),(421,4,'my_account','My Account','http://uat.lrhome.us/dashboard/dashboard',NULL,NULL,1,NULL,NULL,NULL),(422,4,'register','Register','http://uat.lrhome.us/register/',NULL,NULL,1,NULL,NULL,NULL),(423,5,'about_us','About Us','http://uat.lrhome.us/static/aboutus',NULL,NULL,1,NULL,NULL,NULL),(424,5,'contact_us','Contact Us','http://uat.lrhome.us/forms/contactus',NULL,NULL,1,NULL,NULL,NULL),(425,5,'show_rooms','Showrooms','http://uat.lrhome.us/static/showrooms',NULL,NULL,1,NULL,NULL,NULL),(426,5,'become_dealer','Become A Dealer','http://uat.lrhome.us/register/',NULL,NULL,1,NULL,NULL,NULL),(427,5,'careers','Careers','http://uat.lrhome.us/forms/careers',NULL,NULL,1,NULL,NULL,NULL),(428,5,'login_help','Login Help','http://uat.lrhome.us/static/login-help/',NULL,NULL,1,NULL,NULL,NULL),(429,5,'faq','FAQ','http://uat.lrhome.us/static/faqs',NULL,NULL,1,NULL,NULL,NULL),(430,5,'feedback','Feedback','http://uat.lrhome.us/forms/feedback',NULL,NULL,1,NULL,NULL,NULL),(497,14,'our_story','OUR STORY','http://uat.lrhome.us/static/ourstory','https://lrhome.us/media/images/our-story.jpg',NULL,1,NULL,NULL,NULL),(498,14,'our_purpose','OUR PURPOSE','http://uat.lrhome.us/static/ourpurpose','https://lrhome.us/media/images/our-poups.jpg',NULL,1,NULL,NULL,NULL),(499,15,'become_partner','Become A Partner','http://uat.lrhome.us/register',NULL,NULL,1,NULL,NULL,NULL),(500,15,'our_story','Our Story','http://uat.lrhome.us/static/ourstory',NULL,NULL,1,NULL,NULL,NULL),(501,15,'our_purpose','Our Purpose','http://uat.lrhome.us/static/ourpurpose',NULL,NULL,1,NULL,NULL,NULL),(680,20,'pet_bowls','PET BOWLS','http://uat.lrhome.us/designs/Pillows%20&%20Decor/eyJGaWx0ZXJzIjogW3siRmlsdGVySUQiOiAiUGV0X0Jvd2xzIiwiVmFsdWVzIjogWyJQZXRfQm93bHMiXX1dfQ==/0',NULL,NULL,1,NULL,NULL,NULL),(681,20,'pet_beds','PET BEDS','http://uat.lrhome.us/designs/Pillows%20&%20Decor/eyJGaWx0ZXJzIjogW3siRmlsdGVySUQiOiAiUGV0X0JlZHMiLCJWYWx1ZXMiOiBbIlBldF9CZWRzIl19XX0=/0',NULL,NULL,1,NULL,NULL,NULL),(682,18,'contact_us','Contact Us','http://uat.lrhome.us/static/contactus#contact-us',NULL,NULL,1,NULL,NULL,NULL),(683,18,'customer_service','Customer Service','http://uat.lrhome.us/static/contactus#Service',NULL,NULL,1,NULL,NULL,NULL),(684,18,'showroom_markets','Showrooms & Markets','http://uat.lrhome.us/static/contactus',NULL,NULL,1,NULL,NULL,NULL),(700,9,'shop_pillows','SHOP PILLOWS','http://uat.lrhome.us/designs/Pillows & Decor/eyJGaWx0ZXJzIjogW3siRmlsdGVySUQiOiAiUElMTE9XUyIsIlZhbHVlcyI6IFsiUElMTE9XUyJdfV19/0','https://lrhome.us/media/images/pillows.jpg',NULL,1,NULL,NULL,NULL),(701,9,'shop_throws','SHOP THROWS','http://uat.lrhome.us/designs/Pillows & Decor/eyJGaWx0ZXJzIjogW3siRmlsdGVySUQiOiAiVGhyb3dzIiwiVmFsdWVzIjogWyJUaHJvd3MiXX1dfQ==/0','https://lrhome.us/media/images/Throws.jpg',NULL,1,NULL,NULL,NULL),(729,17,'catalog_2021','Catalog 2021','https://lrhome.us/catalog-2021/index.html',NULL,NULL,1,NULL,NULL,NULL),(730,17,'winter-catalog','Winter Catalog 2021','https://lrhome.us/winter-catalogue/index.html',NULL,NULL,1,NULL,NULL,NULL),(803,13,'rugs','SHOP RUGS','http://uat.lrhome.us/collections/Rugs/Collections/eyJGaWx0ZXJzIjogW3siRmlsdGVySUQiOiAiSW5kb29yX091dGRvb3IiLCJWYWx1ZXMiOiBbIkluZG9vcl9PdXRkb29yIl19XX0=','https://lrhome.us/media/images/outdoor-rug.jpg',NULL,1,NULL,NULL,NULL),(804,13,'pillow','SHOP PILLOWS','http://uat.lrhome.us/designs/Pillows%20&%20Decor/eyJGaWx0ZXJzIjogW3siRmlsdGVySUQiOiAiUElMTE9XUyIsIlZhbHVlcyI6IFsiUElMTE9XUyJdfSx7IkZpbHRlcklEIjogIkluZG9vcl9PdXRkb29yIiwiVmFsdWVzIjogWyJJbmRvb3JfT3V0ZG9vciJdfV19/0','https://lrhome.us/media/images/outdoor-pillow.jpg',NULL,1,NULL,NULL,NULL),(805,13,'poufs','SHOP POUFS','http://uat.lrhome.us/designs/Pillows%20&%20Decor/eyJGaWx0ZXJzIjogW3siRmlsdGVySUQiOiAiUE9VRlMiLCJWYWx1ZXMiOiBbIlBPVUZTIl19LHsiRmlsdGVySUQiOiAiSW5kb29yX091dGRvb3IiLCJWYWx1ZXMiOiBbIkluZG9vcl9PdXRkb29yIl19XX0=/0','https://lrhome.us/media/images/outdoor-poofs.jpg',NULL,1,NULL,NULL,NULL),(806,11,'chairs','CHAIRS','http://uat.lrhome.us/designs/Furniture/eyJGaWx0ZXJzIjogW3siRmlsdGVySUQiOiAiQ2hhaXJzIiwiVmFsdWVzIjogWyJDaGFpcnMiXX1dfQ==/0','https://lrhome.us/media/images/coffee-table.jpg',NULL,1,NULL,NULL,NULL),(807,11,'benches','BENCHES','http://uat.lrhome.us/designs/Furniture/eyJGaWx0ZXJzIjogW3siRmlsdGVySUQiOiAiQkVOQ0hFUyIsIlZhbHVlcyI6IFsiQkVOQ0hFUyJdfV19/0','https://lrhome.us/media/images/side-table.jpg',NULL,1,NULL,NULL,NULL),(812,16,'rugs','Rugs','http://uat.lrhome.us/favourites/Rugs',NULL,NULL,1,NULL,NULL,NULL),(813,16,'pillows_decor','Pillows & Decor','http://uat.lrhome.us/favourites/Pillows%20&%20Decor',NULL,NULL,1,NULL,NULL,NULL),(814,16,'furniture','Furniture','http://uat.lrhome.us/favourites/Furniture',NULL,NULL,1,NULL,NULL,NULL),(815,16,'outdoor','Outdoor','http://uat.lrhome.us/designs/Rugs/eyJGaWx0ZXJzIjogW3siRmlsdGVySUQiOiAiSW5kb29yX091dGRvb3IiLCJWYWx1ZXMiOiBbIkluZG9vcl9PdXRkb29yIl19XX0=/0',NULL,NULL,1,NULL,NULL,NULL),(816,16,'Indoor','Indoor','http://uat.lrhome.us/designs/Rugs/eyJGaWx0ZXJzIjogW3siRmlsdGVySUQiOiAiSW5kb29yX091dGRvb3IiLCJWYWx1ZXMiOiBbIkluZG9vcl9PdXRkb29yIl19XX0=/0',NULL,NULL,1,NULL,NULL,NULL),(931,10,'chairs','ACCENT CHAIRS','http://uat.lrhome.us/designs/Furniture/eyJGaWx0ZXJzIjogW3siRmlsdGVySUQiOiAiQ2hhaXJzIiwiVmFsdWVzIjogWyJDaGFpcnMiXX1dfQ==/0',NULL,NULL,1,NULL,NULL,NULL),(932,10,'benches','ACCENT BENCHES','http://uat.lrhome.us/designs/Furniture/eyJGaWx0ZXJzIjogW3siRmlsdGVySUQiOiAiQkVOQ0hFUyIsIlZhbHVlcyI6IFsiQkVOQ0hFUyJdfV19/0',NULL,NULL,1,NULL,NULL,NULL),(933,10,'cabinets','CABINETS','http://uat.lrhome.us/designs/Furniture/eyJGaWx0ZXJzIjogW3siRmlsdGVySUQiOiAiQ2FiaW5ldHMiLCJWYWx1ZXMiOiBbIkNhYmluZXRzIl19XX0=/0',NULL,NULL,1,NULL,NULL,NULL),(934,10,'coffee_tables','COFFEE TABLES','http://uat.lrhome.us/designs/Furniture/eyJGaWx0ZXJzIjogW3siRmlsdGVySUQiOiAiY29mZmVlX3RhYmxlcyIsIlZhbHVlcyI6IFsiY29mZmVlX3RhYmxlcyJdfV19/0',NULL,NULL,1,NULL,NULL,NULL),(935,10,'consoles','CONSOLES','http://uat.lrhome.us/designs/Furniture/eyJGaWx0ZXJzIjogW3siRmlsdGVySUQiOiAiQ29uc29sZXMiLCJWYWx1ZXMiOiBbIkNvbnNvbGVzIl19XX0=/0',NULL,NULL,1,NULL,NULL,NULL),(936,10,'side_tables','SIDE TABLES','http://uat.lrhome.us/designs/Furniture/eyJGaWx0ZXJzIjogW3siRmlsdGVySUQiOiAiU2lkZV9UYWJsZXMiLCJWYWx1ZXMiOiBbIlNpZGVfVGFibGVzIl19XX0=/0',NULL,NULL,1,NULL,NULL,NULL),(937,10,'side boards','SIDE BOARDS','http://uat.lrhome.us/designs/Furniture/eyJGaWx0ZXJzIjogW3siRmlsdGVySUQiOiAic2lkZWJvYXJkcyIsIlZhbHVlcyI6IFsic2lkZWJvYXJkcyJdfV19/0',NULL,NULL,1,NULL,NULL,NULL),(938,10,'stools_ottoman','STOOLS & OTTOMAN','http://uat.lrhome.us/designs/Furniture/eyJGaWx0ZXJzIjogW3siRmlsdGVySUQiOiAic3Rvb2xzX290dG9tYW4iLCJWYWx1ZXMiOiBbInN0b29sc19vdHRvbWFuIl19XX0=/0',NULL,NULL,1,NULL,NULL,NULL),(939,10,'Bar_Table','BAR TABLE','http://uat.lrhome.us/designs/Furniture/eyJGaWx0ZXJzIjogW3siRmlsdGVySUQiOiAiQmFyX1RhYmxlIiwiVmFsdWVzIjogWyJCYXJfVGFibGUiXX1dfQ==/0',NULL,NULL,1,NULL,NULL,NULL),(940,10,'Counter_Table','COUNTER TABLE','http://uat.lrhome.us/designs/Furniture/eyJGaWx0ZXJzIjogW3siRmlsdGVySUQiOiAiQ291bnRlcl9UYWJsZSIsIlZhbHVlcyI6IFsiQ291bnRlcl9UYWJsZSJdfV19/0',NULL,NULL,1,NULL,NULL,NULL),(981,21,'dining_tables','DINING TABLES','http://uat.lrhome.us/designs/Furniture/eyJGaWx0ZXJzIjogW3siRmlsdGVySUQiOiAiRGluaW5nX1RhYmxlcyIsIlZhbHVlcyI6IFsiRGluaW5nX1RhYmxlcyJdfV19/0',NULL,NULL,1,NULL,NULL,NULL),(982,21,'dining_benches','DINING BENCHES','http://uat.lrhome.us/designs/Furniture/eyJGaWx0ZXJzIjogW3siRmlsdGVySUQiOiAiRGluaW5nX0JlbmNoZXMiLCJWYWx1ZXMiOiBbIkRpbmluZ19CZW5jaGVzIl19XX0=/0',NULL,NULL,1,NULL,NULL,NULL),(983,21,'dining_chairs','DINING CHAIRS','http://uat.lrhome.us/designs/Furniture/eyJGaWx0ZXJzIjogW3siRmlsdGVySUQiOiAiRGluaW5nX0NoYWlycyIsIlZhbHVlcyI6IFsiRGluaW5nX0NoYWlycyJdfV19/0',NULL,NULL,1,NULL,NULL,NULL),(984,21,'Discontinued','DISCONTINUED','http://uat.lrhome.us/designs/Furniture/eyJGaWx0ZXJzIjogW3siRmlsdGVySUQiOiAiRGlzY29udGludWVkIiwiVmFsdWVzIjogWyJEaXNjb250aW51ZWQiXX1dfQ==/0',NULL,NULL,1,NULL,NULL,NULL),(985,12,'rugs','RUGS','http://uat.lrhome.us/collections/Rugs/Collections/eyJGaWx0ZXJzIjogW3siRmlsdGVySUQiOiAiSW5kb29yX091dGRvb3IiLCJWYWx1ZXMiOiBbIkluZG9vcl9PdXRkb29yIl19XX0=',NULL,NULL,1,NULL,NULL,NULL),(986,12,'pillows','PILLOWS','http://uat.lrhome.us/designs/Pillows%20&%20Decor/eyJGaWx0ZXJzIjogW3siRmlsdGVySUQiOiAiUElMTE9XUyIsIlZhbHVlcyI6IFsiUElMTE9XUyJdfSx7IkZpbHRlcklEIjogIkluZG9vcl9PdXRkb29yIiwiVmFsdWVzIjogWyJJbmRvb3JfT3V0ZG9vciJdfV19/0',NULL,NULL,1,NULL,NULL,NULL),(987,12,'poufs','POUFS','http://uat.lrhome.us/designs/Pillows%20&%20Decor/eyJGaWx0ZXJzIjogW3siRmlsdGVySUQiOiAiUE9VRlMiLCJWYWx1ZXMiOiBbIlBPVUZTIl19LHsiRmlsdGVySUQiOiAiSW5kb29yX091dGRvb3IiLCJWYWx1ZXMiOiBbIkluZG9vcl9PdXRkb29yIl19XX0=/0',NULL,NULL,1,NULL,NULL,NULL),(988,12,'baskets','BASKETS','http://uat.lrhome.us/designs/Pillows%20&%20Decor/eyJGaWx0ZXJzIjogW3siRmlsdGVySUQiOiAiQmFza2V0cyIsIlZhbHVlcyI6IFsiQmFza2V0cyJdfSx7IkZpbHRlcklEIjogIkluZG9vcl9PdXRkb29yIiwiVmFsdWVzIjogWyJJbmRvb3JfT3V0ZG9vciJdfV19/0',NULL,NULL,1,NULL,NULL,NULL),(989,12,'Discontinued_outdoor','DISCONTINUED','http://uat.lrhome.us/designs/Pillows%20&%20Decor/eyJGaWx0ZXJzIjogW3siRmlsdGVySUQiOiAiRGlzY29udGludWVkIiwiVmFsdWVzIjogWyJEaXNjb250aW51ZWQiXX1dfQ==/0',NULL,NULL,1,NULL,NULL,NULL),(1013,8,'pillows','PILLOWS','http://uat.lrhome.us/designs/Pillows & Decor/eyJGaWx0ZXJzIjogW3siRmlsdGVySUQiOiAiUElMTE9XUyIsIlZhbHVlcyI6IFsiUElMTE9XUyJdfV19/0',NULL,NULL,1,NULL,NULL,NULL),(1014,8,'poufs','POUFS','http://uat.lrhome.us/designs/Pillows & Decor/eyJGaWx0ZXJzIjogW3siRmlsdGVySUQiOiAiUE9VRlMiLCJWYWx1ZXMiOiBbIlBPVUZTIl19XX0=/0',NULL,NULL,1,NULL,NULL,NULL),(1015,8,'throws','THROWS','http://uat.lrhome.us/designs/Pillows & Decor/eyJGaWx0ZXJzIjogW3siRmlsdGVySUQiOiAiVGhyb3dzIiwiVmFsdWVzIjogWyJUaHJvd3MiXX1dfQ==/0',NULL,NULL,1,NULL,NULL,NULL),(1016,8,'baskets','BASKETS','http://uat.lrhome.us/designs/Pillows & Decor/eyJGaWx0ZXJzIjogW3siRmlsdGVySUQiOiAiQmFza2V0cyIsIlZhbHVlcyI6IFsiQmFza2V0cyJdfV19/0',NULL,NULL,1,NULL,NULL,NULL),(1017,8,'chair_pads','CHAIR PADS','http://uat.lrhome.us/designs/Pillows & Decor/eyJGaWx0ZXJzIjogW3siRmlsdGVySUQiOiAiQ2hhaXJfUGFkcyIsIlZhbHVlcyI6IFsiQ2hhaXJfUGFkcyJdfV19/0',NULL,NULL,1,NULL,NULL,NULL),(1018,8,'table_tops','TABLE TOPS','http://uat.lrhome.us/designs/Pillows & Decor/eyJGaWx0ZXJzIjogW3siRmlsdGVySUQiOiAiVEFCTEVfVE9QUyIsIlZhbHVlcyI6IFsiVEFCTEVfVE9QUyJdfV19/0',NULL,NULL,1,NULL,NULL,NULL),(1019,8,'coverlets','COVERLETS','http://uat.lrhome.us/designs/Pillows & Decor/eyJGaWx0ZXJzIjogW3siRmlsdGVySUQiOiAiQ09WRVJMRVRTIiwiVmFsdWVzIjogWyJDT1ZFUkxFVFMiXX1dfQ==/0',NULL,NULL,1,NULL,NULL,NULL),(1020,8,'wall_hangings','WALL HANGINGS','http://uat.lrhome.us/designs/Pillows & Decor/eyJGaWx0ZXJzIjogW3siRmlsdGVySUQiOiAiV2FsbF9IYW5naW5ncyIsIlZhbHVlcyI6IFsiV2FsbF9IYW5naW5ncyJdfV19/0',NULL,NULL,1,NULL,NULL,NULL),(1021,8,'Discontinued_Home Decor','DISCONTINUED','http://uat.lrhome.us/designs/Pillows%20&%20Decor/eyJGaWx0ZXJzIjogW3siRmlsdGVySUQiOiAiRGlzY29udGludWVkIiwiVmFsdWVzIjogWyJEaXNjb250aW51ZWQiXX1dfQ==/0',NULL,NULL,1,NULL,NULL,NULL),(1028,6,'new_arrivals','NEW ADDITIONS','http://uat.lrhome.us/collections/Rugs/Collections/eyJGaWx0ZXJzIjogW3siRmlsdGVySUQiOiAiTmV3X0Fycml2YWxzIiwiVmFsdWVzIjogWyJOZXdfQXJyaXZhbHMiXX1dfQ==',NULL,NULL,1,NULL,NULL,NULL),(1029,6,'view_collections','VIEW COLLECTIONS','http://uat.lrhome.us/collections/Rugs/Collections/eyJGaWx0ZXJzIjogW3siRmlsdGVySUQiOiAiIiwiVmFsdWVzIjogWyIiXX1dfQ==',NULL,NULL,1,NULL,NULL,NULL),(1030,6,'naturals','NATURALS','http://uat.lrhome.us/collections/Rugs/Collections/eyJGaWx0ZXJzIjogW3siRmlsdGVySUQiOiAiTkFUVVJBTFMiLCJWYWx1ZXMiOiBbIk5BVFVSQUxTIl19XX0=',NULL,NULL,1,NULL,NULL,NULL),(1031,6,'indoor_outdoor','INDOOR/OUTDOOR','http://uat.lrhome.us/collections/Rugs/Collections/eyJGaWx0ZXJzIjogW3siRmlsdGVySUQiOiAiSW5kb29yX091dGRvb3IiLCJWYWx1ZXMiOiBbIkluZG9vcl9PdXRkb29yIl19XX0=',NULL,NULL,1,NULL,NULL,NULL),(1032,6,'Discontinued','DISCONTINUED','http://uat.lrhome.us/designs/Rugs/eyJGaWx0ZXJzIjogW3siRmlsdGVySUQiOiAiRGlzY29udGludWVkIiwiVmFsdWVzIjogWyJEaXNjb250aW51ZWQiXX1dfQ==/0',NULL,NULL,1,NULL,NULL,NULL),(1033,6,'construction','MACHINE MADE','https://uat.lrhome.us/collections/Rugs/Collections/eyJGaWx0ZXJzIjogW3siRmlsdGVySUQiOiAiQ29uc3RydWN0aW9uIiwiVmFsdWVzIjogWyJNYWNoaW5lLU1hZGUiXX1dfQ==',NULL,NULL,1,NULL,NULL,NULL),(1034,7,'naturals','SHOP NATURALS','http://uat.lrhome.us/collections/Rugs/Collections/eyJGaWx0ZXJzIjogW3siRmlsdGVySUQiOiAiTkFUVVJBTFMiLCJWYWx1ZXMiOiBbIk5BVFVSQUxTIl19XX0=','https://lrhome.us/media/images/NATURALS.jpg',NULL,1,NULL,NULL,NULL),(1035,7,'construction','SHOP MACHINE MADE','https://uat.lrhome.us/collections/Rugs/Collections/eyJGaWx0ZXJzIjogW3siRmlsdGVySUQiOiAiQ29uc3RydWN0aW9uIiwiVmFsdWVzIjogWyJNYWNoaW5lLU1hZGUiXX1dfQ==','https://lrhome.us/media/images/MACHINE-MADE.jpg',NULL,1,NULL,NULL,NULL),(1036,7,'indoor_outdoor','SHOP INDOOR/OUTDOOR','http://uat.lrhome.us/collections/Rugs/Collections/eyJGaWx0ZXJzIjogW3siRmlsdGVySUQiOiAiSW5kb29yX091dGRvb3IiLCJWYWx1ZXMiOiBbIkluZG9vcl9PdXRkb29yIl19XX0=','https://lrhome.us/media/images/INDOOROU-DOOR.jpg',NULL,1,NULL,NULL,NULL);
/*!40000 ALTER TABLE `menu_metas` ENABLE KEYS */;
UNLOCK TABLES;

--
-- Table structure for table `menus`
--

DROP TABLE IF EXISTS `menus`;
/*!40101 SET @saved_cs_client     = @@character_set_client */;
/*!50503 SET character_set_client = utf8mb4 */;
CREATE TABLE `menus` (
  `id` bigint unsigned NOT NULL AUTO_INCREMENT,
  `theme_id` bigint DEFAULT NULL,
  `name` varchar(1000) CHARACTER SET utf8mb4 COLLATE utf8mb4_unicode_ci NOT NULL,
  `slug` varchar(1000) CHARACTER SET utf8mb4 COLLATE utf8mb4_unicode_ci DEFAULT NULL,
  `view_all` int DEFAULT NULL,
  `view_all_type` varchar(1000) CHARACTER SET utf8mb4 COLLATE utf8mb4_unicode_ci DEFAULT NULL,
  `is_active` int DEFAULT '1',
  `created_at` timestamp NULL DEFAULT NULL,
  `updated_at` timestamp NULL DEFAULT NULL,
  `deleted_at` timestamp NULL DEFAULT NULL,
  PRIMARY KEY (`id`)
) ENGINE=InnoDB AUTO_INCREMENT=22 DEFAULT CHARSET=utf8mb4 COLLATE=utf8mb4_unicode_ci;
/*!40101 SET character_set_client = @saved_cs_client */;

--
-- Dumping data for table `menus`
--

LOCK TABLES `menus` WRITE;
/*!40000 ALTER TABLE `menus` DISABLE KEYS */;
INSERT INTO `menus` VALUES (1,2,'PRODUCT','mega_header',NULL,NULL,1,'2021-12-12 19:27:42','2021-12-21 07:05:02',NULL),(2,2,'Main Top Header','main_header',NULL,NULL,1,'2021-12-12 19:27:42','2021-12-21 07:06:14',NULL),(3,2,'Products','first_footer',NULL,NULL,1,'2021-12-12 19:27:42','2021-12-21 07:07:50',NULL),(4,2,'Quick Services','second_footer',NULL,NULL,1,'2021-12-12 19:27:42','2021-12-21 07:08:39',NULL),(5,2,'Company Info','third_footer',NULL,NULL,1,'2021-12-12 19:27:42','2021-12-21 07:09:23',NULL),(6,1,'RUGS','rug_header',NULL,NULL,1,'2021-12-12 19:33:05','2022-11-30 13:14:00',NULL),(7,1,'RUGS IMAGES','rug_shop_header',NULL,NULL,1,'2021-12-12 19:33:05','2022-12-01 05:28:39',NULL),(8,1,'HOME DECOR','pillow_header',NULL,NULL,1,'2021-12-12 19:33:05','2022-11-30 06:59:57',NULL),(9,1,'PILLOW IMAGES','pillow_shop_header',NULL,NULL,1,'2021-12-12 19:33:05','2022-03-22 13:15:26',NULL),(10,1,'LIVING ROOM','furniture_header',NULL,NULL,1,'2021-12-12 19:33:05','2022-10-10 20:58:27',NULL),(11,1,'FURNITURE IMAGES','furniture_shop_header',NULL,NULL,1,'2021-12-12 19:33:05','2022-08-30 23:40:17',NULL),(12,1,'OUTDOOR','outdoor_header',NULL,NULL,1,'2021-12-12 19:33:05','2022-10-13 13:01:20',NULL),(13,1,'OUTDOOR IMAGES','outdoor_shop_header',NULL,NULL,1,'2021-12-12 19:33:05','2022-08-30 23:38:54',NULL),(14,1,'ABOUT US IMAGES','aboutus_header',NULL,NULL,1,'2021-12-12 19:33:05','2021-12-31 23:05:46',NULL),(15,1,'ABOUT US','first_footer',NULL,NULL,1,'2021-12-12 19:33:05','2021-12-31 23:06:35',NULL),(16,1,'PRODUCT CATEGORY','second_footer',NULL,NULL,1,'2021-12-12 19:33:05','2022-10-07 03:31:47',NULL),(17,1,'RESOURCES','third_footer',NULL,NULL,1,'2021-12-12 19:33:05','2022-05-24 22:51:52',NULL),(18,1,'CONTACT US','fourth_footer',NULL,NULL,1,'2021-12-12 19:33:05','2022-03-18 08:35:24',NULL),(20,1,'PETS','pet_header',NULL,NULL,1,'2021-12-31 22:47:22','2022-03-08 11:02:59',NULL),(21,1,'DINING ROOM','dining_header',NULL,NULL,1,'2021-12-31 22:47:22','2022-10-13 12:59:50',NULL);
/*!40000 ALTER TABLE `menus` ENABLE KEYS */;
UNLOCK TABLES;

--
-- Table structure for table `migrations`
--

DROP TABLE IF EXISTS `migrations`;
/*!40101 SET @saved_cs_client     = @@character_set_client */;
/*!50503 SET character_set_client = utf8mb4 */;
CREATE TABLE `migrations` (
  `id` int unsigned NOT NULL AUTO_INCREMENT,
  `migration` varchar(255) CHARACTER SET utf8mb4 COLLATE utf8mb4_unicode_ci NOT NULL,
  `batch` int NOT NULL,
  PRIMARY KEY (`id`)
) ENGINE=InnoDB DEFAULT CHARSET=utf8mb4 COLLATE=utf8mb4_unicode_ci;
/*!40101 SET character_set_client = @saved_cs_client */;

--
-- Dumping data for table `migrations`
--

LOCK TABLES `migrations` WRITE;
/*!40000 ALTER TABLE `migrations` DISABLE KEYS */;
/*!40000 ALTER TABLE `migrations` ENABLE KEYS */;
UNLOCK TABLES;

--
-- Table structure for table `order_payments`
--

DROP TABLE IF EXISTS `order_payments`;
/*!40101 SET @saved_cs_client     = @@character_set_client */;
/*!50503 SET character_set_client = utf8mb4 */;
CREATE TABLE `order_payments` (
  `id` int NOT NULL AUTO_INCREMENT,
  `user_id` int NOT NULL,
  `hash` tinytext CHARACTER SET utf8mb4 COLLATE utf8mb4_unicode_ci NOT NULL,
  `order_data` longtext CHARACTER SET utf8mb4 COLLATE utf8mb4_unicode_ci NOT NULL,
  `order_response` longtext CHARACTER SET utf8mb4 COLLATE utf8mb4_unicode_ci,
  `payment_response` longtext CHARACTER SET utf8mb4 COLLATE utf8mb4_unicode_ci,
  `order_status` varchar(255) CHARACTER SET utf8mb4 COLLATE utf8mb4_unicode_ci NOT NULL,
  `payment_status` varchar(255) CHARACTER SET utf8mb4 COLLATE utf8mb4_unicode_ci DEFAULT NULL,
  `created_at` datetime NOT NULL DEFAULT CURRENT_TIMESTAMP,
  `updated_at` datetime NOT NULL ON UPDATE CURRENT_TIMESTAMP,
  `deleted_at` datetime DEFAULT NULL,
  PRIMARY KEY (`id`)
) ENGINE=InnoDB AUTO_INCREMENT=3 DEFAULT CHARSET=utf8mb4 COLLATE=utf8mb4_unicode_ci;
/*!40101 SET character_set_client = @saved_cs_client */;

--
-- Dumping data for table `order_payments`
--

LOCK TABLES `order_payments` WRITE;
/*!40000 ALTER TABLE `order_payments` DISABLE KEYS */;
INSERT INTO `order_payments` VALUES (1,20,'836574e5e0db9da486143571a22af101','a:2:{i:0;a:23:{s:10:\"CustomerID\";s:6:\"000836\";s:9:\"FirstName\";s:12:\"THE RUG RACK\";s:8:\"LastName\";N;s:5:\"Email\";s:19:\"info@therugrack.com\";s:8:\"Address1\";s:16:\"1936 CENTRAL AVE\";s:8:\"Address2\";N;s:4:\"City\";s:11:\"CHATTANOOGA\";s:5:\"State\";s:2:\"TN\";s:3:\"Zip\";s:5:\"37408\";s:11:\"ShipViaCode\";s:4:\"BEST\";s:9:\"OrderDate\";s:10:\"2022-08-03\";s:11:\"AddressType\";s:10:\"COMMERCIAL\";s:7:\"Country\";s:3:\"USA\";s:10:\"ShipToCode\";s:6:\"000000\";s:12:\"ShippingCost\";s:1:\"0\";s:11:\"PaymentTerm\";s:2:\"14\";s:10:\"CustomerPO\";s:9:\"test-po01\";s:12:\"Instructions\";s:37:\"please do not process this test order\";s:8:\"ShipDate\";s:10:\"2022-08-03\";s:12:\"DeliveryTime\";s:8:\"00:00:00\";s:16:\"IsAdvancePayment\";b:0;s:19:\"AdvancePaymentAmout\";i:0;s:15:\"TransactionCode\";s:0:\"\";}i:1;a:2:{i:0;a:4:{s:6:\"ItemID\";s:17:\"BROSE21706BEI233A\";s:8:\"OrderQty\";s:1:\"1\";s:9:\"UnitPrice\";s:5:\"30.00\";s:7:\"MarkFor\";s:0:\"\";}i:1;a:4:{s:6:\"ItemID\";s:17:\"PILLO99494BLKIIPL\";s:8:\"OrderQty\";s:1:\"1\";s:9:\"UnitPrice\";s:5:\"21.00\";s:7:\"MarkFor\";s:0:\"\";}}}','{\"Success\":true,\"Message\":\"Sales Order [2488285] has been created successfully.\",\"ErrorDetail\":[],\"ObjectID\":\"2488285\"}','{\"payment\":{\"success\":true,\"response_code\":101,\"status_message\":\"Your transaction was successfully approved.\",\"transaction_id\":474835795,\"approval_code\":\"TAS789\",\"approval_message\":\"  NO  MATCH - Partial approval for the authorized amount returned in Group III version 022\",\"avs_response\":\"No Match\",\"csc_response\":\"Match\",\"discretionary_data\":{\"PARTIALAMOUNT\":\"41.00\"},\"external_transaction_id\":\"\",\"masked_card_number\":\"xxxx xxxx xxxx 5439\"},\"client\":{\"msg\":\"Customer Already Exists\"},\"settlement\":{\"success\":true,\"response_code\":112,\"status_message\":\"Your transaction was successfully captured.\",\"transaction_id\":474835795,\"external_transaction_id\":\"\"}}','DONE','DONE','2022-08-03 12:58:48','2022-08-03 12:58:52',NULL),(2,19,'3bfc464a051041b1c1e149ac92b8d68e','a:2:{i:0;a:22:{s:10:\"CustomerID\";s:6:\"000005\";s:9:\"FirstName\";s:19:\"AAA Flooring Center\";s:8:\"LastName\";N;s:5:\"Email\";s:18:\"aaa01@cableone.net\";s:8:\"Address1\";s:10:\"Terry Kemp\";s:8:\"Address2\";s:11:\"825 Snow St\";s:4:\"City\";s:6:\"Oxford\";s:5:\"State\";s:2:\"AL\";s:3:\"Zip\";s:5:\"36203\";s:11:\"ShipViaCode\";s:4:\"BEST\";s:9:\"OrderDate\";s:10:\"2022-08-10\";s:11:\"AddressType\";s:10:\"COMMERCIAL\";s:7:\"Country\";s:3:\"USA\";s:10:\"ShipToCode\";s:6:\"000000\";s:12:\"ShippingCost\";s:1:\"0\";s:11:\"PaymentTerm\";s:1:\"1\";s:10:\"CustomerPO\";s:4:\"Jhhh\";s:8:\"ShipDate\";s:10:\"2022-08-10\";s:12:\"DeliveryTime\";s:8:\"00:00:00\";s:16:\"IsAdvancePayment\";b:0;s:19:\"AdvancePaymentAmout\";i:0;s:15:\"TransactionCode\";s:0:\"\";}i:1;a:1:{i:0;a:4:{s:6:\"ItemID\";s:17:\"BENCH99732GYW3B14\";s:8:\"OrderQty\";s:1:\"1\";s:9:\"UnitPrice\";s:6:\"149.00\";s:7:\"MarkFor\";s:0:\"\";}}}','{\"Success\":true,\"Message\":\"Sales Order [2490068] has been created successfully.\",\"ErrorDetail\":[],\"ObjectID\":\"2490068\"}','{\"payment\":{\"success\":true,\"response_code\":101,\"status_message\":\"Your transaction was successfully approved.\",\"transaction_id\":476059113,\"approval_code\":\"TAS207\",\"approval_message\":\"  NO  MATCH - Approved and completed\",\"avs_response\":\"No Match\",\"csc_response\":\"\",\"external_transaction_id\":\"\"},\"client\":{\"msg\":\"Customer Already Exists\"},\"settlement\":{\"success\":true,\"response_code\":112,\"status_message\":\"Your transaction was successfully captured.\",\"transaction_id\":476059113,\"external_transaction_id\":\"\"}}','DONE','DONE','2022-08-10 12:23:52','2022-08-10 12:25:18',NULL);
/*!40000 ALTER TABLE `order_payments` ENABLE KEYS */;
UNLOCK TABLES;

--
-- Table structure for table `pages`
--

DROP TABLE IF EXISTS `pages`;
/*!40101 SET @saved_cs_client     = @@character_set_client */;
/*!50503 SET character_set_client = utf8mb4 */;
CREATE TABLE `pages` (
  `id` bigint unsigned NOT NULL AUTO_INCREMENT,
  `theme_id` bigint DEFAULT NULL,
  `name` varchar(255) CHARACTER SET utf8mb4 COLLATE utf8mb4_unicode_ci NOT NULL,
  `slug` varchar(255) CHARACTER SET utf8mb4 COLLATE utf8mb4_unicode_ci NOT NULL,
  `is_active` tinyint(1) NOT NULL DEFAULT '1',
  `created_at` timestamp NULL DEFAULT NULL,
  `updated_at` timestamp NULL DEFAULT NULL,
  `deleted_at` timestamp NULL DEFAULT NULL,
  PRIMARY KEY (`id`)
) ENGINE=InnoDB AUTO_INCREMENT=7 DEFAULT CHARSET=utf8mb4 COLLATE=utf8mb4_unicode_ci;
/*!40101 SET character_set_client = @saved_cs_client */;

--
-- Dumping data for table `pages`
--

LOCK TABLES `pages` WRITE;
/*!40000 ALTER TABLE `pages` DISABLE KEYS */;
INSERT INTO `pages` VALUES (1,2,'Home','home',1,'2021-12-12 19:27:42','2021-12-12 19:27:42',NULL),(2,1,'Home','home',1,'2021-12-12 19:33:04','2021-12-12 19:33:04',NULL),(3,2,'All Pages Common','all_pages',1,'2021-12-31 22:09:33','2021-12-31 22:09:33',NULL),(4,1,'All Pages Common','all_pages',1,'2021-12-31 22:11:22','2021-12-31 22:11:22',NULL),(5,1,'About Us','about_us',1,'2022-05-09 02:00:52','2022-05-09 02:00:52',NULL),(6,1,'Documents','documents',1,'2022-05-10 19:36:45','2022-05-10 19:36:45',NULL);
/*!40000 ALTER TABLE `pages` ENABLE KEYS */;
UNLOCK TABLES;

--
-- Table structure for table `password_resets`
--

DROP TABLE IF EXISTS `password_resets`;
/*!40101 SET @saved_cs_client     = @@character_set_client */;
/*!50503 SET character_set_client = utf8mb4 */;
CREATE TABLE `password_resets` (
  `id` bigint NOT NULL AUTO_INCREMENT,
  `email` varchar(255) CHARACTER SET utf8mb4 COLLATE utf8mb4_unicode_ci NOT NULL,
  `token` varchar(255) CHARACTER SET utf8mb4 COLLATE utf8mb4_unicode_ci NOT NULL,
  `created_at` timestamp NOT NULL DEFAULT CURRENT_TIMESTAMP,
  PRIMARY KEY (`id`)
) ENGINE=InnoDB AUTO_INCREMENT=6 DEFAULT CHARSET=utf8mb4 COLLATE=utf8mb4_0900_ai_ci;
/*!40101 SET character_set_client = @saved_cs_client */;

--
-- Dumping data for table `password_resets`
--

LOCK TABLES `password_resets` WRITE;
/*!40000 ALTER TABLE `password_resets` DISABLE KEYS */;
INSERT INTO `password_resets` VALUES (1,'testing.demo.as@gmail.com','rmizFxkRNAtwLn6GST7pmzomuMjBppcEVCs2ZJiztGEiHoE5Wzhh73R87eXRNU5k','2022-10-14 21:37:54'),(2,'testing.demo.as@gmail.com','zH4kJ1kr1Qf7KhlCvo7EEtepvPVcTZAlYn3TxrWcraW3E9erjHURBTrm4C9fUoBQ','2022-10-17 17:34:53'),(3,'testing.demo.as@gmail.com','qus7mAq3AV5l29NVib7aClKmzY6aF3yfOZWsV68VQxCeLenBP12XiWf0cN8pN9uk','2022-11-16 11:44:21');
/*!40000 ALTER TABLE `password_resets` ENABLE KEYS */;
UNLOCK TABLES;

--
-- Table structure for table `section_metas`
--

DROP TABLE IF EXISTS `section_metas`;
/*!40101 SET @saved_cs_client     = @@character_set_client */;
/*!50503 SET character_set_client = utf8mb4 */;
CREATE TABLE `section_metas` (
  `id` bigint unsigned NOT NULL AUTO_INCREMENT,
  `section_id` bigint unsigned NOT NULL,
  `meta_key` varchar(255) CHARACTER SET utf8mb4 COLLATE utf8mb4_unicode_ci NOT NULL,
  `meta_value` mediumtext CHARACTER SET utf8mb4 COLLATE utf8mb4_unicode_ci,
  `created_at` timestamp NULL DEFAULT NULL,
  `updated_at` timestamp NULL DEFAULT NULL,
  `deleted_at` timestamp NULL DEFAULT NULL,
  PRIMARY KEY (`id`),
  KEY `section_meta_section_id_foreign` (`section_id`)
) ENGINE=InnoDB AUTO_INCREMENT=1276 DEFAULT CHARSET=utf8mb4 COLLATE=utf8mb4_unicode_ci;
/*!40101 SET character_set_client = @saved_cs_client */;

--
-- Dumping data for table `section_metas`
--

LOCK TABLES `section_metas` WRITE;
/*!40000 ALTER TABLE `section_metas` DISABLE KEYS */;
INSERT INTO `section_metas` VALUES (260,5,'title_top','About','2021-12-13 08:09:10','2021-12-13 08:09:10',NULL),(261,5,'title_bottom','Rizzy Home','2021-12-13 08:09:10','2021-12-13 08:09:10',NULL),(262,5,'description','The direct result of collaboration between two entrepreneurial brothers, Rizzy Home is the combined effort of Rizwan and Shamsu Ansari. Originally started as Rizzy Rugs and Home Texco, Rizzy Home now offers an extensive assortment of rugs.','2021-12-13 08:09:10','2021-12-13 08:09:10',NULL),(263,5,'video','https://www.youtube.com/embed/dgWzTvRhBkU','2021-12-13 08:09:10','2021-12-13 08:09:10',NULL),(782,2,'caption','Follow our blog for the latest trends, home tips, and touching stories from Textile Talker, Teresa','2021-12-21 07:11:50','2021-12-21 07:11:50',NULL),(783,2,'button_title','FIND OUT MORE','2021-12-21 07:11:50','2021-12-21 07:11:50',NULL),(784,2,'button_url','http://uat.lrhome.us/filters/NewArrivals','2021-12-21 07:11:50','2021-12-21 07:11:50',NULL),(785,2,'image','https://rizzyhome.botguys.ai/images/lets.jpg','2021-12-21 07:11:50','2021-12-21 07:11:50',NULL),(786,3,'caption',NULL,'2021-12-21 07:12:20','2021-12-21 07:12:20',NULL),(787,3,'prod_1_title','Rugs','2021-12-21 07:12:21','2021-12-21 07:12:21',NULL),(788,3,'prod_1_caption',NULL,'2021-12-21 07:12:21','2021-12-21 07:12:21',NULL),(789,3,'prod_1_image','https://vcs-images.botguys.ai/RizzyHome_B2BImages/Images/Full_Img/home-image-1.jpg','2021-12-21 07:12:21','2021-12-21 07:12:21',NULL),(790,3,'prod_1_url','http://uat.lrhome.us/favourites/1','2021-12-21 07:12:21','2021-12-21 07:12:21',NULL),(791,3,'prod_2_title','Pillows','2021-12-21 07:12:21','2021-12-21 07:12:21',NULL),(792,3,'prod_2_caption',NULL,'2021-12-21 07:12:21','2021-12-21 07:12:21',NULL),(793,3,'prod_2_image','https://vcs-images.botguys.ai/RizzyHome_B2BImages/Images/Full_Img/home-image-2.jpg','2021-12-21 07:12:21','2021-12-21 07:12:21',NULL),(794,3,'prod_2_url','http://uat.lrhome.us/favourites/2','2021-12-21 07:12:21','2021-12-21 07:12:21',NULL),(795,3,'prod_3_title','Bedding','2021-12-21 07:12:21','2021-12-21 07:12:21',NULL),(796,3,'prod_3_caption',NULL,'2021-12-21 07:12:21','2021-12-21 07:12:21',NULL),(797,3,'prod_3_image','https://vcs-images.botguys.ai/RizzyHome_B2BImages/Images/Full_Img/home-image-3.jpg','2021-12-21 07:12:21','2021-12-21 07:12:21',NULL),(798,3,'prod_3_url','http://uat.lrhome.us/favourites/3','2021-12-21 07:12:21','2021-12-21 07:12:21',NULL),(799,3,'prod_4_title','Throws','2021-12-21 07:12:21','2021-12-21 07:12:21',NULL),(800,3,'prod_4_caption',NULL,'2021-12-21 07:12:21','2021-12-21 07:12:21',NULL),(801,3,'prod_4_image','https://vcs-images.botguys.ai/RizzyHome_B2BImages/Images/Full_Img/HomePage_CategoryImage_Throws.jpg','2021-12-21 07:12:21','2021-12-21 07:12:21',NULL),(802,3,'prod_4_url','http://uat.lrhome.us/favourites/8','2021-12-21 07:12:21','2021-12-21 07:12:21',NULL),(806,4,'caption','We make rugs for the thoughtfully layered home. For spaces designed with intention. For people that know a good rug doesn’t just tie the room together—it sets the home apart.','2021-12-21 07:12:36','2021-12-21 07:12:36',NULL),(807,4,'button_text','LEARN MORE ABOUT US','2021-12-21 07:12:36','2021-12-21 07:12:36',NULL),(808,4,'button_url','http://uat.lrhome.us/static/aboutus','2021-12-21 07:12:36','2021-12-21 07:12:36',NULL),(809,6,'image_1_title',NULL,'2021-12-21 07:12:56','2021-12-21 07:12:56',NULL),(810,6,'image_1_caption',NULL,'2021-12-21 07:12:56','2021-12-21 07:12:56',NULL),(811,6,'image_1_image','http://rizzyhome.botguys.ai/images/social/social2.jpg','2021-12-21 07:12:56','2021-12-21 07:12:56',NULL),(812,6,'image_1_url',NULL,'2021-12-21 07:12:56','2021-12-21 07:12:56',NULL),(813,6,'image_2_title',NULL,'2021-12-21 07:12:56','2021-12-21 07:12:56',NULL),(814,6,'image_2_caption',NULL,'2021-12-21 07:12:56','2021-12-21 07:12:56',NULL),(815,6,'image_2_image','http://rizzyhome.botguys.ai/images/social/social2.jpg','2021-12-21 07:12:56','2021-12-21 07:12:56',NULL),(816,6,'image_2_url',NULL,'2021-12-21 07:12:56','2021-12-21 07:12:56',NULL),(817,6,'image_3_title',NULL,'2021-12-21 07:12:56','2021-12-21 07:12:56',NULL),(818,6,'image_3_caption',NULL,'2021-12-21 07:12:56','2021-12-21 07:12:56',NULL),(819,6,'image_3_image','http://rizzyhome.botguys.ai/images/social/social2.jpg','2021-12-21 07:12:56','2021-12-21 07:12:56',NULL),(820,6,'image_3_url',NULL,'2021-12-21 07:12:56','2021-12-21 07:12:56',NULL),(821,6,'image_4_title',NULL,'2021-12-21 07:12:56','2021-12-21 07:12:56',NULL),(822,6,'image_4_caption',NULL,'2021-12-21 07:12:56','2021-12-21 07:12:56',NULL),(823,6,'image_4_image','http://rizzyhome.botguys.ai/images/social/social2.jpg','2021-12-21 07:12:56','2021-12-21 07:12:56',NULL),(824,6,'image_4_url',NULL,'2021-12-21 07:12:56','2021-12-21 07:12:56',NULL),(825,6,'image_5_title',NULL,'2021-12-21 07:12:56','2021-12-21 07:12:56',NULL),(826,6,'image_5_caption',NULL,'2021-12-21 07:12:56','2021-12-21 07:12:56',NULL),(827,6,'image_5_image','http://rizzyhome.botguys.ai/images/social/social2.jpg','2021-12-21 07:12:56','2021-12-21 07:12:56',NULL),(828,6,'image_5_url',NULL,'2021-12-21 07:12:56','2021-12-21 07:12:56',NULL),(898,1,'image_1_title','See What\'s New','2021-12-31 22:09:56','2021-12-31 22:09:56',NULL),(899,1,'image_1_caption','2021','2021-12-31 22:09:56','2021-12-31 22:09:56',NULL),(900,1,'image_1_image','https://rizzyhome.botguys.ai/storage/home/1/image_left.jpg','2021-12-31 22:09:56','2021-12-31 22:09:56',NULL),(901,1,'image_1_url','http://uat.lrhome.us/filters/NewArrivals/','2021-12-31 22:09:56','2021-12-31 22:09:56',NULL),(902,1,'image_2_title','Top Sellers','2021-12-31 22:09:56','2021-12-31 22:09:56',NULL),(903,1,'image_2_caption',NULL,'2021-12-31 22:09:56','2021-12-31 22:09:56',NULL),(904,1,'image_2_image','https://rizzyhome.botguys.ai/images/lets.jpg','2021-12-31 22:09:56','2021-12-31 22:09:56',NULL),(905,1,'image_2_url','http://uat.lrhome.us/filters/TopSellers','2021-12-31 22:09:56','2021-12-31 22:09:56',NULL),(906,1,'image_3_title','Donny Osmond Home','2021-12-31 22:09:56','2021-12-31 22:09:56',NULL),(907,1,'image_3_caption',NULL,'2021-12-31 22:09:56','2021-12-31 22:09:56',NULL),(908,1,'image_3_image','https://rizzyhome.botguys.ai/storage/home/1/image_top_right.jpg','2021-12-31 22:09:56','2021-12-31 22:09:56',NULL),(909,1,'image_3_url','http://uat.lrhome.us/filters/NewArrivals/','2021-12-31 22:09:56','2021-12-31 22:09:56',NULL),(910,1,'image_4_title','Recycled Products','2021-12-31 22:09:56','2021-12-31 22:09:56',NULL),(911,1,'image_4_caption',NULL,'2021-12-31 22:09:56','2021-12-31 22:09:56',NULL),(912,1,'image_4_image','https://rizzyhome.botguys.ai/storage/home/1/image_bottom.jpg','2021-12-31 22:09:56','2021-12-31 22:09:56',NULL),(913,1,'image_4_url','http://uat.lrhome.us/filters/NewArrivals/','2021-12-31 22:09:56','2021-12-31 22:09:56',NULL),(914,12,'insta_url','https://www.instagram.com/RizzyHome/','2021-12-31 22:11:09','2021-12-31 22:11:09',NULL),(915,12,'facebook_url','https://www.facebook.com/RizzyHome/','2021-12-31 22:11:09','2021-12-31 22:11:09',NULL),(916,12,'pinterest_url','javascript:void(0);','2021-12-31 22:11:09','2021-12-31 22:11:09',NULL),(917,12,'twitter_url','https://twitter.com/RizzyHome','2021-12-31 22:11:09','2021-12-31 22:11:09',NULL),(918,12,'linkedin_url','https://www.linkedin.com/','2021-12-31 22:11:09','2021-12-31 22:11:09',NULL),(944,14,'insta_url','https://www.instagram.com/lrhomeus/','2021-12-31 22:16:27','2021-12-31 22:16:27',NULL),(945,14,'facebook_url','https://www.facebook.com/lrhomeus','2021-12-31 22:16:27','2021-12-31 22:16:27',NULL),(946,14,'pinterest_url','https://www.pinterest.com/lrhomeus','2021-12-31 22:16:27','2021-12-31 22:16:27',NULL),(947,14,'twitter_url','https://twitter.com/lrhomeus','2021-12-31 22:16:27','2021-12-31 22:16:27',NULL),(948,14,'linkedin_url','https://linkedin.com/company/lrhomeus/','2021-12-31 22:16:27','2021-12-31 22:16:27',NULL),(992,10,'caption','See What\'s New This Season','2021-12-31 23:24:47','2021-12-31 23:24:47',NULL),(993,10,'title','Catalog 2021','2021-12-31 23:24:47','2021-12-31 23:24:47',NULL),(994,10,'button_text','Browse E-catalog','2021-12-31 23:24:47','2021-12-31 23:24:47',NULL),(995,10,'button_url','https://lrhome.us/catalog-2021/index.html','2021-12-31 23:24:47','2021-12-31 23:24:47',NULL),(996,10,'catalog_img','https://lrhome.us/media/images/catlog.jpg','2021-12-31 23:24:47','2021-12-31 23:24:47',NULL),(997,11,'title','APPLY TO BECOME A LR HOME PARTNER','2021-12-31 23:25:24','2021-12-31 23:25:24',NULL),(998,11,'button_text','Apply Now','2021-12-31 23:25:24','2021-12-31 23:25:24',NULL),(999,11,'button_url','http://uat.lrhome.us/register/','2021-12-31 23:25:24','2021-12-31 23:25:24',NULL),(1166,16,'document_title_1','Catalog 2021','2022-05-10 19:49:04','2022-05-10 19:49:04',NULL),(1167,16,'document_url_1','http://lrhome.us/catalog-2021/mobile/index.html','2022-05-10 19:49:04','2022-05-10 19:49:04',NULL),(1168,16,'document_title_2','Winter Catalog 2021','2022-05-10 19:49:04','2022-05-10 19:49:04',NULL),(1169,16,'document_url_2','http://lrhome.us/winter-catalogue/mobile/index.html','2022-05-10 19:49:04','2022-05-10 19:49:04',NULL),(1170,16,'document_title_3',NULL,'2022-05-10 19:49:04','2022-05-10 19:49:04',NULL),(1171,16,'document_url_3',NULL,'2022-05-10 19:49:04','2022-05-10 19:49:04',NULL),(1172,16,'document_title_4',NULL,'2022-05-10 19:49:04','2022-05-10 19:49:04',NULL),(1173,16,'document_url_4',NULL,'2022-05-10 19:49:04','2022-05-10 19:49:04',NULL),(1174,16,'document_title_5',NULL,'2022-05-10 19:49:04','2022-05-10 19:49:04',NULL),(1175,16,'document_url_5',NULL,'2022-05-10 19:49:04','2022-05-10 19:49:04',NULL),(1180,8,'image_1_title','Pillows','2022-05-10 21:49:31','2022-05-10 21:49:31',NULL),(1181,8,'image_1_caption',NULL,'2022-05-10 21:49:31','2022-05-10 21:49:31',NULL),(1182,8,'image_1_image','https://lrhome.us/media/images/product/4.jpg','2022-05-10 21:49:31','2022-05-10 21:49:31',NULL),(1183,8,'image_1_url','http://uat.lrhome.us/designs/Pillows%20&%20Decor/eyJGaWx0ZXJzIjogW3siRmlsdGVySUQiOiAiUElMTE9XUyIsIlZhbHVlcyI6IFsiUElMTE9XUyJdfV19/0','2022-05-10 21:49:31','2022-05-10 21:49:31',NULL),(1184,8,'image_2_title','Throws','2022-05-10 21:49:31','2022-05-10 21:49:31',NULL),(1185,8,'image_2_caption',NULL,'2022-05-10 21:49:31','2022-05-10 21:49:31',NULL),(1186,8,'image_2_image','https://lrhome.us/media/images/product/5.jpg','2022-05-10 21:49:31','2022-05-10 21:49:31',NULL),(1187,8,'image_2_url','http://uat.lrhome.us/designs/Pillows%20&%20Decor/eyJGaWx0ZXJzIjogW3siRmlsdGVySUQiOiAiVGhyb3dzIiwiVmFsdWVzIjogWyJUaHJvd3MiXX1dfQ==/0','2022-05-10 21:49:31','2022-05-10 21:49:31',NULL),(1188,8,'image_3_title','Poufs','2022-05-10 21:49:31','2022-05-10 21:49:31',NULL),(1189,8,'image_3_caption',NULL,'2022-05-10 21:49:31','2022-05-10 21:49:31',NULL),(1190,8,'image_3_image','https://lrhome.us/media/images/product/6.jpg','2022-05-10 21:49:31','2022-05-10 21:49:31',NULL),(1191,8,'image_3_url','http://uat.lrhome.us/designs/Pillows%20&%20Decor/eyJGaWx0ZXJzIjogW3siRmlsdGVySUQiOiAiUE9VRlMiLCJWYWx1ZXMiOiBbIlBPVUZTIl19XX0=/0','2022-05-10 21:49:31','2022-05-10 21:49:31',NULL),(1192,8,'image_4_title','Naturals','2022-05-10 21:49:31','2022-05-10 21:49:31',NULL),(1193,8,'image_4_caption',NULL,'2022-05-10 21:49:31','2022-05-10 21:49:31',NULL),(1194,8,'image_4_image','https://lrhome.us/media/images/product/1.jpg','2022-05-10 21:49:31','2022-05-10 21:49:31',NULL),(1195,8,'image_4_url','http://uat.lrhome.us/collections/Rugs/Collections/eyJGaWx0ZXJzIjogW3siRmlsdGVySUQiOiAiTkFUVVJBTFMiLCJWYWx1ZXMiOiBbIk5BVFVSQUxTIl19XX0=','2022-05-10 21:49:31','2022-05-10 21:49:31',NULL),(1196,8,'image_5_title','Machine Made','2022-05-10 21:49:31','2022-05-10 21:49:31',NULL),(1197,8,'image_5_caption',NULL,'2022-05-10 21:49:31','2022-05-10 21:49:31',NULL),(1198,8,'image_5_image','https://lrhome.us/media/images/product/2.jpg','2022-05-10 21:49:31','2022-05-10 21:49:31',NULL),(1199,8,'image_5_url','http://uat.lrhome.us/collections/Rugs/Collections/eyJGaWx0ZXJzIjogW3siRmlsdGVySUQiOiAiQ29uc3RydWN0aW9uIiwiVmFsdWVzIjogWyJNYWNoaW5lIE1hZGUiXX1dfQ==','2022-05-10 21:49:31','2022-05-10 21:49:31',NULL),(1200,8,'image_6_title','Indoor Outdoor','2022-05-10 21:49:31','2022-05-10 21:49:31',NULL),(1201,8,'image_6_caption',NULL,'2022-05-10 21:49:31','2022-05-10 21:49:31',NULL),(1202,8,'image_6_image','https://lrhome.us/media/images/product/3.jpg','2022-05-10 21:49:31','2022-05-10 21:49:31',NULL),(1203,8,'image_6_url','http://uat.lrhome.us/collections/Rugs/Collections/eyJGaWx0ZXJzIjogW3siRmlsdGVySUQiOiAiSW5kb29yX091dGRvb3IiLCJWYWx1ZXMiOiBbIkluZG9vcl9PdXRkb29yIl19XX0=','2022-05-10 21:49:31','2022-05-10 21:49:31',NULL),(1216,15,'about_us_description_1','<p>Dear Partners,</p>\r\n             \r\n              <p>LR Home is a family-owned-and-operated business devoted to stylish home\r\n                décor and design. Founded in 2001 with a vision to be a customer-first supplier,\r\n                we are passionate about creating innovative and essential products for every\r\n                home. Our passions are showcased by blending unique designs and textures at\r\n                price points that appeal to all tastes and styles. </p>\r\n             \r\n              <p>By purchasing an LR Home product, you directly support our education and\r\n                healthcare initiatives in Dalton, GA, and Mirzapur, India. From our hands to your\r\n                home, the home décor made from LR comes from a place of love and passion\r\n                for customer satisfaction.</p>\r\n             \r\n              <p>Over the years, LR Home has evolved from being an area rug distributor into a\r\n                multi-faceted home interior supplier. Our 2021 catalog showcases our evolution\r\n                with a home décor line consisting of over 1,000 products. In June, we will take\r\n                another exciting step in our journey by launching our furniture line.</p>\r\n            \r\n              <p>LR Home firmly believes in delivering value and style with Quality, Honesty,\r\n                Humility, Trust and Transparency to hit a price point. That is why we offer a wide\r\n                variety of designed collections with prices that fit almost all budgets. We look\r\n                forward to growing our partnerships and providing the quality, innovation, and\r\n                value that are the trademarks of the LR Home brand. </p>\r\n             \r\n              <p>Sincerely,<br>\r\n                Rajani Laddha | Shri Krishna Laddha</p>','2022-05-26 16:52:27','2022-05-26 16:52:27',NULL),(1217,15,'about_us_image_1','https://lrhome.us/media/images/rug-makker2.jpg','2022-05-26 16:52:27','2022-05-26 16:52:27',NULL),(1218,15,'about_us_description_2','<p>The origins of carpet making and intricate weaves have their roots in a small yet dynamic city in India called Mirzapur. Krishna Laddha and Rajani Laddha belong to this town which is renowned all over the world for creating the most exotic weaves that one has ever seen! They have founded a legacy of creativity and community through hand-crafted home décor. In pursuit of their dream, the Laddhas’ emigrated to Dalton, GA, and decided to build an institution focused on people, partnerships, and philanthropy. In 2001, they laid the foundation of this dream with LR Home- a wholesale area rug business. Krishna and Rajani capitalized on their expertise in textiles, expanding to bring unique designs and textures to the home décor and furniture industry. </p>\r\n                <p>At LR Home, we have a deep and abiding commitment to positively impact society while delivering premium products. Our organization founded the Laddha Academy in Mirzapur to help underprivileged children by supplementing their education with after-school tutoring, leadership training, and scholarships. This program is just one of the many initiatives contributing to our goals of giving back to our communities. </p>','2022-05-26 16:52:27','2022-05-26 16:52:27',NULL),(1219,15,'about_us_image_2','https://lrhome.us/media/images/rug-makker3.jpg','2022-05-26 16:52:27','2022-05-26 16:52:27',NULL),(1220,15,'about_us_description_3','<p>LR Home has now grown to be an organization of more than ﬁfty associates from across the globe. The members of our team are a family and act according to the  principles of honesty, integrity and respect laid out by the founders. At the helm of this operation are their sons - Vaibhav and Vinamra. They look forward to a future of expansions while maintaining their \r\n                  parents’ original goal: grow together and give back to the community.</p>','2022-05-26 16:52:27','2022-05-26 16:52:27',NULL),(1221,15,'about_us_image_3','https://lrhome.us/media/images/rug-makker4.jpg','2022-05-26 16:52:27','2022-05-26 16:52:27',NULL),(1222,13,'menu_1_caption','RUGS','2022-06-13 18:42:07','2022-06-13 18:42:07',NULL),(1223,13,'menu_1_url','http://uat.lrhome.us/favourites/Rugs','2022-06-13 18:42:07','2022-06-13 18:42:07',NULL),(1224,13,'menu_2_caption','PILLOWS & DECOR','2022-06-13 18:42:07','2022-06-13 18:42:07',NULL),(1225,13,'menu_2_url','http://uat.lrhome.us/favourites/Pillows%20&%20Decor','2022-06-13 18:42:07','2022-06-13 18:42:07',NULL),(1226,13,'menu_3_caption','FURNITURE','2022-06-13 18:42:07','2022-06-13 18:42:07',NULL),(1227,13,'menu_3_url','http://uat.lrhome.us/favourites/Furniture','2022-06-13 18:42:07','2022-06-13 18:42:07',NULL),(1228,13,'menu_4_caption','OUTDOOR','2022-06-13 18:42:07','2022-06-13 18:42:07',NULL),(1229,13,'menu_4_url','http://uat.lrhome.us/favourites/static/outdoor','2022-06-13 18:42:07','2022-06-13 18:42:07',NULL),(1230,13,'menu_5_caption','ABOUT US','2022-06-13 18:42:07','2022-06-13 18:42:07',NULL),(1231,13,'menu_5_url','http://uat.lrhome.us/static/aboutus','2022-06-13 18:42:07','2022-06-13 18:42:07',NULL),(1232,9,'image_1_title','Rugs','2022-06-24 14:31:53','2022-06-24 14:31:53',NULL),(1233,9,'image_1_caption','Fusing transitional elegance with modern influence, our rug selection boasts artisanal quality gems at accessible price points','2022-06-24 14:31:53','2022-06-24 14:31:53',NULL),(1234,9,'image_1_image','https://lrhome.us/media/images/featured-product/df-1.png','2022-06-24 14:31:53','2022-06-24 14:31:53',NULL),(1235,9,'image_1_url','http://uat.lrhome.us/collections/Rugs/Collections/eyJGaWx0ZXJzIjogW3siRmlsdGVySUQiOiAiTmV3X0Fycml2YWxzIiwiVmFsdWVzIjogWyJOZXdfQXJyaXZhbHMiXX1dfQ==','2022-06-24 14:31:53','2022-06-24 14:31:53',NULL),(1236,9,'image_2_title','Pillows','2022-06-24 14:31:53','2022-06-24 14:31:53',NULL),(1237,9,'image_2_caption','Enjoy our curated collection of throw pillows - Our wide selection is handcrafted in India and loved worldwide','2022-06-24 14:31:53','2022-06-24 14:31:53',NULL),(1238,9,'image_2_image','https://lrhome.us/media/images/featured-product/df-2.png','2022-06-24 14:31:53','2022-06-24 14:31:53',NULL),(1239,9,'image_2_url','http://uat.lrhome.us/designs/Pillows%20&%20Decor/eyJGaWx0ZXJzIjogW3siRmlsdGVySUQiOiAiTmV3X0Fycml2YWxzIiwiVmFsdWVzIjogWyJOZXdfQXJyaXZhbHMiXX1dfQ/0','2022-06-24 14:31:53','2022-06-24 14:31:53',NULL),(1240,9,'image_3_title','Furniture','2022-06-24 14:31:53','2022-06-24 14:31:53',NULL),(1241,9,'image_3_caption','Our newly launched furniture selection is a passion project centered around providing the most comprehensive catalog to our customers - Check it out and let us know what you think!','2022-06-24 14:31:53','2022-06-24 14:31:53',NULL),(1242,9,'image_3_image','https://lrhome.us/media/images/featured-product/df-3.png','2022-06-24 14:31:53','2022-06-24 14:31:53',NULL),(1243,9,'image_3_url','http://uat.lrhome.us/designs/Furniture/eyJGaWx0ZXJzIjogW3siRmlsdGVySUQiOiAiTmV3X0Fycml2YWxzIiwiVmFsdWVzIjogWyJOZXdfQXJyaXZhbHMiXX1dfQ/0','2022-06-24 14:31:53','2022-06-24 14:31:53',NULL),(1272,7,'caption_1','L R HOME','2022-11-15 10:50:44','2022-11-15 10:50:44',NULL),(1273,7,'caption_2','Click Here to Book an Appointment','2022-11-15 10:50:44','2022-11-15 10:50:44',NULL),(1274,7,'image','https://lrhome.us/media/images/banner-img.jpg','2022-11-15 10:50:44','2022-11-15 10:50:44',NULL),(1275,7,'url','https://lrhome.us/images-bkp/LR_Home_Retail_Partner_Appreciation_Promotion_FINAL_Oct_2_2022_v2.pdf','2022-11-15 10:50:44','2022-11-15 10:50:44',NULL);
/*!40000 ALTER TABLE `section_metas` ENABLE KEYS */;
UNLOCK TABLES;

--
-- Table structure for table `sections`
--

DROP TABLE IF EXISTS `sections`;
/*!40101 SET @saved_cs_client     = @@character_set_client */;
/*!50503 SET character_set_client = utf8mb4 */;
CREATE TABLE `sections` (
  `id` bigint unsigned NOT NULL AUTO_INCREMENT,
  `name` varchar(255) CHARACTER SET utf8mb4 COLLATE utf8mb4_unicode_ci NOT NULL,
  `slug` varchar(1000) CHARACTER SET utf8mb4 COLLATE utf8mb4_unicode_ci DEFAULT NULL,
  `page_id` bigint unsigned NOT NULL,
  `is_active` tinyint(1) NOT NULL DEFAULT '1',
  `created_at` timestamp NULL DEFAULT NULL,
  `updated_at` timestamp NULL DEFAULT NULL,
  `deleted_at` timestamp NULL DEFAULT NULL,
  PRIMARY KEY (`id`)
) ENGINE=InnoDB AUTO_INCREMENT=17 DEFAULT CHARSET=utf8mb4 COLLATE=utf8mb4_unicode_ci;
/*!40101 SET character_set_client = @saved_cs_client */;

--
-- Dumping data for table `sections`
--

LOCK TABLES `sections` WRITE;
/*!40000 ALTER TABLE `sections` DISABLE KEYS */;
INSERT INTO `sections` VALUES (1,'New Arrival','new_arrival',1,1,'2021-12-12 19:27:42','2021-12-31 22:09:56',NULL),(2,'Let\'s Get Rizzy','new_additions',1,1,'2021-12-12 19:27:42','2021-12-31 22:09:33',NULL),(3,'Our Products','our_products',1,1,'2021-12-12 19:27:42','2021-12-21 07:12:20',NULL),(4,'Learn More','learn_more',1,1,'2021-12-12 19:27:42','2021-12-21 07:12:36',NULL),(5,'About Rizzy','about_rizzy',1,1,'2021-12-12 19:27:42','2021-12-13 08:09:10',NULL),(6,'Rizzy Home','rizzy_home',1,1,'2021-12-12 19:27:42','2021-12-21 07:12:56',NULL),(7,'Banner','banner',2,1,'2021-12-12 19:33:04','2022-11-15 10:50:44',NULL),(8,'KEY CATEGORIES','key_categories',2,1,'2021-12-12 19:33:04','2022-05-10 21:49:31',NULL),(9,'NEW ARRIVALS','new_arrivals',2,1,'2021-12-12 19:33:05','2022-06-24 14:31:53',NULL),(10,'Catalog','catalog',2,1,'2021-12-12 19:33:05','2021-12-31 23:24:47',NULL),(11,'Partnership','partnership',2,1,'2021-12-12 19:33:05','2021-12-31 23:25:24',NULL),(12,'Footer Social media Items','footer_social_media',3,1,'2021-12-31 22:09:33','2021-12-31 22:11:09',NULL),(13,'Main Top Menu','main_top_menu',4,1,'2021-12-31 22:11:22','2022-06-13 18:42:07',NULL),(14,'Footer Social media Items','footer_social_media',4,1,'2021-12-31 22:11:22','2021-12-31 22:16:27',NULL),(15,'About Us Items','about_us_items',5,1,'2022-05-09 02:00:52','2022-05-26 16:52:27',NULL),(16,'Documents','catalog',6,1,'2022-05-10 19:36:45','2022-05-10 19:49:04',NULL);
/*!40000 ALTER TABLE `sections` ENABLE KEYS */;
UNLOCK TABLES;

--
-- Table structure for table `showrooms`
--

DROP TABLE IF EXISTS `showrooms`;
/*!40101 SET @saved_cs_client     = @@character_set_client */;
/*!50503 SET character_set_client = utf8mb4 */;
CREATE TABLE `showrooms` (
  `id` bigint unsigned NOT NULL AUTO_INCREMENT,
  `theme_id` bigint DEFAULT NULL,
  `name` varchar(255) CHARACTER SET utf8mb4 COLLATE utf8mb4_unicode_ci NOT NULL,
  `slug` varchar(255) CHARACTER SET utf8mb4 COLLATE utf8mb4_unicode_ci DEFAULT NULL,
  `is_active` tinyint(1) NOT NULL DEFAULT '1',
  `created_at` timestamp NULL DEFAULT NULL,
  `updated_at` timestamp NULL DEFAULT NULL,
  `deleted_at` timestamp NULL DEFAULT NULL,
  PRIMARY KEY (`id`)
) ENGINE=InnoDB AUTO_INCREMENT=2 DEFAULT CHARSET=utf8mb4 COLLATE=utf8mb4_0900_ai_ci;
/*!40101 SET character_set_client = @saved_cs_client */;

--
-- Dumping data for table `showrooms`
--

LOCK TABLES `showrooms` WRITE;
/*!40000 ALTER TABLE `showrooms` DISABLE KEYS */;
INSERT INTO `showrooms` VALUES (1,1,'LR Showrooms','lr_showrooms',1,'2022-05-09 02:18:12','2022-05-09 02:18:12',NULL);
/*!40000 ALTER TABLE `showrooms` ENABLE KEYS */;
UNLOCK TABLES;

--
-- Table structure for table `showrooms_metas`
--

DROP TABLE IF EXISTS `showrooms_metas`;
/*!40101 SET @saved_cs_client     = @@character_set_client */;
/*!50503 SET character_set_client = utf8mb4 */;
CREATE TABLE `showrooms_metas` (
  `id` bigint unsigned NOT NULL AUTO_INCREMENT,
  `showroom_id` bigint NOT NULL,
  `title` varchar(255) CHARACTER SET utf8mb4 COLLATE utf8mb4_unicode_ci NOT NULL,
  `area` varchar(255) CHARACTER SET utf8mb4 COLLATE utf8mb4_unicode_ci NOT NULL,
  `address` varchar(255) CHARACTER SET utf8mb4 COLLATE utf8mb4_unicode_ci NOT NULL,
  `image` varchar(255) CHARACTER SET utf8mb4 COLLATE utf8mb4_unicode_ci NOT NULL,
  `is_active` tinyint(1) NOT NULL DEFAULT '1',
  `created_at` timestamp NULL DEFAULT NULL,
  `updated_at` timestamp NULL DEFAULT NULL,
  `deleted_at` timestamp NULL DEFAULT NULL,
  PRIMARY KEY (`id`)
) ENGINE=InnoDB AUTO_INCREMENT=4 DEFAULT CHARSET=utf8mb4 COLLATE=utf8mb4_0900_ai_ci;
/*!40101 SET character_set_client = @saved_cs_client */;

--
-- Dumping data for table `showrooms_metas`
--

LOCK TABLES `showrooms_metas` WRITE;
/*!40000 ALTER TABLE `showrooms_metas` DISABLE KEYS */;
INSERT INTO `showrooms_metas` VALUES (1,1,'Atlanta','Atlanta','Building 2, 17-1734B, <br> 230 John Portman Blvd NW, <br> Atlanta, GA 30303','storage/9Xmj8A3suvrPGl6W6DY36ElDEVZHEjWR6D6dPVrA.jpg',1,'2022-05-09 02:26:16','2022-11-16 12:49:13',NULL),(2,1,'Dalton','Dalton','3432 S Dug Gap Road, <br> Dalton, GA 30720 <br> Tel: (706)-259-0155','storage/lIQaSL4jGSv06qSugi9m303xIPOKiLbBR5M0no8G.jpg',1,'2022-05-09 02:28:33','2022-11-16 12:49:22',NULL),(3,1,'HighPoint','HighPoint','211 E-Commerce Ave, <br> Showplace 3450, <br> Highpoint, NC 27260','storage/ZasWCxGE0oIExZW0uiwoIAjZuiubS3ftMOwayoFC.jpg',1,'2022-05-09 02:30:27','2022-11-16 12:49:33',NULL);
/*!40000 ALTER TABLE `showrooms_metas` ENABLE KEYS */;
UNLOCK TABLES;

--
-- Table structure for table `slider_metas`
--

DROP TABLE IF EXISTS `slider_metas`;
/*!40101 SET @saved_cs_client     = @@character_set_client */;
/*!50503 SET character_set_client = utf8mb4 */;
CREATE TABLE `slider_metas` (
  `id` bigint unsigned NOT NULL AUTO_INCREMENT,
  `caption_1` varchar(255) CHARACTER SET utf8mb4 COLLATE utf8mb4_unicode_ci NOT NULL,
  `caption_2` varchar(255) CHARACTER SET utf8mb4 COLLATE utf8mb4_unicode_ci NOT NULL,
  `image` varchar(255) CHARACTER SET utf8mb4 COLLATE utf8mb4_unicode_ci NOT NULL,
  `slider_id` bigint unsigned NOT NULL,
  `is_active` tinyint(1) NOT NULL DEFAULT '1',
  `created_at` timestamp NULL DEFAULT NULL,
  `updated_at` timestamp NULL DEFAULT NULL,
  `deleted_at` timestamp NULL DEFAULT NULL,
  PRIMARY KEY (`id`)
) ENGINE=InnoDB AUTO_INCREMENT=3 DEFAULT CHARSET=utf8mb4 COLLATE=utf8mb4_unicode_ci;
/*!40101 SET character_set_client = @saved_cs_client */;

--
-- Dumping data for table `slider_metas`
--

LOCK TABLES `slider_metas` WRITE;
/*!40000 ALTER TABLE `slider_metas` DISABLE KEYS */;
INSERT INTO `slider_metas` VALUES (1,'Create your own','Unique space','storage/wx7fIpogaiFPQSK7PGlcIIHov3OXAAwbohtyBcBj.jpg',1,1,'2021-12-13 07:49:16','2022-01-01 10:13:02',NULL),(2,'Create your own','Unique space','storage/o6LaQderlsz33YvFPqWXQVknabn804Q7ZnALRMfD.jpg',1,1,'2021-12-13 07:52:06','2022-01-01 10:13:35',NULL);
/*!40000 ALTER TABLE `slider_metas` ENABLE KEYS */;
UNLOCK TABLES;

--
-- Table structure for table `sliders`
--

DROP TABLE IF EXISTS `sliders`;
/*!40101 SET @saved_cs_client     = @@character_set_client */;
/*!50503 SET character_set_client = utf8mb4 */;
CREATE TABLE `sliders` (
  `id` bigint unsigned NOT NULL AUTO_INCREMENT,
  `theme_id` bigint DEFAULT NULL,
  `name` varchar(255) CHARACTER SET utf8mb4 COLLATE utf8mb4_unicode_ci NOT NULL,
  `slug` varchar(255) CHARACTER SET utf8mb4 COLLATE utf8mb4_unicode_ci DEFAULT NULL,
  `is_active` tinyint(1) NOT NULL DEFAULT '1',
  `created_at` timestamp NULL DEFAULT NULL,
  `updated_at` timestamp NULL DEFAULT NULL,
  `deleted_at` timestamp NULL DEFAULT NULL,
  PRIMARY KEY (`id`)
) ENGINE=InnoDB AUTO_INCREMENT=3 DEFAULT CHARSET=utf8mb4 COLLATE=utf8mb4_unicode_ci;
/*!40101 SET character_set_client = @saved_cs_client */;

--
-- Dumping data for table `sliders`
--

LOCK TABLES `sliders` WRITE;
/*!40000 ALTER TABLE `sliders` DISABLE KEYS */;
INSERT INTO `sliders` VALUES (1,2,'Home Slider','home_slider',1,'2021-12-12 19:27:42','2021-12-12 19:27:42',NULL),(2,1,'LR Slider','lr_slider',1,'2021-12-12 19:33:05','2021-12-12 19:33:05',NULL);
/*!40000 ALTER TABLE `sliders` ENABLE KEYS */;
UNLOCK TABLES;

--
-- Table structure for table `themes`
--

DROP TABLE IF EXISTS `themes`;
/*!40101 SET @saved_cs_client     = @@character_set_client */;
/*!50503 SET character_set_client = utf8mb4 */;
CREATE TABLE `themes` (
  `id` bigint unsigned NOT NULL AUTO_INCREMENT,
  `theme_name` varchar(255) CHARACTER SET utf8mb4 COLLATE utf8mb4_unicode_ci DEFAULT NULL,
  `theme_slug` varchar(255) CHARACTER SET utf8mb4 COLLATE utf8mb4_unicode_ci DEFAULT NULL,
  `theme_prefix` varchar(255) CHARACTER SET utf8mb4 COLLATE utf8mb4_unicode_ci DEFAULT NULL,
  `theme_abrv` varchar(255) CHARACTER SET utf8mb4 COLLATE utf8mb4_unicode_ci DEFAULT NULL,
  `theme_api_slug` varchar(255) CHARACTER SET utf8mb4 COLLATE utf8mb4_unicode_ci DEFAULT NULL,
  `theme_api_base_url` varchar(255) CHARACTER SET utf8mb4 COLLATE utf8mb4_unicode_ci DEFAULT NULL,
  `theme_json` text CHARACTER SET utf8mb4 COLLATE utf8mb4_unicode_ci,
  `theme_api_key` varchar(255) CHARACTER SET utf8mb4 COLLATE utf8mb4_unicode_ci DEFAULT NULL,
  `theme_api_company` varchar(255) CHARACTER SET utf8mb4 COLLATE utf8mb4_unicode_ci DEFAULT NULL,
  `is_active` tinyint(1) NOT NULL DEFAULT '0',
  `created_at` timestamp NULL DEFAULT NULL,
  `updated_at` timestamp NULL DEFAULT NULL,
  `deleted_at` timestamp NULL DEFAULT NULL,
  PRIMARY KEY (`id`)
) ENGINE=InnoDB AUTO_INCREMENT=2 DEFAULT CHARSET=utf8mb4 COLLATE=utf8mb4_unicode_ci;
/*!40101 SET character_set_client = @saved_cs_client */;

--
-- Dumping data for table `themes`
--

LOCK TABLES `themes` WRITE;
/*!40000 ALTER TABLE `themes` DISABLE KEYS */;
INSERT INTO `themes` VALUES (1,'LR Resources','lr','lr','LR','api-slug-lr','http://205.144.222.165/B2B.API.UAT/api/Service/','{\"theme_name\":\"LR Resources\",\"theme_slug\":\"lr\",\"theme_abrv\":\"LR\",\"theme_api_slug\":\"api-slug-lr\",\"theme_api_base_url\":\"http://205.144.222.165/B2B.API.UAT/api/Service/\",\"theme_api_dev_base_url\":\"http://122.129.80.197/LR.B2BAPI.Client/api/Service/\",\"theme_api_key\":\"64d3b4ae-dba9-47b2-bf88-f72dfbae0e9d\",\"theme_api_company\":\"LRResources\",\"theme_api_image_url\":\"https://media.lrhome.us/\",\"theme_api_thumbnail_url\":\"https://media.lrhome.us/\",\"general\":{\"category_based_filters\":true,\"allow_custom_cost\":true,\"allow_freight_percentage\":true,\"allow_sales_rep_details\":true,\"show_recent_orders\":true,\"use_theme_header\":true,\"use_company_credit\":false,\"payment_method\":{\"enabled\":true,\"gateway\":\"paytrace\"},\"date_format\":\"M d, Y\",\"tabular_orders\":true,\"advance_filters_for_orders\":true,\"allow_hang_tags\":false,\"allow_emails\":true},\"sidebar\":{\"dashboard\":{\"label\":\"Dashboard\",\"slug\":\"dashboard\",\"permission\":\"\"},\"myaccount\":{\"label\":\"My Account\",\"slug\":\"dashboard.myaccount\",\"permission\":\"\"},\"accountinfo\":{\"label\":\"Account Information\",\"slug\":\"dashboard.accountinfo\",\"permission\":\"\"},\"document\":{\"label\":\"Documents\",\"slug\":\"dashboard.document\",\"permission\":\"\"},\"staff\":{\"label\":\"Manage Staff\",\"slug\":\"dashboard.staff\",\"permission\":\"manage-staff\"},\"companycredit\":{\"label\":\"Company Credit\",\"slug\":\"dashboard.companycredit\",\"permission\":\"manage-financials\"},\"financialtransactions\":{\"label\":\"Financial Transactions\",\"slug\":\"dashboard.financialtransactions\",\"permission\":\"manage-financials\"},\"paymentoptions\":{\"label\":\"Payment Options\",\"slug\":\"dashboard.paymentoptions\",\"permission\":\"manage-financials\"},\"normalorder\":{\"label\":\"Place Order\",\"slug\":\"dashboard.placeorder\",\"permission\":\"manage-orders\"},\"vieworder\":{\"label\":\"View Orders\",\"slug\":\"dashboard.vieworder\",\"permission\":\"manage-orders\"},\"initreturn\":{\"label\":\"Initiate a Return/Claim\",\"slug\":\"dashboard.initreturn\",\"permission\":\"manage-claims\"},\"viewreturn\":{\"label\":\"View Returns\",\"slug\":\"dashboard.viewreturn\",\"permission\":\"manage-claims\"}},\"pages\":{\"all_pages\":{\"title\":\"All Pages Common\",\"slug\":\"all_pages\",\"sections\":{\"main_top_menu\":{\"slug\":\"main_top_menu\",\"title\":\"Main Top Menu\",\"metas\":{\"menu_1_caption\":\"text\",\"menu_1_url\":\"text\",\"menu_2_caption\":\"text\",\"menu_2_url\":\"text\",\"menu_3_caption\":\"text\",\"menu_3_url\":\"text\",\"menu_4_caption\":\"text\",\"menu_4_url\":\"text\",\"menu_5_caption\":\"text\",\"menu_5_url\":\"text\"}},\"footer_social_media\":{\"slug\":\"footer_social_media\",\"title\":\"Footer Social media Items\",\"metas\":{\"insta_url\":\"text\",\"facebook_url\":\"text\",\"pinterest_url\":\"text\",\"twitter_url\":\"text\",\"linkedin_url\":\"text\"}}}},\"home\":{\"title\":\"Home\",\"slug\":\"home\",\"sections\":{\"banner\":{\"slug\":\"banner\",\"title\":\"Banner\",\"metas\":{\"caption_1\":\"text\",\"caption_2\":\"text\",\"image\":\"file\",\"url\":\"url\"}},\"key_categories\":{\"slug\":\"key_categories\",\"title\":\"KEY CATEGORIES\",\"metas\":{\"image_1_title\":\"text\",\"image_1_caption\":\"text\",\"image_1_image\":\"url\",\"image_1_url\":\"url\",\"image_2_title\":\"text\",\"image_2_caption\":\"text\",\"image_2_image\":\"url\",\"image_2_url\":\"url\",\"image_3_title\":\"text\",\"image_3_caption\":\"text\",\"image_3_image\":\"url\",\"image_3_url\":\"url\",\"image_4_title\":\"text\",\"image_4_caption\":\"text\",\"image_4_image\":\"url\",\"image_4_url\":\"url\",\"image_5_title\":\"text\",\"image_5_caption\":\"text\",\"image_5_image\":\"url\",\"image_5_url\":\"url\",\"image_6_title\":\"text\",\"image_6_caption\":\"text\",\"image_6_image\":\"url\",\"image_6_url\":\"url\"}},\"new_arrivals\":{\"slug\":\"new_arrivals\",\"title\":\"NEW ARRIVALS\",\"metas\":{\"image_1_title\":\"text\",\"image_1_caption\":\"text\",\"image_1_image\":\"url\",\"image_1_url\":\"url\",\"image_2_title\":\"text\",\"image_2_caption\":\"text\",\"image_2_image\":\"url\",\"image_2_url\":\"url\",\"image_3_title\":\"text\",\"image_3_caption\":\"text\",\"image_3_image\":\"url\",\"image_3_url\":\"url\"}},\"catalog\":{\"slug\":\"catalog\",\"title\":\"Catalog\",\"metas\":{\"caption\":\"text\",\"title\":\"text\",\"button_text\":\"text\",\"button_url\":\"url\",\"catalog_img\":\"url\"}},\"partnership\":{\"slug\":\"partnership\",\"title\":\"Partnership\",\"metas\":{\"title\":\"text\",\"button_text\":\"text\",\"button_url\":\"url\"}}}},\"about_us\":{\"title\":\"About Us\",\"slug\":\"about_us\",\"sections\":{\"about_us_items\":{\"slug\":\"about_us_items\",\"title\":\"About Us Items\",\"metas\":{\"about_us_description_1\":\"textarea\",\"about_us_image_1\":\"url\",\"about_us_description_2\":\"textarea\",\"about_us_image_2\":\"url\",\"about_us_description_3\":\"textarea\",\"about_us_image_3\":\"url\"}}}},\"documents\":{\"title\":\"Documents\",\"slug\":\"documents\",\"sections\":{\"catalog\":{\"slug\":\"catalog\",\"title\":\"Documents\",\"metas\":{\"document_title_1\":\"text\",\"document_url_1\":\"url\",\"document_title_2\":\"text\",\"document_url_2\":\"url\",\"document_title_3\":\"text\",\"document_url_3\":\"url\",\"document_title_4\":\"text\",\"document_url_4\":\"url\",\"document_title_5\":\"text\",\"document_url_5\":\"url\"}}}}},\"sliders\":{\"lr_slider\":{\"slug\":\"lr_slider\",\"title\":\"LR Slider\",\"metas\":{\"caption_1\":\"text\",\"caption_2\":\"text\",\"image\":\"url\"}}},\"showrooms\":{\"lr_showrooms\":{\"slug\":\"lr_showrooms\",\"title\":\"LR Showrooms\",\"metas\":{\"title\":\"text\",\"area\":\"text\",\"address\":\"text\",\"image\":\"url\"}}},\"forms\":{\"contact_us\":{\"slug\":\"contact_us\",\"title\":\"Contact Us\",\"metas\":{\"fullname\":\"text\",\"subject\":\"text\",\"email\":\"text\",\"company\":\"text\",\"phone\":\"number\",\"city\":\"text\",\"state\":\"text\",\"inquiry\":\"para\"}},\"partner_requests\":{\"slug\":\"partner_requests\",\"title\":\"Partner Requests\",\"metas\":[]},\"newsletter\":{\"slug\":\"newsletter\",\"title\":\"Newsletter\",\"metas\":{\"email\":\"text\"}}},\"menus\":{\"rug_header\":{\"slug\":\"rug_header\",\"title\":\"RUGS\",\"metas\":{\"key\":\"text\",\"title\":\"text\",\"url\":\"url\",\"image\":\"image\",\"parent_key\":\"text\"}},\"rug_shop_header\":{\"slug\":\"rug_shop_header\",\"title\":\"RUGS IMAGES\",\"metas\":{\"key\":\"text\",\"title\":\"text\",\"url\":\"url\",\"image\":\"image\",\"parent_key\":\"text\"}},\"pillow_header\":{\"slug\":\"pillow_header\",\"title\":\"HOME DECOR\",\"metas\":{\"key\":\"text\",\"title\":\"text\",\"url\":\"url\",\"image\":\"image\",\"parent_key\":\"text\"}},\"pet_header\":{\"slug\":\"pet_header\",\"title\":\"PETS\",\"metas\":{\"key\":\"text\",\"title\":\"text\",\"url\":\"url\",\"image\":\"image\",\"parent_key\":\"text\"}},\"pillow_shop_header\":{\"slug\":\"pillow_shop_header\",\"title\":\"PILLOW IMAGES\",\"metas\":{\"key\":\"text\",\"title\":\"text\",\"url\":\"url\",\"image\":\"image\",\"parent_key\":\"text\"}},\"furniture_header\":{\"slug\":\"furniture_header\",\"title\":\"LIVING ROOM\",\"metas\":{\"key\":\"text\",\"title\":\"text\",\"url\":\"url\",\"image\":\"image\",\"parent_key\":\"text\"}},\"dining_header\":{\"slug\":\"dining_header\",\"title\":\"DINING ROOM\",\"metas\":{\"key\":\"text\",\"title\":\"text\",\"url\":\"url\",\"image\":\"image\",\"parent_key\":\"text\"}},\"furniture_shop_header\":{\"slug\":\"furniture_shop_header\",\"title\":\"FURNITURE IMAGES\",\"metas\":{\"key\":\"text\",\"title\":\"text\",\"url\":\"url\",\"image\":\"image\",\"parent_key\":\"text\"}},\"outdoor_header\":{\"slug\":\"outdoor_header\",\"title\":\"OUTDOOR\",\"metas\":{\"key\":\"text\",\"title\":\"text\",\"url\":\"url\",\"image\":\"image\",\"parent_key\":\"text\"}},\"outdoor_shop_header\":{\"slug\":\"outdoor_shop_header\",\"title\":\"OUTDOOR IMAGES\",\"metas\":{\"key\":\"text\",\"title\":\"text\",\"url\":\"url\",\"image\":\"image\",\"parent_key\":\"text\"}},\"aboutus_header\":{\"slug\":\"aboutus_header\",\"title\":\"ABOUT US IMAGES\",\"metas\":{\"key\":\"text\",\"title\":\"text\",\"url\":\"url\",\"image\":\"image\",\"parent_key\":\"text\"}},\"first_footer\":{\"slug\":\"first_footer\",\"title\":\"ABOUT US\",\"metas\":{\"key\":\"text\",\"title\":\"text\",\"url\":\"url\",\"image\":\"image\",\"parent_key\":\"text\"}},\"second_footer\":{\"slug\":\"second_footer\",\"title\":\"PRODUCT CATEGORY\",\"metas\":{\"key\":\"text\",\"title\":\"text\",\"url\":\"url\",\"image\":\"image\",\"parent_key\":\"text\"}},\"third_footer\":{\"slug\":\"third_footer\",\"title\":\"RESOURCES\",\"metas\":{\"key\":\"text\",\"title\":\"text\",\"url\":\"url\",\"image\":\"image\",\"parent_key\":\"text\"}},\"fourth_footer\":{\"slug\":\"fourth_footer\",\"title\":\"CONTACT US\",\"metas\":{\"key\":\"text\",\"title\":\"text\",\"url\":\"url\",\"image\":\"image\",\"parent_key\":\"text\"}}}}','64d3b4ae-dba9-47b2-bf88-f72dfbae0e9d','LRResources',1,'2021-12-12 19:27:38','2022-08-03 16:52:11',NULL);
/*!40000 ALTER TABLE `themes` ENABLE KEYS */;
UNLOCK TABLES;

--
-- Table structure for table `users`
--

DROP TABLE IF EXISTS `users`;
/*!40101 SET @saved_cs_client     = @@character_set_client */;
/*!50503 SET character_set_client = utf8mb4 */;
CREATE TABLE `users` (
  `id` bigint unsigned NOT NULL AUTO_INCREMENT,
  `password` varchar(255) CHARACTER SET utf8mb4 COLLATE utf8mb4_unicode_ci DEFAULT NULL,
  `customer_id` varchar(255) CHARACTER SET utf8mb4 COLLATE utf8mb4_unicode_ci DEFAULT NULL,
  `spars_id` varchar(255) CHARACTER SET utf8mb4 COLLATE utf8mb4_unicode_ci DEFAULT NULL,
  `uuid` int DEFAULT NULL,
  `parent_id` bigint DEFAULT NULL,
  `firstname` varchar(255) CHARACTER SET utf8mb4 COLLATE utf8mb4_unicode_ci DEFAULT NULL,
  `lastname` varchar(255) CHARACTER SET utf8mb4 COLLATE utf8mb4_unicode_ci DEFAULT NULL,
  `email` varchar(255) CHARACTER SET utf8mb4 COLLATE utf8mb4_unicode_ci DEFAULT NULL,
  `company` varchar(255) CHARACTER SET utf8mb4 COLLATE utf8mb4_unicode_ci DEFAULT NULL,
  `street_address` varchar(255) CHARACTER SET utf8mb4 COLLATE utf8mb4_unicode_ci DEFAULT NULL,
  `postal_code` varchar(255) CHARACTER SET utf8mb4 COLLATE utf8mb4_unicode_ci DEFAULT NULL,
  `city` varchar(255) CHARACTER SET utf8mb4 COLLATE utf8mb4_unicode_ci DEFAULT NULL,
  `country` varchar(255) CHARACTER SET utf8mb4 COLLATE utf8mb4_unicode_ci DEFAULT NULL,
  `state` varchar(255) CHARACTER SET utf8mb4 COLLATE utf8mb4_unicode_ci DEFAULT NULL,
  `phone` varchar(255) CHARACTER SET utf8mb4 COLLATE utf8mb4_unicode_ci DEFAULT NULL,
  `is_customer` tinyint(1) NOT NULL DEFAULT '1',
  `is_sale_rep` tinyint(1) NOT NULL DEFAULT '0',
  `role` enum('admin','customer','staff') CHARACTER SET utf8mb4 COLLATE utf8mb4_unicode_ci DEFAULT 'customer',
  `sales_rep_customers` longtext CHARACTER SET utf8mb4 COLLATE utf8mb4_unicode_ci,
  `data` text CHARACTER SET utf8mb4 COLLATE utf8mb4_unicode_ci,
  `is_active` tinyint(1) NOT NULL DEFAULT '0',
  `created_at` timestamp NULL DEFAULT NULL,
  `updated_at` timestamp NULL DEFAULT NULL,
  `deleted_at` timestamp NULL DEFAULT NULL,
  PRIMARY KEY (`id`),
  UNIQUE KEY `uuid` (`uuid`)
) ENGINE=InnoDB AUTO_INCREMENT=29 DEFAULT CHARSET=utf8mb4 COLLATE=utf8mb4_unicode_ci;
/*!40101 SET character_set_client = @saved_cs_client */;

--
-- Dumping data for table `users`
--

LOCK TABLES `users` WRITE;
/*!40000 ALTER TABLE `users` DISABLE KEYS */;
INSERT INTO `users` VALUES (1,'$2y$10$Os4.fCnTxhgNvv0ifric6e.oXyIbFlYjBxBxMqFR27r8uvORh7Tya',NULL,NULL,0,NULL,'Usman','Ashraf','admin@gmail.com','Test Company','','',NULL,NULL,NULL,'',1,1,'admin','{\"Customers\":[{\"CustomerID\":\"SPARSC\",\"CompanyName\":\"sparsUS\"},{\"CustomerID\":\"SPARSR\",\"CompanyName\":\"spars (DELETD)\"}]}','s:217:\"{\"_token\":\"NIRFkVFa6twVPPcsnuSx0UTM4DMbJTpjWidZ2OB2\",\"firstname\":\"Usman\",\"lastname\":\"Ashraf\",\"email\":\"admin@gmail.com\",\"company\":\"Test Company\",\"phone\":null,\"street_address\":null,\"postal_code\":null,\"description\":null}\";',1,NULL,'2021-12-20 11:54:15',NULL),(18,'$2y$10$aE7Ad.VfnXTGNucPQfGUoeGhQV54TesPo8/snpT2TNoW8VEd4VmR6','020000','',NULL,NULL,'Free Sales Rep','low profile','nothing@no.com','spars representative','main address office floor street','54000','','','','132-456-7890',0,1,'customer','{\"Customers\":[]}','s:322:\"{\"_token\":\"iBPXnUvvputNFrHcYywefNKCTpiFOKIc1d5ZSLGl\",\"form-type\":\"profile\",\"firstname\":\"Free Sales Rep\",\"lastname\":\"low profile\",\"email\":\"nothing@no.com\",\"company\":\"spars representative\",\"phone\":\"132-456-7890\",\"street_address\":\"main address office floor street\",\"postal_code\":\"54000\",\"description\":\"please do not process\"}\";',0,NULL,'2022-08-03 17:18:35',NULL),(19,'$2y$10$34ew7HqTZalHxmEn9E1lI.11D0rJaA0m0rGjyNE456ivmJec3Lto2','000158','',NULL,NULL,'Wanda','Lanzi','email@no.com','','','','','','','',0,1,'customer','{\"Customers\":[{\"CustomerID\":\"001271\",\"CompanyName\":\"13 Hub Lane LLC\"},{\"CustomerID\":\"001039\",\"CompanyName\":\"13 Hub Lane- Roswell\"},{\"CustomerID\":\"000005\",\"CompanyName\":\"AAA Flooring Center\"},{\"CustomerID\":\"001897\",\"CompanyName\":\"ABODE BEACH\"},{\"CustomerID\":\"001297\",\"CompanyName\":\"Abode Beach Interiors, LLC\"},{\"CustomerID\":\"001399\",\"CompanyName\":\"About Beach\"},{\"CustomerID\":\"002569\",\"CompanyName\":\"Accents Home Decor & Gifts\"},{\"CustomerID\":\"002132\",\"CompanyName\":\"ADD AND SUBTRACT DESIGN LLC\"},{\"CustomerID\":\"002165\",\"CompanyName\":\"ALL AROUND THE HOUSE\"},{\"CustomerID\":\"000032\",\"CompanyName\":\"ALPHA RUG EXPO\"},{\"CustomerID\":\"001502\",\"CompanyName\":\"Alyssa\'s Antique Depot\"},{\"CustomerID\":\"002580\",\"CompanyName\":\"Alyssa\'s Etc.\"},{\"CustomerID\":\"000038\",\"CompanyName\":\"American Carpets\"},{\"CustomerID\":\"002415\",\"CompanyName\":\"AMERICAN OAK & MORE\"},{\"CustomerID\":\"002318\",\"CompanyName\":\"ANNE\'S ESTATE AUCTION - THE QUEEN BEE\"},{\"CustomerID\":\"001433\",\"CompanyName\":\"Artful Ellijay\"},{\"CustomerID\":\"002344\",\"CompanyName\":\"ARTIFACTORY\"},{\"CustomerID\":\"001239\",\"CompanyName\":\"Ashley Cortese Designs\"},{\"CustomerID\":\"002659\",\"CompanyName\":\"ASHTON HOME FURNITURE\"},{\"CustomerID\":\"002611\",\"CompanyName\":\"Baker Design Company\"},{\"CustomerID\":\"001220\",\"CompanyName\":\"Barbara J Gordon Designs\"},{\"CustomerID\":\"002612\",\"CompanyName\":\"Bartlett Design\"},{\"CustomerID\":\"001282\",\"CompanyName\":\"Beachside Interiors\"},{\"CustomerID\":\"001143\",\"CompanyName\":\"BEAU INTERIORS LLC\"},{\"CustomerID\":\"001448\",\"CompanyName\":\"BLUSH\'D\"},{\"CustomerID\":\"002339\",\"CompanyName\":\"BOBBIES FLORIST\"},{\"CustomerID\":\"002683\",\"CompanyName\":\"BONNIE BOYETTE DESIGNS\"},{\"CustomerID\":\"002436\",\"CompanyName\":\"BRADLEY INTERIORS\"},{\"CustomerID\":\"000114\",\"CompanyName\":\"BRIAN BARNARD\'S FLOORNG AMERICA\"},{\"CustomerID\":\"001162\",\"CompanyName\":\"CHRYSALIS FINE FABRICS & FURNISHINGS\"},{\"CustomerID\":\"001227\",\"CompanyName\":\"Cindy Meador Interiors\"},{\"CustomerID\":\"001206\",\"CompanyName\":\"Coastal Home Fashions LLC\"},{\"CustomerID\":\"001148\",\"CompanyName\":\"Coastline Furniture, INC\"},{\"CustomerID\":\"002208\",\"CompanyName\":\"CULVER RUG CO\"},{\"CustomerID\":\"000210\",\"CompanyName\":\"DALTON CARPET LIQUIDATORS\"},{\"CustomerID\":\"000211\",\"CompanyName\":\"Dalton West Carpet\"},{\"CustomerID\":\"001067\",\"CompanyName\":\"DECOR DESIGN CENTER\"},{\"CustomerID\":\"000247\",\"CompanyName\":\"DRESS YOUR FLOORS\\/ RC Bella\"},{\"CustomerID\":\"002563\",\"CompanyName\":\"Eaton\'s Creatons\"},{\"CustomerID\":\"002565\",\"CompanyName\":\"Edward on St. Simon\"},{\"CustomerID\":\"001395\",\"CompanyName\":\"Eiland & Rice Interiors\"},{\"CustomerID\":\"002169\",\"CompanyName\":\"ENCORE - PELHAM\"},{\"CustomerID\":\"002013\",\"CompanyName\":\"Everlasting LLC\"},{\"CustomerID\":\"002323\",\"CompanyName\":\"FAYETTE DOWNTIME PHARMACY\"},{\"CustomerID\":\"000274\",\"CompanyName\":\"FLOOR DECOR - RESTORATION IMPORTS\"},{\"CustomerID\":\"001216\",\"CompanyName\":\"Fowhand Furniture\"},{\"CustomerID\":\"002112\",\"CompanyName\":\"FOX HILL INTERIORS & DESIGN\"},{\"CustomerID\":\"001894\",\"CompanyName\":\"FREE USE\"},{\"CustomerID\":\"001899\",\"CompanyName\":\"FREE USE\"},{\"CustomerID\":\"000122\",\"CompanyName\":\"GAINESVILLE FLOORING\"},{\"CustomerID\":\"002746\",\"CompanyName\":\"GALLERY FURNITURE - GA FURNITURE SALVAGE\"},{\"CustomerID\":\"000308\",\"CompanyName\":\"GLYNN HENDRICKS INTERIORS\"},{\"CustomerID\":\"002237\",\"CompanyName\":\"GREAT FURNITURE & MATTRESS\"},{\"CustomerID\":\"000327\",\"CompanyName\":\"HALEY\'S FLOORING & INTERIORS ,INC.\"},{\"CustomerID\":\"001469\",\"CompanyName\":\"Holiday Beach Decor\"},{\"CustomerID\":\"001170\",\"CompanyName\":\"Hollis Interior Furn.\"},{\"CustomerID\":\"002434\",\"CompanyName\":\"HUNTERS FURNITURE\"},{\"CustomerID\":\"001160\",\"CompanyName\":\"Interior Merchandising\"},{\"CustomerID\":\"002433\",\"CompanyName\":\"INTERIOR STYLES FURNITURE\"},{\"CustomerID\":\"002154\",\"CompanyName\":\"INTERIORS BY BRANDICE\"},{\"CustomerID\":\"001083\",\"CompanyName\":\"Interiors by Janna LLC\"},{\"CustomerID\":\"002820\",\"CompanyName\":\"ISIDRO DUNBAR MODERN INTERIORS\"},{\"CustomerID\":\"001369\",\"CompanyName\":\"Island Interiors\"},{\"CustomerID\":\"000408\",\"CompanyName\":\"ISSIS & SONS CARPET INC.\"},{\"CustomerID\":\"001773\",\"CompanyName\":\"IT\'S GREEK TO ME\"},{\"CustomerID\":\"000414\",\"CompanyName\":\"J. Millers\"},{\"CustomerID\":\"002606\",\"CompanyName\":\"Jade Patronis\"},{\"CustomerID\":\"001199\",\"CompanyName\":\"James Design Company\"},{\"CustomerID\":\"002753\",\"CompanyName\":\"JEFFREY SEYLLER DESIGN\"},{\"CustomerID\":\"001264\",\"CompanyName\":\"Jesup Furniture Outlet\"},{\"CustomerID\":\"001343\",\"CompanyName\":\"JG Interiors\"},{\"CustomerID\":\"001235\",\"CompanyName\":\"Kellum\'s Furniture\"},{\"CustomerID\":\"001209\",\"CompanyName\":\"KILLOUGH\'S INC\"},{\"CustomerID\":\"002274\",\"CompanyName\":\"LA WATERS FURNITURE\"},{\"CustomerID\":\"001240\",\"CompanyName\":\"Libby Boyden Interior Design\"},{\"CustomerID\":\"001274\",\"CompanyName\":\"Lola\'s on 30A\"},{\"CustomerID\":\"002609\",\"CompanyName\":\"Luanne Kelly Interiors Inc\"},{\"CustomerID\":\"001205\",\"CompanyName\":\"Luna Beach Interiors\"},{\"CustomerID\":\"001145\",\"CompanyName\":\"Luxe Home Interiors\"},{\"CustomerID\":\"001912\",\"CompanyName\":\"Mari-Mel\'s Gift Boutique\"},{\"CustomerID\":\"000496\",\"CompanyName\":\"MARVINS STORE SUPPORT CENTER\"},{\"CustomerID\":\"001424\",\"CompanyName\":\"Melanie Martin Interiors\"},{\"CustomerID\":\"001152\",\"CompanyName\":\"Midtown Rugs\"},{\"CustomerID\":\"001627\",\"CompanyName\":\"Mingle\"},{\"CustomerID\":\"000522\",\"CompanyName\":\"MIZELL FLOOR COVERING & INTERIORS INC.\"},{\"CustomerID\":\"000523\",\"CompanyName\":\"Moda Floors and Interiors\"},{\"CustomerID\":\"002409\",\"CompanyName\":\"MOLLYWOOD IMPORTS\"},{\"CustomerID\":\"001159\",\"CompanyName\":\"Moore\'s Discount Furniture\"},{\"CustomerID\":\"002194\",\"CompanyName\":\"MOORE\'S FURNITURE OUTLET\"},{\"CustomerID\":\"001166\",\"CompanyName\":\"Morrell\'s USA LLC\"},{\"CustomerID\":\"000545\",\"CompanyName\":\"NORTH GEORGIA FLOORS INTERIORS\"},{\"CustomerID\":\"001698\",\"CompanyName\":\"Northbay Mercantile\"},{\"CustomerID\":\"000550\",\"CompanyName\":\"OHCO INC\"},{\"CustomerID\":\"000551\",\"CompanyName\":\"OLD GIN CARPET\"},{\"CustomerID\":\"001366\",\"CompanyName\":\"Opulence Designs\"},{\"CustomerID\":\"002787\",\"CompanyName\":\"PARK PLACE MIDTOWN\"},{\"CustomerID\":\"002837\",\"CompanyName\":\"PC\'S NURSERY & LANDSCAPING\"},{\"CustomerID\":\"002236\",\"CompanyName\":\"PEACHES TO BEACHES\"},{\"CustomerID\":\"001387\",\"CompanyName\":\"Pin it! Gifts & Events\"},{\"CustomerID\":\"001188\",\"CompanyName\":\"Posh Interiors\"},{\"CustomerID\":\"002480\",\"CompanyName\":\"PRIMIS CONSULTING-AMANDA WILLINGHAM INT\"},{\"CustomerID\":\"001121\",\"CompanyName\":\"Quite The Pair\"},{\"CustomerID\":\"001394\",\"CompanyName\":\"Rachel Remington Design\"},{\"CustomerID\":\"001574\",\"CompanyName\":\"Reeves Hardware\"},{\"CustomerID\":\"000586\",\"CompanyName\":\"REFLECTIONS\"},{\"CustomerID\":\"001945\",\"CompanyName\":\"Retail Therapy of Santa Rosa Beach Inc.\"},{\"CustomerID\":\"001146\",\"CompanyName\":\"Risa\'s Interiors\"},{\"CustomerID\":\"000645\",\"CompanyName\":\"RUG ISLAND\"},{\"CustomerID\":\"000651\",\"CompanyName\":\"RUG OUTLET, GA\"},{\"CustomerID\":\"000684\",\"CompanyName\":\"RUSSELL S. LEE FLOORING\"},{\"CustomerID\":\"001316\",\"CompanyName\":\"S2 Project & Design\"},{\"CustomerID\":\"002085\",\"CompanyName\":\"Saltwater Cottage\"},{\"CustomerID\":\"002279\",\"CompanyName\":\"SERENITY AT DUNE ALLEN\"},{\"CustomerID\":\"002180\",\"CompanyName\":\"SHARP CARPET & CERAMIC TILE\"},{\"CustomerID\":\"000716\",\"CompanyName\":\"SHARP CARPET & CERAMIC TILE, INC\"},{\"CustomerID\":\"001265\",\"CompanyName\":\"Sherry\'s Honey Pot Fabric & More\"},{\"CustomerID\":\"002529\",\"CompanyName\":\"SMITH DESIGNS - SPLENDID TREATMENTS\"},{\"CustomerID\":\"001281\",\"CompanyName\":\"Something Special\"},{\"CustomerID\":\"002729\",\"CompanyName\":\"STASH DECOR WAREHOUSE\"},{\"CustomerID\":\"002171\",\"CompanyName\":\"STOCK & TRADE - ATLANTA\"},{\"CustomerID\":\"002173\",\"CompanyName\":\"STOCK & TRADE - HOMEWOOD\"},{\"CustomerID\":\"001224\",\"CompanyName\":\"STOCK & TRADE - SANTA ROSA BEACH\"},{\"CustomerID\":\"002172\",\"CompanyName\":\"STOCK & TRADE - SPANISH FORT\"},{\"CustomerID\":\"002119\",\"CompanyName\":\"STODDARD HOUSE INTERIORS\"},{\"CustomerID\":\"001217\",\"CompanyName\":\"Suz-Annz Furniture And Design\"},{\"CustomerID\":\"001218\",\"CompanyName\":\"Sweat Furniture, Inc.\"},{\"CustomerID\":\"001951\",\"CompanyName\":\"Tallahassee Memorial G\\/S\"},{\"CustomerID\":\"001156\",\"CompanyName\":\"Taylor House Int\"},{\"CustomerID\":\"002145\",\"CompanyName\":\"THE GIE GALLERY\"},{\"CustomerID\":\"000814\",\"CompanyName\":\"THE MILL STORE\"},{\"CustomerID\":\"001553\",\"CompanyName\":\"The Philanthropic Seed\"},{\"CustomerID\":\"000819\",\"CompanyName\":\"The Remnant Shop\"},{\"CustomerID\":\"000839\",\"CompanyName\":\"The Rug Shoppe\"},{\"CustomerID\":\"001165\",\"CompanyName\":\"The Tamarind Group\"},{\"CustomerID\":\"001478\",\"CompanyName\":\"The Warehouse - STATESBORO\"},{\"CustomerID\":\"001141\",\"CompanyName\":\"TOWN & COUNTRY\"},{\"CustomerID\":\"002825\",\"CompanyName\":\"TRIFECTA HOME FURNITURE\"},{\"CustomerID\":\"002272\",\"CompanyName\":\"TURNER\'S DISTRIBUTION CENTER\"},{\"CustomerID\":\"002564\",\"CompanyName\":\"Urban Hardware\"},{\"CustomerID\":\"000944\",\"CompanyName\":\"Weezie\'s Cottage & Home\"},{\"CustomerID\":\"001139\",\"CompanyName\":\"White Interiors\"}]}','s:81:\"{\"freight-percentage\":{\"000158\":\"15\"},\"cost-type\":\"msrp\",\"msrp-multiplier\":\"1.5\"}\";',1,NULL,'2022-12-14 10:15:09',NULL),(20,'$2y$10$QJXlvcIn3rY4PYUsuSrKwehslDWK.Awp7EV3xiRZHrHDuc1HQbAS.','000836','',NULL,NULL,'The Rug Rack','',NULL,'','','','','','','',1,0,'customer','{\"Customers\":[]}',NULL,1,NULL,'2022-08-19 20:20:00',NULL),(21,'$2y$10$CO/7lPdF04GTcRQ4yZdpJOyUjfVwQI/B99qdTLQqeiOtSpoJI2DvG','B2BTES','',NULL,NULL,'B2B','TEST','testing.demo.as@gmail.com','','','','','','','',1,0,'customer','{\"Customers\":[]}','s:82:\"{\"freight-percentage\":{\"B2BTES\":\"20\"},\"cost-type\":\"my-cost\",\"msrp-multiplier\":\"2\"}\";',1,NULL,'2022-10-19 21:29:50',NULL),(22,'$2y$10$T2tDfaMol/DJ74SgcMaKEeZa9YrAGg.44mLZQslj3iCV58QXcth4m','TEST01','',NULL,NULL,'TEST01','',NULL,'','','','','','','',0,1,'customer','{\"Customers\":[]}',NULL,1,NULL,'2022-12-19 06:22:57',NULL),(23,'$2y$10$b4hqJstpU8K0Dn5qFNMfXelLlKIWZf06h8qZihrZjO02o8RnSI7tG','002272','',NULL,NULL,'002272','',NULL,'','','','','','','',1,0,'customer','{\"Customers\":[]}',NULL,1,NULL,NULL,NULL),(24,'$2y$10$jOP8JNB3C1D3M0EYmZ4hQe9MI.vXvp4Ywt0Dkzur8/oNHeXpUn9.2','002836','',NULL,NULL,'002836','',NULL,'','','','','','','',1,0,'customer','{\"Customers\":[]}',NULL,1,NULL,'2022-12-19 06:23:45',NULL),(25,'$2y$10$bcx32BLHZEg.3kqWFYlnZu8B5VZatR34OmG1ClYUMmBWs031ws8RK','TEST02','',NULL,NULL,'TEST02','',NULL,'','','','','','','',1,0,'customer','{\"Customers\":[]}',NULL,1,NULL,NULL,NULL),(26,'$2y$10$GmgnUsVQ/nq6aHAmNxFrK.W7ZDByJQvxTvi18fJgv/aeU0F023dqu','TESTCU','',NULL,NULL,'Jonathan','Benavidez','jerthuin@lrhome.us','LR Home','','','','','','',1,0,'customer','{\"Customers\":[]}','s:243:\"{\"_token\":\"e8A1PCQRZwcg2dlfiaM7sFMcNF6maWKPYl8LlQv7\",\"form-type\":\"profile\",\"firstname\":\"Jonathan\",\"lastname\":\"Benavidez\",\"email\":\"jerthuin@lrhome.us\",\"company\":\"LR Home\",\"phone\":null,\"street_address\":null,\"postal_code\":null,\"description\":null}\";',1,NULL,'2022-12-19 10:38:35',NULL),(27,'$2y$10$5iDUkdYcTcTHWA0jwD0LNugx7ODPquH483Th7pz1neQBTd.S8njtu','TEST03','',NULL,NULL,'TEST03','',NULL,'','','','','','','',1,0,'customer','{\"Customers\":[]}',NULL,1,NULL,'2022-12-15 21:46:20',NULL),(28,'$2y$10$5/4ljW4UF5E/GG4L0G8kRONqnEqKu5nZgHgETLWajPk0pM0J9minG','002168','',NULL,NULL,'FIRST CLASS','CONSIGNMENT/DBA',NULL,'','','','','','','',1,0,'customer','{\"Customers\":[]}',NULL,1,NULL,NULL,NULL);
/*!40000 ALTER TABLE `users` ENABLE KEYS */;
UNLOCK TABLES;
/*!40103 SET TIME_ZONE=@OLD_TIME_ZONE */;

/*!40101 SET SQL_MODE=@OLD_SQL_MODE */;
/*!40014 SET FOREIGN_KEY_CHECKS=@OLD_FOREIGN_KEY_CHECKS */;
/*!40014 SET UNIQUE_CHECKS=@OLD_UNIQUE_CHECKS */;
/*!40101 SET CHARACTER_SET_CLIENT=@OLD_CHARACTER_SET_CLIENT */;
/*!40101 SET CHARACTER_SET_RESULTS=@OLD_CHARACTER_SET_RESULTS */;
/*!40101 SET COLLATION_CONNECTION=@OLD_COLLATION_CONNECTION */;
/*!40111 SET SQL_NOTES=@OLD_SQL_NOTES */;

-- Dump completed on 2023-11-24  8:16:00
